Date,Day,Is_Holiday,Holiday_Name,Holiday_Category,Events_Count,Event_Good_Count,Event_Bad_Count,Event_Sentiment,Event_Texts,Event_Links
1995-01-01,Sunday,False,,,3,0,0,neutral,"The World Trade Organization comes into being. || The Draupner wave in the North Sea in Norway is detected, confirming the existence of freak waves. || Austria, Finland and Sweden join the EU.",https://en.wikipedia.org/wiki/World_Trade_Organization || https://en.wikipedia.org/wiki/Draupner_wave || https://en.wikipedia.org/wiki/Austria
1995-01-02,Monday,False,,,1,0,1,bad,"51 people are killed in a plane crash in María La Baja, Colombia.",https://en.wikipedia.org/wiki/Intercontinental_de_Aviaci%C3%B3n_Flight_256
1995-01-03,Tuesday,False,,,0,0,0,neutral,,
1995-01-04,Wednesday,False,,,0,0,0,neutral,,
1995-01-05,Thursday,False,,,0,0,0,neutral,,
1995-01-06,Friday,False,,,0,0,0,neutral,,
1995-01-07,Saturday,False,,,1,0,1,bad,"A chemical fire in an apartment complex in Manila, Philippines, leads to the discovery of plans for Project Bojinka, a mass-terrorist attack.",https://en.wikipedia.org/wiki/Manila
1995-01-08,Sunday,False,,,0,0,0,neutral,,
1995-01-09,Monday,False,,,0,0,0,neutral,,
1995-01-10,Tuesday,False,,,0,0,0,neutral,,
1995-01-11,Wednesday,False,,,1,0,1,bad,"The 6.9 Mw  Great Hanshin earthquake shakes the southern Hyōgo Prefecture with a maximum Shindo of 7, leaving 5,502–6,434 people dead, and 251,301–310,000 displaced.",https://en.wikipedia.org/wiki/Kobe_earthquake
1995-01-12,Thursday,False,,,0,0,0,neutral,,
1995-01-13,Friday,False,,,0,0,0,neutral,,
1995-01-14,Saturday,False,,,0,0,0,neutral,,
1995-01-15,Sunday,False,,,0,0,0,neutral,,
1995-01-16,Monday,False,,,0,0,0,neutral,,
1995-01-17,Tuesday,False,,,1,0,1,bad,"An avalanche hits the Icelandic village Súðavík, destroying 25 homes and burying 26 people, 14 of whom died.",https://en.wikipedia.org/wiki/1995_S%C3%BA%C3%B0av%C3%ADk_avalanche
1995-01-18,Wednesday,False,,,0,0,0,neutral,,
1995-01-19,Thursday,False,,,1,1,0,good,After being struck by lightning the crew of Bristow Helicopters Flight 56C are forced to ditch. All 18 aboard are later rescued.,https://en.wikipedia.org/wiki/Bristow_Helicopters_Flight_56C
1995-01-20,Friday,False,,,0,0,0,neutral,,
1995-01-21,Saturday,False,,,0,0,0,neutral,,
1995-01-22,Sunday,False,,,1,0,1,bad,"Israeli–Palestinian conflict: Beit Lid suicide bombing: In central Israel, near Netanya, two Gazans blow themselves up at a military transit point, killing 19 Israeli soldiers.",https://en.wikipedia.org/wiki/Israeli%E2%80%93Palestinian_conflict
1995-01-23,Monday,False,,,0,0,0,neutral,,
1995-01-24,Tuesday,False,,,0,0,0,neutral,,
1995-01-25,Wednesday,False,,,1,0,1,bad,"The Norwegian rocket incident: Russia almost launches a nuclear attack after it mistakes Black Brant XII, a Norwegian research rocket, for a US Trident missile.",https://en.wikipedia.org/wiki/Norwegian_rocket_incident
1995-01-26,Thursday,True,Republic Day,general,0,0,0,neutral,,
1995-01-27,Friday,False,,,0,0,0,neutral,,
1995-01-28,Saturday,False,,,0,0,0,neutral,,
1995-01-29,Sunday,False,,,0,0,0,neutral,,
1995-01-30,Monday,False,,,1,1,0,good,Hydroxycarbamide becomes the first approved preventive treatment for sickle cell disease.,https://en.wikipedia.org/wiki/Hydroxycarbamide
1995-01-31,Tuesday,False,,,0,0,0,neutral,,
1995-02-01,Wednesday,False,,,0,0,0,neutral,,
1995-02-02,Thursday,False,,,0,0,0,neutral,,
1995-02-03,Friday,False,,,1,1,0,good,Astronaut Eileen Collins becomes the first woman to pilot the Space Shuttle as mission STS-63 gets underway from Kennedy Space Center in Florida.,https://en.wikipedia.org/wiki/Eileen_Collins
1995-02-04,Saturday,False,,,0,0,0,neutral,,
1995-02-05,Sunday,False,,,0,0,0,neutral,,
1995-02-06,Monday,False,,,0,0,0,neutral,,
1995-02-07,Tuesday,False,,,1,0,1,bad,"Ramzi Yousef, the mastermind of the 1993 World Trade Center bombing, is arrested in Islamabad, Pakistan.",https://en.wikipedia.org/wiki/Ramzi_Yousef
1995-02-08,Wednesday,False,,,0,0,0,neutral,,
1995-02-09,Thursday,False,,,0,0,0,neutral,,
1995-02-10,Friday,False,,,0,0,0,neutral,,
1995-02-11,Saturday,False,,,0,0,0,neutral,,
1995-02-12,Sunday,False,,,0,0,0,neutral,,
1995-02-13,Monday,False,,,0,0,0,neutral,,
1995-02-14,Tuesday,False,,,0,0,0,neutral,,
1995-02-15,Wednesday,False,,,0,0,0,neutral,,
1995-02-16,Thursday,False,,,0,0,0,neutral,,
1995-02-17,Friday,False,,,1,0,1,bad,The Cenepa War between Peru and Ecuador ends on a ceasefire brokered by the UN.,https://en.wikipedia.org/wiki/Cenepa_War
1995-02-18,Saturday,False,,,0,0,0,neutral,,
1995-02-19,Sunday,False,,,0,0,0,neutral,,
1995-02-20,Monday,False,,,0,0,0,neutral,,
1995-02-21,Tuesday,False,,,1,1,0,good,"Steve Fossett lands in Leader, Saskatchewan, Canada becoming the first person to make a solo flight across the Pacific Ocean in a balloon.",https://en.wikipedia.org/wiki/Steve_Fossett
1995-02-22,Wednesday,False,,,1,0,0,neutral,"The Corona reconnaissance satellite program, in existence from 1959 to 1972, is declassified.",https://en.wikipedia.org/wiki/CORONA_(satellite)
1995-02-23,Thursday,False,,,0,0,0,neutral,,
1995-02-24,Friday,False,,,0,0,0,neutral,,
1995-02-25,Saturday,False,,,0,0,0,neutral,,
1995-02-26,Sunday,False,,,1,0,1,bad,"The UK's oldest investment banking institute, Barings Bank, collapses after a rogue securities broker Nick Leeson loses $1.4 billion by speculating on the Singapore International Monetary Exchange using futures contracts.",https://en.wikipedia.org/wiki/Barings_Bank
1995-02-27,Monday,False,,,0,0,0,neutral,,
1995-02-28,Tuesday,False,,,0,0,0,neutral,,
1995-03-01,Wednesday,False,,,0,0,0,neutral,,
1995-03-02,Thursday,False,,,0,0,0,neutral,,
1995-03-03,Friday,True,Id-ul-Fitr (estimated),general,2,1,0,good,"Researchers at Fermilab announce the discovery of the top quark. || Space Shuttle Endeavour launches from the Kennedy Space Center on STS-67, carrying the ASTRO-2 spacelab observatory.",https://en.wikipedia.org/wiki/Fermilab || https://en.wikipedia.org/wiki/Space_Shuttle_Endeavour
1995-03-04,Saturday,False,,,0,0,0,neutral,,
1995-03-05,Sunday,False,,,0,0,0,neutral,,
1995-03-06,Monday,False,,,0,0,0,neutral,,
1995-03-07,Tuesday,False,,,0,0,0,neutral,,
1995-03-08,Wednesday,False,,,0,0,0,neutral,,
1995-03-09,Thursday,False,,,0,0,0,neutral,,
1995-03-10,Friday,False,,,0,0,0,neutral,,
1995-03-11,Saturday,False,,,0,0,0,neutral,,
1995-03-12,Sunday,False,,,0,0,0,neutral,,
1995-03-13,Monday,False,,,0,0,0,neutral,,
1995-03-14,Tuesday,False,,,1,1,0,good,Norman Thagard becomes the first American astronaut to ride to space on board a Russian launch vehicle.,https://en.wikipedia.org/wiki/Norman_Thagard
1995-03-15,Wednesday,False,,,0,0,0,neutral,,
1995-03-16,Thursday,False,,,1,0,0,neutral,"Mississippi formally ratifies the Thirteenth Amendment to the United States Constitution, becoming the last state to approve the abolition of slavery. The Thirteenth Amendment was officially ratified in 1865.",https://en.wikipedia.org/wiki/Mississippi
1995-03-17,Friday,False,,,0,0,0,neutral,,
1995-03-18,Saturday,False,,,0,0,0,neutral,,
1995-03-19,Sunday,False,,,0,0,0,neutral,,
1995-03-20,Monday,False,,,1,0,1,bad,"The Japanese cult Aum Shinrikyo carries out a sarin gas attack on the Tokyo subway, killing 13 and wounding over 6,200 people.",https://en.wikipedia.org/wiki/Aum_Shinrikyo
1995-03-21,Tuesday,False,,,0,0,0,neutral,,
1995-03-22,Wednesday,False,,,1,1,0,good,Cosmonaut Valeri Polyakov returns to earth after setting a record of 438 days in space.,https://en.wikipedia.org/wiki/Astronaut
1995-03-23,Thursday,False,,,0,0,0,neutral,,
1995-03-24,Friday,False,,,0,0,0,neutral,,
1995-03-25,Saturday,False,,,1,0,1,bad,"WikiWikiWeb, the world's first wiki, and part of the Portland Pattern Repository, is made public by Ward Cunningham.",https://en.wikipedia.org/wiki/WikiWikiWeb
1995-03-26,Sunday,False,,,0,0,0,neutral,,
1995-03-27,Monday,False,,,0,0,0,neutral,,
1995-03-28,Tuesday,False,,,0,0,0,neutral,,
1995-03-29,Wednesday,False,,,0,0,0,neutral,,
1995-03-30,Thursday,False,,,0,0,0,neutral,,
1995-03-31,Friday,False,,,0,0,0,neutral,,
1995-04-01,Saturday,False,,,0,0,0,neutral,,
1995-04-02,Sunday,False,,,2,0,2,bad,"Selena is murdered by her fan club president Yolanda Saldívar at a Days Inn in Corpus Christi, Texas. || TAROM Flight 371, an Airbus A310-300, crashes near Balotesti, Romania, killing all 60 people on board.",https://en.wikipedia.org/wiki/Selena || https://en.wikipedia.org/wiki/TAROM_Flight_371
1995-04-03,Monday,False,,,0,0,0,neutral,,
1995-04-04,Tuesday,False,,,0,0,0,neutral,,
1995-04-05,Wednesday,False,,,0,0,0,neutral,,
1995-04-06,Thursday,False,,,0,0,0,neutral,,
1995-04-07,Friday,False,,,1,0,1,bad,"First Chechen War: Russian paramilitary troops begin a massacre of civilians in Samashki, Chechnya.",https://en.wikipedia.org/wiki/First_Chechen_War
1995-04-08,Saturday,False,,,0,0,0,neutral,,
1995-04-09,Sunday,False,,,0,0,0,neutral,,
1995-04-10,Monday,False,,,0,0,0,neutral,,
1995-04-11,Tuesday,False,,,0,0,0,neutral,,
1995-04-12,Wednesday,False,,,0,0,0,neutral,,
1995-04-13,Thursday,False,,,0,0,0,neutral,,
1995-04-14,Friday,True,Good Friday,christian,0,0,0,neutral,,
1995-04-15,Saturday,False,,,0,0,0,neutral,,
1995-04-16,Sunday,False,,,0,0,0,neutral,,
1995-04-17,Monday,False,,,0,0,0,neutral,,
1995-04-18,Tuesday,False,,,0,0,0,neutral,,
1995-04-19,Wednesday,False,,,1,0,1,bad,"Oklahoma City bombing: The Alfred P. Murrah Federal Building in Oklahoma City, US, is bombed, killing 168 people including 19 children under the age of six.",https://en.wikipedia.org/wiki/Oklahoma_City_bombing
1995-04-20,Thursday,False,,,0,0,0,neutral,,
1995-04-21,Friday,False,,,0,0,0,neutral,,
1995-04-22,Saturday,False,,,0,0,0,neutral,,
1995-04-23,Sunday,False,,,0,0,0,neutral,,
1995-04-24,Monday,False,,,0,0,0,neutral,,
1995-04-25,Tuesday,False,,,0,0,0,neutral,,
1995-04-26,Wednesday,False,,,0,0,0,neutral,,
1995-04-27,Thursday,False,,,0,0,0,neutral,,
1995-04-28,Friday,False,,,0,0,0,neutral,,
1995-04-29,Saturday,False,,,0,0,0,neutral,,
1995-04-30,Sunday,False,,,0,0,0,neutral,,
1995-05-01,Monday,False,,,0,0,0,neutral,,
1995-05-02,Tuesday,False,,,1,0,1,bad,"During the Croatian War of Independence, the Army of the Republic of Serb Krajina fires cluster bombs at Zagreb, killing seven and wounding over 175 civilians.",https://en.wikipedia.org/wiki/Croatian_War_of_Independence
1995-05-03,Wednesday,False,,,0,0,0,neutral,,
1995-05-04,Thursday,False,,,0,0,0,neutral,,
1995-05-05,Friday,False,,,0,0,0,neutral,,
1995-05-06,Saturday,False,,,0,0,0,neutral,,
1995-05-07,Sunday,False,,,0,0,0,neutral,,
1995-05-08,Monday,False,,,0,0,0,neutral,,
1995-05-09,Tuesday,False,,,0,0,0,neutral,,
1995-05-10,Wednesday,True,Bakrid (estimated),muslim,0,0,0,neutral,,
1995-05-11,Thursday,False,,,0,0,0,neutral,,
1995-05-12,Friday,False,,,0,0,0,neutral,,
1995-05-13,Saturday,False,,,0,0,0,neutral,,
1995-05-14,Sunday,False,,,0,0,0,neutral,,
1995-05-15,Monday,False,,,0,0,0,neutral,,
1995-05-16,Tuesday,False,,,0,0,0,neutral,,
1995-05-17,Wednesday,False,,,0,0,0,neutral,,
1995-05-18,Thursday,False,,,0,0,0,neutral,,
1995-05-19,Friday,False,,,0,0,0,neutral,,
1995-05-20,Saturday,False,,,0,0,0,neutral,,
1995-05-21,Sunday,False,,,0,0,0,neutral,,
1995-05-22,Monday,False,,,0,0,0,neutral,,
1995-05-23,Tuesday,False,,,0,0,0,neutral,,
1995-05-24,Wednesday,False,,,0,0,0,neutral,,
1995-05-25,Thursday,False,,,0,0,0,neutral,,
1995-05-26,Friday,False,,,0,0,0,neutral,,
1995-05-27,Saturday,False,,,0,0,0,neutral,,
1995-05-28,Sunday,False,,,0,0,0,neutral,,
1995-05-29,Monday,False,,,0,0,0,neutral,,
1995-05-30,Tuesday,False,,,0,0,0,neutral,,
1995-05-31,Wednesday,False,,,0,0,0,neutral,,
1995-06-01,Thursday,False,,,0,0,0,neutral,,
1995-06-02,Friday,False,,,0,0,0,neutral,,
1995-06-03,Saturday,False,,,0,0,0,neutral,,
1995-06-04,Sunday,False,,,0,0,0,neutral,,
1995-06-05,Monday,False,,,0,0,0,neutral,,
1995-06-06,Tuesday,False,,,0,0,0,neutral,,
1995-06-07,Wednesday,False,,,0,0,0,neutral,,
1995-06-08,Thursday,False,,,0,0,0,neutral,,
1995-06-09,Friday,True,Muharram (estimated),muslim,0,0,0,neutral,,
1995-06-10,Saturday,False,,,0,0,0,neutral,,
1995-06-11,Sunday,False,,,0,0,0,neutral,,
1995-06-12,Monday,False,,,0,0,0,neutral,,
1995-06-13,Tuesday,False,,,0,0,0,neutral,,
1995-06-14,Wednesday,False,,,0,0,0,neutral,,
1995-06-15,Thursday,False,,,0,0,0,neutral,,
1995-06-16,Friday,False,,,0,0,0,neutral,,
1995-06-17,Saturday,False,,,0,0,0,neutral,,
1995-06-18,Sunday,False,,,0,0,0,neutral,,
1995-06-19,Monday,False,,,0,0,0,neutral,,
1995-06-20,Tuesday,False,,,0,0,0,neutral,,
1995-06-21,Wednesday,False,,,0,0,0,neutral,,
1995-06-22,Thursday,False,,,0,0,0,neutral,,
1995-06-23,Friday,False,,,0,0,0,neutral,,
1995-06-24,Saturday,False,,,0,0,0,neutral,,
1995-06-25,Sunday,False,,,0,0,0,neutral,,
1995-06-26,Monday,False,,,0,0,0,neutral,,
1995-06-27,Tuesday,False,,,0,0,0,neutral,,
1995-06-28,Wednesday,False,,,0,0,0,neutral,,
1995-06-29,Thursday,False,,,0,0,0,neutral,,
1995-06-30,Friday,False,,,0,0,0,neutral,,
1995-07-01,Saturday,False,,,0,0,0,neutral,,
1995-07-02,Sunday,False,,,0,0,0,neutral,,
1995-07-03,Monday,False,,,0,0,0,neutral,,
1995-07-04,Tuesday,False,,,0,0,0,neutral,,
1995-07-05,Wednesday,False,,,0,0,0,neutral,,
1995-07-06,Thursday,False,,,0,0,0,neutral,,
1995-07-07,Friday,False,,,0,0,0,neutral,,
1995-07-08,Saturday,False,,,0,0,0,neutral,,
1995-07-09,Sunday,False,,,0,0,0,neutral,,
1995-07-10,Monday,False,,,0,0,0,neutral,,
1995-07-11,Tuesday,False,,,0,0,0,neutral,,
1995-07-12,Wednesday,False,,,0,0,0,neutral,,
1995-07-13,Thursday,False,,,0,0,0,neutral,,
1995-07-14,Friday,False,,,0,0,0,neutral,,
1995-07-15,Saturday,False,,,0,0,0,neutral,,
1995-07-16,Sunday,False,,,0,0,0,neutral,,
1995-07-17,Monday,False,,,0,0,0,neutral,,
1995-07-18,Tuesday,False,,,0,0,0,neutral,,
1995-07-19,Wednesday,False,,,0,0,0,neutral,,
1995-07-20,Thursday,False,,,0,0,0,neutral,,
1995-07-21,Friday,False,,,0,0,0,neutral,,
1995-07-22,Saturday,False,,,0,0,0,neutral,,
1995-07-23,Sunday,False,,,0,0,0,neutral,,
1995-07-24,Monday,False,,,0,0,0,neutral,,
1995-07-25,Tuesday,False,,,0,0,0,neutral,,
1995-07-26,Wednesday,False,,,0,0,0,neutral,,
1995-07-27,Thursday,False,,,0,0,0,neutral,,
1995-07-28,Friday,False,,,0,0,0,neutral,,
1995-07-29,Saturday,False,,,0,0,0,neutral,,
1995-07-30,Sunday,False,,,0,0,0,neutral,,
1995-07-31,Monday,False,,,0,0,0,neutral,,
1995-08-01,Tuesday,False,,,0,0,0,neutral,,
1995-08-02,Wednesday,False,,,0,0,0,neutral,,
1995-08-03,Thursday,False,,,0,0,0,neutral,,
1995-08-04,Friday,False,,,0,0,0,neutral,,
1995-08-05,Saturday,False,,,0,0,0,neutral,,
1995-08-06,Sunday,False,,,0,0,0,neutral,,
1995-08-07,Monday,False,,,0,0,0,neutral,,
1995-08-08,Tuesday,False,,,0,0,0,neutral,,
1995-08-09,Wednesday,True,Milad-un-Nabi (estimated),muslim,0,0,0,neutral,,
1995-08-10,Thursday,False,,,0,0,0,neutral,,
1995-08-11,Friday,False,,,0,0,0,neutral,,
1995-08-12,Saturday,False,,,0,0,0,neutral,,
1995-08-13,Sunday,False,,,0,0,0,neutral,,
1995-08-14,Monday,False,,,0,0,0,neutral,,
1995-08-15,Tuesday,True,Independence Day,general,0,0,0,neutral,,
1995-08-16,Wednesday,False,,,0,0,0,neutral,,
1995-08-17,Thursday,False,,,0,0,0,neutral,,
1995-08-18,Friday,False,,,0,0,0,neutral,,
1995-08-19,Saturday,False,,,0,0,0,neutral,,
1995-08-20,Sunday,False,,,0,0,0,neutral,,
1995-08-21,Monday,False,,,0,0,0,neutral,,
1995-08-22,Tuesday,False,,,0,0,0,neutral,,
1995-08-23,Wednesday,False,,,0,0,0,neutral,,
1995-08-24,Thursday,False,,,0,0,0,neutral,,
1995-08-25,Friday,False,,,0,0,0,neutral,,
1995-08-26,Saturday,False,,,0,0,0,neutral,,
1995-08-27,Sunday,False,,,0,0,0,neutral,,
1995-08-28,Monday,False,,,0,0,0,neutral,,
1995-08-29,Tuesday,False,,,0,0,0,neutral,,
1995-08-30,Wednesday,False,,,0,0,0,neutral,,
1995-08-31,Thursday,False,,,0,0,0,neutral,,
1995-09-01,Friday,False,,,0,0,0,neutral,,
1995-09-02,Saturday,False,,,0,0,0,neutral,,
1995-09-03,Sunday,False,,,0,0,0,neutral,,
1995-09-04,Monday,False,,,0,0,0,neutral,,
1995-09-05,Tuesday,False,,,0,0,0,neutral,,
1995-09-06,Wednesday,False,,,0,0,0,neutral,,
1995-09-07,Thursday,False,,,0,0,0,neutral,,
1995-09-08,Friday,False,,,0,0,0,neutral,,
1995-09-09,Saturday,False,,,0,0,0,neutral,,
1995-09-10,Sunday,False,,,0,0,0,neutral,,
1995-09-11,Monday,False,,,0,0,0,neutral,,
1995-09-12,Tuesday,False,,,0,0,0,neutral,,
1995-09-13,Wednesday,False,,,0,0,0,neutral,,
1995-09-14,Thursday,False,,,0,0,0,neutral,,
1995-09-15,Friday,False,,,0,0,0,neutral,,
1995-09-16,Saturday,False,,,0,0,0,neutral,,
1995-09-17,Sunday,False,,,0,0,0,neutral,,
1995-09-18,Monday,False,,,0,0,0,neutral,,
1995-09-19,Tuesday,False,,,0,0,0,neutral,,
1995-09-20,Wednesday,False,,,0,0,0,neutral,,
1995-09-21,Thursday,False,,,0,0,0,neutral,,
1995-09-22,Friday,False,,,0,0,0,neutral,,
1995-09-23,Saturday,False,,,0,0,0,neutral,,
1995-09-24,Sunday,False,,,0,0,0,neutral,,
1995-09-25,Monday,False,,,0,0,0,neutral,,
1995-09-26,Tuesday,False,,,0,0,0,neutral,,
1995-09-27,Wednesday,False,,,0,0,0,neutral,,
1995-09-28,Thursday,False,,,0,0,0,neutral,,
1995-09-29,Friday,False,,,0,0,0,neutral,,
1995-09-30,Saturday,False,,,0,0,0,neutral,,
1995-10-01,Sunday,False,,,0,0,0,neutral,,
1995-10-02,Monday,True,Gandhi Jayanti,general,0,0,0,neutral,,
1995-10-03,Tuesday,False,,,0,0,0,neutral,,
1995-10-04,Wednesday,False,,,0,0,0,neutral,,
1995-10-05,Thursday,False,,,0,0,0,neutral,,
1995-10-06,Friday,False,,,0,0,0,neutral,,
1995-10-07,Saturday,False,,,0,0,0,neutral,,
1995-10-08,Sunday,False,,,0,0,0,neutral,,
1995-10-09,Monday,False,,,0,0,0,neutral,,
1995-10-10,Tuesday,False,,,0,0,0,neutral,,
1995-10-11,Wednesday,False,,,0,0,0,neutral,,
1995-10-12,Thursday,False,,,0,0,0,neutral,,
1995-10-13,Friday,False,,,0,0,0,neutral,,
1995-10-14,Saturday,False,,,0,0,0,neutral,,
1995-10-15,Sunday,False,,,0,0,0,neutral,,
1995-10-16,Monday,False,,,0,0,0,neutral,,
1995-10-17,Tuesday,False,,,0,0,0,neutral,,
1995-10-18,Wednesday,False,,,0,0,0,neutral,,
1995-10-19,Thursday,False,,,0,0,0,neutral,,
1995-10-20,Friday,False,,,0,0,0,neutral,,
1995-10-21,Saturday,False,,,0,0,0,neutral,,
1995-10-22,Sunday,False,,,0,0,0,neutral,,
1995-10-23,Monday,False,,,0,0,0,neutral,,
1995-10-24,Tuesday,False,,,0,0,0,neutral,,
1995-10-25,Wednesday,False,,,0,0,0,neutral,,
1995-10-26,Thursday,False,,,0,0,0,neutral,,
1995-10-27,Friday,False,,,0,0,0,neutral,,
1995-10-28,Saturday,False,,,0,0,0,neutral,,
1995-10-29,Sunday,False,,,0,0,0,neutral,,
1995-10-30,Monday,False,,,0,0,0,neutral,,
1995-10-31,Tuesday,False,,,0,0,0,neutral,,
1995-11-01,Wednesday,False,,,0,0,0,neutral,,
1995-11-02,Thursday,False,,,0,0,0,neutral,,
1995-11-03,Friday,False,,,0,0,0,neutral,,
1995-11-04,Saturday,False,,,0,0,0,neutral,,
1995-11-05,Sunday,False,,,0,0,0,neutral,,
1995-11-06,Monday,False,,,0,0,0,neutral,,
1995-11-07,Tuesday,False,,,0,0,0,neutral,,
1995-11-08,Wednesday,False,,,0,0,0,neutral,,
1995-11-09,Thursday,False,,,0,0,0,neutral,,
1995-11-10,Friday,False,,,0,0,0,neutral,,
1995-11-11,Saturday,False,,,0,0,0,neutral,,
1995-11-12,Sunday,False,,,0,0,0,neutral,,
1995-11-13,Monday,False,,,0,0,0,neutral,,
1995-11-14,Tuesday,False,,,0,0,0,neutral,,
1995-11-15,Wednesday,False,,,0,0,0,neutral,,
1995-11-16,Thursday,False,,,0,0,0,neutral,,
1995-11-17,Friday,False,,,0,0,0,neutral,,
1995-11-18,Saturday,False,,,0,0,0,neutral,,
1995-11-19,Sunday,False,,,0,0,0,neutral,,
1995-11-20,Monday,False,,,0,0,0,neutral,,
1995-11-21,Tuesday,False,,,0,0,0,neutral,,
1995-11-22,Wednesday,False,,,0,0,0,neutral,,
1995-11-23,Thursday,False,,,0,0,0,neutral,,
1995-11-24,Friday,False,,,0,0,0,neutral,,
1995-11-25,Saturday,False,,,0,0,0,neutral,,
1995-11-26,Sunday,False,,,0,0,0,neutral,,
1995-11-27,Monday,False,,,0,0,0,neutral,,
1995-11-28,Tuesday,False,,,0,0,0,neutral,,
1995-11-29,Wednesday,False,,,0,0,0,neutral,,
1995-11-30,Thursday,False,,,0,0,0,neutral,,
1995-12-01,Friday,False,,,0,0,0,neutral,,
1995-12-02,Saturday,False,,,0,0,0,neutral,,
1995-12-03,Sunday,False,,,0,0,0,neutral,,
1995-12-04,Monday,False,,,0,0,0,neutral,,
1995-12-05,Tuesday,False,,,0,0,0,neutral,,
1995-12-06,Wednesday,False,,,0,0,0,neutral,,
1995-12-07,Thursday,False,,,0,0,0,neutral,,
1995-12-08,Friday,False,,,0,0,0,neutral,,
1995-12-09,Saturday,False,,,0,0,0,neutral,,
1995-12-10,Sunday,False,,,0,0,0,neutral,,
1995-12-11,Monday,False,,,0,0,0,neutral,,
1995-12-12,Tuesday,False,,,0,0,0,neutral,,
1995-12-13,Wednesday,False,,,0,0,0,neutral,,
1995-12-14,Thursday,False,,,0,0,0,neutral,,
1995-12-15,Friday,False,,,0,0,0,neutral,,
1995-12-16,Saturday,False,,,0,0,0,neutral,,
1995-12-17,Sunday,False,,,0,0,0,neutral,,
1995-12-18,Monday,False,,,0,0,0,neutral,,
1995-12-19,Tuesday,False,,,0,0,0,neutral,,
1995-12-20,Wednesday,False,,,0,0,0,neutral,,
1995-12-21,Thursday,False,,,0,0,0,neutral,,
1995-12-22,Friday,False,,,0,0,0,neutral,,
1995-12-23,Saturday,False,,,0,0,0,neutral,,
1995-12-24,Sunday,False,,,0,0,0,neutral,,
1995-12-25,Monday,True,Christmas,christian,0,0,0,neutral,,
1995-12-26,Tuesday,False,,,0,0,0,neutral,,
1995-12-27,Wednesday,False,,,0,0,0,neutral,,
1995-12-28,Thursday,False,,,0,0,0,neutral,,
1995-12-29,Friday,False,,,0,0,0,neutral,,
1995-12-30,Saturday,False,,,0,0,0,neutral,,
1995-12-31,Sunday,False,,,0,0,0,neutral,,
1996-01-01,Monday,False,,,0,0,0,neutral,,
1996-01-02,Tuesday,False,,,1,1,0,good,Space Shuttle program: STS-72 launches from the Kennedy Space Center marking the start of the 74th Space Shuttle mission and the 10th flight of Endeavour.,https://en.wikipedia.org/wiki/Space_Shuttle_program
1996-01-03,Wednesday,False,,,0,0,0,neutral,,
1996-01-04,Thursday,False,,,0,0,0,neutral,,
1996-01-05,Friday,False,,,0,0,0,neutral,,
1996-01-06,Saturday,False,,,0,0,0,neutral,,
1996-01-07,Sunday,False,,,0,0,0,neutral,,
1996-01-08,Monday,False,,,1,0,1,bad,"An Antonov An-32 cargo aircraft crashes into a crowded market in Kinshasa, Zaire, killing up to 223 people on the ground; two of six crew members are also killed.",https://en.wikipedia.org/wiki/Antonov_An-32
1996-01-09,Tuesday,False,,,0,0,0,neutral,,
1996-01-10,Wednesday,False,,,0,0,0,neutral,,
1996-01-11,Thursday,False,,,1,0,0,neutral,The Czech Republic applies for membership in the European Union.,https://en.wikipedia.org/wiki/Czech_Republic
1996-01-12,Friday,False,,,0,0,0,neutral,,
1996-01-13,Saturday,False,,,0,0,0,neutral,,
1996-01-14,Sunday,False,,,0,0,0,neutral,,
1996-01-15,Monday,False,,,1,0,1,bad,"First Chechen War: Chechen separatists launch a raid against the helicopter airfield and later a civilian hospital in the city of Kizlyar in the neighboring Dagestan, which turns into a massive hostage crisis involving thousands of civilians.",https://en.wikipedia.org/wiki/First_Chechen_War
1996-01-16,Tuesday,False,,,0,0,0,neutral,,
1996-01-17,Wednesday,False,,,0,0,0,neutral,,
1996-01-18,Thursday,False,,,0,0,0,neutral,,
1996-01-19,Friday,False,,,1,0,0,neutral,"The barge North Cape oil spill occurs as an engine fire forces the tugboat Scandia ashore on Moonstone Beach in South Kingstown, Rhode Island.",https://en.wikipedia.org/wiki/North_Cape_oil_spill
1996-01-20,Saturday,False,,,0,0,0,neutral,,
1996-01-21,Sunday,False,,,0,0,0,neutral,,
1996-01-22,Monday,False,,,0,0,0,neutral,,
1996-01-23,Tuesday,False,,,0,0,0,neutral,,
1996-01-24,Wednesday,False,,,0,0,0,neutral,,
1996-01-25,Thursday,False,,,1,0,0,neutral,Billy Bailey becomes the last person to be hanged in the United States.,https://en.wikipedia.org/wiki/Billy_Bailey
1996-01-26,Friday,True,Republic Day,general,0,0,0,neutral,,
1996-01-27,Saturday,False,,,2,2,0,good,"In a military coup, Colonel Ibrahim Baré Maïnassara deposes the first democratically elected president of Niger, Mahamane Ousmane. || Germany first observes the International Holocaust Remembrance Day.",https://en.wikipedia.org/wiki/1996_Nigerien_coup_d'%C3%A9tat || https://en.wikipedia.org/wiki/International_Holocaust_Remembrance_Day
1996-01-28,Sunday,False,,,0,0,0,neutral,,
1996-01-29,Monday,False,,,1,0,0,neutral,"President Jacques Chirac announces a ""definitive end"" to French nuclear weapons testing.",https://en.wikipedia.org/wiki/Jacques_Chirac
1996-01-30,Tuesday,False,,,0,0,0,neutral,,
1996-01-31,Wednesday,False,,,1,0,0,neutral,"An explosives-filled truck rams into the gates of the Central Bank of Sri Lanka in Colombo, killing at least 86 people and injuring 1,400.",https://en.wikipedia.org/wiki/Central_Bank_of_Sri_Lanka
1996-02-01,Thursday,False,,,1,0,0,neutral,The Communications Decency Act is passed by the U.S. Congress.,https://en.wikipedia.org/wiki/Communications_Decency_Act
1996-02-02,Friday,False,,,0,0,0,neutral,,
1996-02-03,Saturday,False,,,0,0,0,neutral,,
1996-02-04,Sunday,False,,,0,0,0,neutral,,
1996-02-05,Monday,False,,,0,0,0,neutral,,
1996-02-06,Tuesday,False,,,2,0,2,bad,"Willamette Valley Flood: Floods in the Willamette Valley of Oregon, United States, causes over US$500 million in property damage throughout the Pacific Northwest. || Birgenair Flight 301 crashed off the coast of the Dominican Republic, killing all 189 people on board. This is the deadliest aviation accident involving a Boeing 757.",https://en.wikipedia.org/wiki/Willamette_Valley_flood_of_1996 || https://en.wikipedia.org/wiki/Birgenair_Flight_301
1996-02-07,Wednesday,False,,,0,0,0,neutral,,
1996-02-08,Thursday,False,,,0,0,0,neutral,,
1996-02-09,Friday,False,,,2,1,1,bad,"The Provisional Irish Republican Army declares the end to its 18-month ceasefire and explodes a large bomb in London's Canary Wharf, killing two people. || Copernicium is discovered by Sigurd Hofmann, Victor Ninov et al.",https://en.wikipedia.org/wiki/Provisional_Irish_Republican_Army || https://en.wikipedia.org/wiki/Copernicium
1996-02-10,Saturday,False,,,1,0,1,bad,IBM supercomputer Deep Blue defeats Garry Kasparov in chess for the first time.,https://en.wikipedia.org/wiki/IBM
1996-02-11,Sunday,False,,,0,0,0,neutral,,
1996-02-12,Monday,False,,,0,0,0,neutral,,
1996-02-13,Tuesday,False,,,1,0,1,bad,The Nepalese Civil War is initiated in the Kingdom of Nepal by the Communist Party of Nepal (Maoist-Centre).,https://en.wikipedia.org/wiki/Nepalese_Civil_War
1996-02-14,Wednesday,False,,,0,0,0,neutral,,
1996-02-15,Thursday,False,,,1,0,0,neutral,"A Chicago-bound Amtrak train, the Capitol Limited, collides with a MARC commuter train bound for Washington, D.C., killing 11 people.",https://en.wikipedia.org/wiki/Amtrak
1996-02-16,Friday,False,,,3,0,2,bad,"At the Xichang Satellite Launch Center in China, a Long March 3B rocket, carrying an Intelsat 708, veers off course and crashes into a rural village after liftoff, killing somewhere between six and 100 people. || The Embassy of the United States, Athens, is attacked by an antitank rocket, launched by the Revolutionary Organization 17 November. || then-Prime Minister of Canada Jean Chrétien applied a chokehold to protester Bill Clennett, an incident later named the Shawinigan Handshake.",https://en.wikipedia.org/wiki/Xichang_Satellite_Launch_Center || https://en.wikipedia.org/wiki/Embassy_of_the_United_States%2C_Athens || https://en.wikipedia.org/wiki/Prime_Minister_of_Canada
1996-02-17,Saturday,False,,,3,1,1,bad,"In Philadelphia, world champion Garry Kasparov beats the Deep Blue supercomputer in a chess match. || NASA's Discovery Program begins as the NEAR Shoemaker spacecraft lifts off on the first mission ever to orbit and land on an asteroid, 433 Eros. || The 8.2 Mw  Biak earthquake shakes the Papua province of eastern Indonesia with a maximum Mercalli intensity of VIII (Severe). A large tsunami followed, leaving 166 people dead or missing and 423 injured.",https://en.wikipedia.org/wiki/Philadelphia || https://en.wikipedia.org/wiki/NASA || https://en.wikipedia.org/wiki/1996_Biak_earthquake
1996-02-18,Sunday,False,,,0,0,0,neutral,,
1996-02-19,Monday,False,,,0,0,0,neutral,,
1996-02-20,Tuesday,True,Id-ul-Fitr (estimated),general,0,0,0,neutral,,
1996-02-21,Wednesday,False,,,0,0,0,neutral,,
1996-02-22,Thursday,False,,,0,0,0,neutral,,
1996-02-23,Friday,False,,,0,0,0,neutral,,
1996-02-24,Saturday,False,,,1,1,0,good,Two civilian airplanes operated by the Miami-based group Brothers to the Rescue are shot down in international waters by the Cuban Air Force.,https://en.wikipedia.org/wiki/Miami
1996-02-25,Sunday,False,,,0,0,0,neutral,,
1996-02-26,Monday,False,,,0,0,0,neutral,,
1996-02-27,Tuesday,False,,,0,0,0,neutral,,
1996-02-28,Wednesday,False,,,0,0,0,neutral,,
1996-02-29,Thursday,False,,,1,0,0,neutral,"A derailed train in Weyauwega, Wisconsin (USA) causes the emergency evacuation of 2,300 people for 16 days.",https://en.wikipedia.org/wiki/Weyauwega%2C_Wisconsin%2C_derailment
1996-03-01,Friday,False,,,0,0,0,neutral,,
1996-03-02,Saturday,False,,,0,0,0,neutral,,
1996-03-03,Sunday,False,,,0,0,0,neutral,,
1996-03-04,Monday,False,,,2,0,1,bad,Faucett Perú Flight 251 crashes in the Andes; all 123 passengers and crew are killed. || The Siege of Sarajevo officially ends.,https://en.wikipedia.org/wiki/Faucett_Per%C3%BA_Flight_251 || https://en.wikipedia.org/wiki/Siege_of_Sarajevo
1996-03-05,Tuesday,False,,,0,0,0,neutral,,
1996-03-06,Wednesday,False,,,0,0,0,neutral,,
1996-03-07,Thursday,False,,,0,0,0,neutral,,
1996-03-08,Friday,False,,,0,0,0,neutral,,
1996-03-09,Saturday,False,,,0,0,0,neutral,,
1996-03-10,Sunday,False,,,0,0,0,neutral,,
1996-03-11,Monday,False,,,0,0,0,neutral,,
1996-03-12,Tuesday,False,,,0,0,0,neutral,,
1996-03-13,Wednesday,False,,,1,0,1,bad,"The Dunblane massacre leads to the death of sixteen primary school children and one teacher in Dunblane, Scotland.",https://en.wikipedia.org/wiki/Dunblane_massacre
1996-03-14,Thursday,False,,,0,0,0,neutral,,
1996-03-15,Friday,False,,,0,0,0,neutral,,
1996-03-16,Saturday,False,,,0,0,0,neutral,,
1996-03-17,Sunday,False,,,0,0,0,neutral,,
1996-03-18,Monday,False,,,1,0,0,neutral,"A nightclub fire in Quezon City, Philippines kills 162 people.",https://en.wikipedia.org/wiki/Ozone_Disco_fire
1996-03-19,Tuesday,False,,,0,0,0,neutral,,
1996-03-20,Wednesday,False,,,0,0,0,neutral,,
1996-03-21,Thursday,False,,,0,0,0,neutral,,
1996-03-22,Friday,False,,,1,1,0,good,"NASA's Space Shuttle Atlantis is launched on its 16th mission, STS-76.",https://en.wikipedia.org/wiki/Space_Shuttle_Atlantis
1996-03-23,Saturday,False,,,1,1,0,good,Taiwan holds its first direct elections and chooses Lee Teng-hui as President.,https://en.wikipedia.org/wiki/Taiwan
1996-03-24,Sunday,False,,,0,0,0,neutral,,
1996-03-25,Monday,False,,,1,0,0,neutral,The European Union's Veterinarian Committee bans the export of British beef and its by-products as a result of mad cow disease (Bovine spongiform encephalopathy).,https://en.wikipedia.org/wiki/European_Union
1996-03-26,Tuesday,False,,,0,0,0,neutral,,
1996-03-27,Wednesday,False,,,0,0,0,neutral,,
1996-03-28,Thursday,False,,,0,0,0,neutral,,
1996-03-29,Friday,False,,,0,0,0,neutral,,
1996-03-30,Saturday,False,,,0,0,0,neutral,,
1996-03-31,Sunday,False,,,2,0,2,bad,"Suspected ""Unabomber"" Theodore Kaczynski is captured at his Montana cabin in the United States. || A United States Air Force Boeing T-43 crashes near Dubrovnik Airport in Croatia, killing 35, including Secretary of Commerce Ron Brown.",https://en.wikipedia.org/wiki/Ted_Kaczynski || https://en.wikipedia.org/wiki/United_States_Air_Force
1996-04-01,Monday,False,,,1,0,0,neutral,Comet Hyakutake is imaged by the USA Asteroid Orbiter Near Earth Asteroid Rendezvous.,https://en.wikipedia.org/wiki/Comet_Hyakutake
1996-04-02,Tuesday,False,,,0,0,0,neutral,,
1996-04-03,Wednesday,False,,,0,0,0,neutral,,
1996-04-04,Thursday,False,,,0,0,0,neutral,,
1996-04-05,Friday,True,Good Friday,christian,0,0,0,neutral,,
1996-04-06,Saturday,False,,,0,0,0,neutral,,
1996-04-07,Sunday,False,,,0,0,0,neutral,,
1996-04-08,Monday,False,,,0,0,0,neutral,,
1996-04-09,Tuesday,False,,,0,0,0,neutral,,
1996-04-10,Wednesday,False,,,0,0,0,neutral,,
1996-04-11,Thursday,False,,,0,0,0,neutral,,
1996-04-12,Friday,False,,,0,0,0,neutral,,
1996-04-13,Saturday,False,,,1,0,1,bad,"Two women and four children are killed after Israeli helicopter fired rockets at an ambulance in Mansouri, Lebanon.",https://en.wikipedia.org/wiki/Mansouri_attack
1996-04-14,Sunday,False,,,0,0,0,neutral,,
1996-04-15,Monday,False,,,0,0,0,neutral,,
1996-04-16,Tuesday,False,,,0,0,0,neutral,,
1996-04-17,Wednesday,False,,,1,0,1,bad,"The Israeli military commits the Qana massacre in a deliberate shelling of a United Nations compound near the village of Qana in southern Lebanon, killing 106 Lebanese civilians who were taking shelter there and wounding over 100 more.",https://en.wikipedia.org/wiki/Qana_massacre
1996-04-18,Thursday,False,,,1,0,1,bad,"In the United States, the Antiterrorism and Effective Death Penalty Act of 1996 is passed into law.",https://en.wikipedia.org/wiki/Antiterrorism_and_Effective_Death_Penalty_Act_of_1996
1996-04-19,Friday,False,,,0,0,0,neutral,,
1996-04-20,Saturday,False,,,0,0,0,neutral,,
1996-04-21,Sunday,False,,,0,0,0,neutral,,
1996-04-22,Monday,False,,,0,0,0,neutral,,
1996-04-23,Tuesday,False,,,0,0,0,neutral,,
1996-04-24,Wednesday,False,,,0,0,0,neutral,,
1996-04-25,Thursday,False,,,0,0,0,neutral,,
1996-04-26,Friday,False,,,0,0,0,neutral,,
1996-04-27,Saturday,False,,,2,0,1,bad,"Whitewater controversy: President Bill Clinton gives a 41⁄2 hour videotaped testimony for the defense. || Port Arthur massacre, Tasmania: A gunman, Martin Bryant, opens fire at the Broad Arrow Cafe in Port Arthur, Tasmania, killing 35 people and wounding 23 others.",https://en.wikipedia.org/wiki/Whitewater_controversy || https://en.wikipedia.org/wiki/Port_Arthur_massacre_(Australia)
1996-04-28,Sunday,True,Bakrid (estimated),muslim,0,0,0,neutral,,
1996-04-29,Monday,False,,,0,0,0,neutral,,
1996-04-30,Tuesday,False,,,0,0,0,neutral,,
1996-05-01,Wednesday,False,,,0,0,0,neutral,,
1996-05-02,Thursday,False,,,0,0,0,neutral,,
1996-05-03,Friday,False,,,0,0,0,neutral,,
1996-05-04,Saturday,False,,,0,0,0,neutral,,
1996-05-05,Sunday,False,,,0,0,0,neutral,,
1996-05-06,Monday,False,,,1,0,0,neutral,"The body of former CIA director William Colby is found washed up on a riverbank in southern Maryland, eight days after he disappeared.",https://en.wikipedia.org/wiki/Central_Intelligence_Agency
1996-05-07,Tuesday,False,,,0,0,0,neutral,,
1996-05-08,Wednesday,False,,,0,0,0,neutral,,
1996-05-09,Thursday,False,,,0,0,0,neutral,,
1996-05-10,Friday,False,,,1,0,0,neutral,"A blizzard strikes Mount Everest, killing eight climbers by the next day.",https://en.wikipedia.org/wiki/Mount_Everest
1996-05-11,Saturday,False,,,1,0,1,bad,"After the aircraft's departure from Miami, a fire started by improperly handled chemical oxygen generators in the cargo hold of Atlanta-bound ValuJet Airlines Flight 592 causes the Douglas DC-9 to crash in the Florida Everglades, killing all 110 on board.",https://en.wikipedia.org/wiki/ValuJet_Flight_592
1996-05-12,Sunday,False,,,0,0,0,neutral,,
1996-05-13,Monday,False,,,0,0,0,neutral,,
1996-05-14,Tuesday,False,,,0,0,0,neutral,,
1996-05-15,Wednesday,False,,,0,0,0,neutral,,
1996-05-16,Thursday,False,,,0,0,0,neutral,,
1996-05-17,Friday,False,,,0,0,0,neutral,,
1996-05-18,Saturday,False,,,0,0,0,neutral,,
1996-05-19,Sunday,False,,,0,0,0,neutral,,
1996-05-20,Monday,False,,,0,0,0,neutral,,
1996-05-21,Tuesday,False,,,0,0,0,neutral,,
1996-05-22,Wednesday,False,,,0,0,0,neutral,,
1996-05-23,Thursday,False,,,0,0,0,neutral,,
1996-05-24,Friday,False,,,0,0,0,neutral,,
1996-05-25,Saturday,False,,,0,0,0,neutral,,
1996-05-26,Sunday,False,,,0,0,0,neutral,,
1996-05-27,Monday,False,,,0,0,0,neutral,,
1996-05-28,Tuesday,True,Muharram (estimated),muslim,0,0,0,neutral,,
1996-05-29,Wednesday,False,,,0,0,0,neutral,,
1996-05-30,Thursday,False,,,0,0,0,neutral,,
1996-05-31,Friday,False,,,0,0,0,neutral,,
1996-06-01,Saturday,False,,,0,0,0,neutral,,
1996-06-02,Sunday,False,,,0,0,0,neutral,,
1996-06-03,Monday,False,,,0,0,0,neutral,,
1996-06-04,Tuesday,False,,,0,0,0,neutral,,
1996-06-05,Wednesday,False,,,0,0,0,neutral,,
1996-06-06,Thursday,False,,,0,0,0,neutral,,
1996-06-07,Friday,False,,,0,0,0,neutral,,
1996-06-08,Saturday,False,,,0,0,0,neutral,,
1996-06-09,Sunday,False,,,0,0,0,neutral,,
1996-06-10,Monday,False,,,0,0,0,neutral,,
1996-06-11,Tuesday,False,,,0,0,0,neutral,,
1996-06-12,Wednesday,False,,,0,0,0,neutral,,
1996-06-13,Thursday,False,,,0,0,0,neutral,,
1996-06-14,Friday,False,,,0,0,0,neutral,,
1996-06-15,Saturday,False,,,0,0,0,neutral,,
1996-06-16,Sunday,False,,,0,0,0,neutral,,
1996-06-17,Monday,False,,,0,0,0,neutral,,
1996-06-18,Tuesday,False,,,0,0,0,neutral,,
1996-06-19,Wednesday,False,,,0,0,0,neutral,,
1996-06-20,Thursday,False,,,0,0,0,neutral,,
1996-06-21,Friday,False,,,0,0,0,neutral,,
1996-06-22,Saturday,False,,,0,0,0,neutral,,
1996-06-23,Sunday,False,,,0,0,0,neutral,,
1996-06-24,Monday,False,,,0,0,0,neutral,,
1996-06-25,Tuesday,False,,,0,0,0,neutral,,
1996-06-26,Wednesday,False,,,0,0,0,neutral,,
1996-06-27,Thursday,False,,,0,0,0,neutral,,
1996-06-28,Friday,False,,,0,0,0,neutral,,
1996-06-29,Saturday,False,,,0,0,0,neutral,,
1996-06-30,Sunday,False,,,0,0,0,neutral,,
1996-07-01,Monday,False,,,0,0,0,neutral,,
1996-07-02,Tuesday,False,,,0,0,0,neutral,,
1996-07-03,Wednesday,False,,,0,0,0,neutral,,
1996-07-04,Thursday,False,,,0,0,0,neutral,,
1996-07-05,Friday,False,,,0,0,0,neutral,,
1996-07-06,Saturday,False,,,0,0,0,neutral,,
1996-07-07,Sunday,False,,,0,0,0,neutral,,
1996-07-08,Monday,False,,,0,0,0,neutral,,
1996-07-09,Tuesday,False,,,0,0,0,neutral,,
1996-07-10,Wednesday,False,,,0,0,0,neutral,,
1996-07-11,Thursday,False,,,0,0,0,neutral,,
1996-07-12,Friday,False,,,0,0,0,neutral,,
1996-07-13,Saturday,False,,,0,0,0,neutral,,
1996-07-14,Sunday,False,,,0,0,0,neutral,,
1996-07-15,Monday,False,,,0,0,0,neutral,,
1996-07-16,Tuesday,False,,,0,0,0,neutral,,
1996-07-17,Wednesday,False,,,0,0,0,neutral,,
1996-07-18,Thursday,False,,,0,0,0,neutral,,
1996-07-19,Friday,False,,,0,0,0,neutral,,
1996-07-20,Saturday,False,,,0,0,0,neutral,,
1996-07-21,Sunday,False,,,0,0,0,neutral,,
1996-07-22,Monday,False,,,0,0,0,neutral,,
1996-07-23,Tuesday,False,,,0,0,0,neutral,,
1996-07-24,Wednesday,False,,,0,0,0,neutral,,
1996-07-25,Thursday,False,,,0,0,0,neutral,,
1996-07-26,Friday,False,,,0,0,0,neutral,,
1996-07-27,Saturday,False,,,0,0,0,neutral,,
1996-07-28,Sunday,True,Milad-un-Nabi (estimated),muslim,0,0,0,neutral,,
1996-07-29,Monday,False,,,0,0,0,neutral,,
1996-07-30,Tuesday,False,,,0,0,0,neutral,,
1996-07-31,Wednesday,False,,,0,0,0,neutral,,
1996-08-01,Thursday,False,,,0,0,0,neutral,,
1996-08-02,Friday,False,,,0,0,0,neutral,,
1996-08-03,Saturday,False,,,0,0,0,neutral,,
1996-08-04,Sunday,False,,,0,0,0,neutral,,
1996-08-05,Monday,False,,,0,0,0,neutral,,
1996-08-06,Tuesday,False,,,0,0,0,neutral,,
1996-08-07,Wednesday,False,,,0,0,0,neutral,,
1996-08-08,Thursday,False,,,0,0,0,neutral,,
1996-08-09,Friday,False,,,0,0,0,neutral,,
1996-08-10,Saturday,False,,,0,0,0,neutral,,
1996-08-11,Sunday,False,,,0,0,0,neutral,,
1996-08-12,Monday,False,,,0,0,0,neutral,,
1996-08-13,Tuesday,False,,,0,0,0,neutral,,
1996-08-14,Wednesday,False,,,0,0,0,neutral,,
1996-08-15,Thursday,True,Independence Day,general,0,0,0,neutral,,
1996-08-16,Friday,False,,,0,0,0,neutral,,
1996-08-17,Saturday,False,,,0,0,0,neutral,,
1996-08-18,Sunday,False,,,0,0,0,neutral,,
1996-08-19,Monday,False,,,0,0,0,neutral,,
1996-08-20,Tuesday,False,,,0,0,0,neutral,,
1996-08-21,Wednesday,False,,,0,0,0,neutral,,
1996-08-22,Thursday,False,,,0,0,0,neutral,,
1996-08-23,Friday,False,,,0,0,0,neutral,,
1996-08-24,Saturday,False,,,0,0,0,neutral,,
1996-08-25,Sunday,False,,,0,0,0,neutral,,
1996-08-26,Monday,False,,,0,0,0,neutral,,
1996-08-27,Tuesday,False,,,0,0,0,neutral,,
1996-08-28,Wednesday,False,,,0,0,0,neutral,,
1996-08-29,Thursday,False,,,0,0,0,neutral,,
1996-08-30,Friday,False,,,0,0,0,neutral,,
1996-08-31,Saturday,False,,,0,0,0,neutral,,
1996-09-01,Sunday,False,,,0,0,0,neutral,,
1996-09-02,Monday,False,,,0,0,0,neutral,,
1996-09-03,Tuesday,False,,,0,0,0,neutral,,
1996-09-04,Wednesday,False,,,0,0,0,neutral,,
1996-09-05,Thursday,False,,,0,0,0,neutral,,
1996-09-06,Friday,False,,,0,0,0,neutral,,
1996-09-07,Saturday,False,,,0,0,0,neutral,,
1996-09-08,Sunday,False,,,0,0,0,neutral,,
1996-09-09,Monday,False,,,0,0,0,neutral,,
1996-09-10,Tuesday,False,,,0,0,0,neutral,,
1996-09-11,Wednesday,False,,,0,0,0,neutral,,
1996-09-12,Thursday,False,,,0,0,0,neutral,,
1996-09-13,Friday,False,,,0,0,0,neutral,,
1996-09-14,Saturday,False,,,0,0,0,neutral,,
1996-09-15,Sunday,False,,,0,0,0,neutral,,
1996-09-16,Monday,False,,,0,0,0,neutral,,
1996-09-17,Tuesday,False,,,0,0,0,neutral,,
1996-09-18,Wednesday,False,,,0,0,0,neutral,,
1996-09-19,Thursday,False,,,0,0,0,neutral,,
1996-09-20,Friday,False,,,0,0,0,neutral,,
1996-09-21,Saturday,False,,,0,0,0,neutral,,
1996-09-22,Sunday,False,,,0,0,0,neutral,,
1996-09-23,Monday,False,,,0,0,0,neutral,,
1996-09-24,Tuesday,False,,,0,0,0,neutral,,
1996-09-25,Wednesday,False,,,0,0,0,neutral,,
1996-09-26,Thursday,False,,,0,0,0,neutral,,
1996-09-27,Friday,False,,,0,0,0,neutral,,
1996-09-28,Saturday,False,,,0,0,0,neutral,,
1996-09-29,Sunday,False,,,0,0,0,neutral,,
1996-09-30,Monday,False,,,0,0,0,neutral,,
1996-10-01,Tuesday,False,,,0,0,0,neutral,,
1996-10-02,Wednesday,True,Gandhi Jayanti,general,0,0,0,neutral,,
1996-10-03,Thursday,False,,,0,0,0,neutral,,
1996-10-04,Friday,False,,,0,0,0,neutral,,
1996-10-05,Saturday,False,,,0,0,0,neutral,,
1996-10-06,Sunday,False,,,0,0,0,neutral,,
1996-10-07,Monday,False,,,0,0,0,neutral,,
1996-10-08,Tuesday,False,,,0,0,0,neutral,,
1996-10-09,Wednesday,False,,,0,0,0,neutral,,
1996-10-10,Thursday,False,,,0,0,0,neutral,,
1996-10-11,Friday,False,,,0,0,0,neutral,,
1996-10-12,Saturday,False,,,0,0,0,neutral,,
1996-10-13,Sunday,False,,,0,0,0,neutral,,
1996-10-14,Monday,False,,,0,0,0,neutral,,
1996-10-15,Tuesday,False,,,0,0,0,neutral,,
1996-10-16,Wednesday,False,,,0,0,0,neutral,,
1996-10-17,Thursday,False,,,0,0,0,neutral,,
1996-10-18,Friday,False,,,0,0,0,neutral,,
1996-10-19,Saturday,False,,,0,0,0,neutral,,
1996-10-20,Sunday,False,,,0,0,0,neutral,,
1996-10-21,Monday,False,,,0,0,0,neutral,,
1996-10-22,Tuesday,False,,,0,0,0,neutral,,
1996-10-23,Wednesday,False,,,0,0,0,neutral,,
1996-10-24,Thursday,False,,,0,0,0,neutral,,
1996-10-25,Friday,False,,,0,0,0,neutral,,
1996-10-26,Saturday,False,,,0,0,0,neutral,,
1996-10-27,Sunday,False,,,0,0,0,neutral,,
1996-10-28,Monday,False,,,0,0,0,neutral,,
1996-10-29,Tuesday,False,,,0,0,0,neutral,,
1996-10-30,Wednesday,False,,,0,0,0,neutral,,
1996-10-31,Thursday,False,,,0,0,0,neutral,,
1996-11-01,Friday,False,,,0,0,0,neutral,,
1996-11-02,Saturday,False,,,0,0,0,neutral,,
1996-11-03,Sunday,False,,,0,0,0,neutral,,
1996-11-04,Monday,False,,,0,0,0,neutral,,
1996-11-05,Tuesday,False,,,0,0,0,neutral,,
1996-11-06,Wednesday,False,,,0,0,0,neutral,,
1996-11-07,Thursday,False,,,0,0,0,neutral,,
1996-11-08,Friday,False,,,0,0,0,neutral,,
1996-11-09,Saturday,False,,,0,0,0,neutral,,
1996-11-10,Sunday,False,,,0,0,0,neutral,,
1996-11-11,Monday,False,,,0,0,0,neutral,,
1996-11-12,Tuesday,False,,,0,0,0,neutral,,
1996-11-13,Wednesday,False,,,0,0,0,neutral,,
1996-11-14,Thursday,False,,,0,0,0,neutral,,
1996-11-15,Friday,False,,,0,0,0,neutral,,
1996-11-16,Saturday,False,,,0,0,0,neutral,,
1996-11-17,Sunday,False,,,0,0,0,neutral,,
1996-11-18,Monday,False,,,0,0,0,neutral,,
1996-11-19,Tuesday,False,,,0,0,0,neutral,,
1996-11-20,Wednesday,False,,,0,0,0,neutral,,
1996-11-21,Thursday,False,,,0,0,0,neutral,,
1996-11-22,Friday,False,,,0,0,0,neutral,,
1996-11-23,Saturday,False,,,0,0,0,neutral,,
1996-11-24,Sunday,False,,,0,0,0,neutral,,
1996-11-25,Monday,False,,,0,0,0,neutral,,
1996-11-26,Tuesday,False,,,0,0,0,neutral,,
1996-11-27,Wednesday,False,,,0,0,0,neutral,,
1996-11-28,Thursday,False,,,0,0,0,neutral,,
1996-11-29,Friday,False,,,0,0,0,neutral,,
1996-11-30,Saturday,False,,,0,0,0,neutral,,
1996-12-01,Sunday,False,,,0,0,0,neutral,,
1996-12-02,Monday,False,,,0,0,0,neutral,,
1996-12-03,Tuesday,False,,,0,0,0,neutral,,
1996-12-04,Wednesday,False,,,0,0,0,neutral,,
1996-12-05,Thursday,False,,,0,0,0,neutral,,
1996-12-06,Friday,False,,,0,0,0,neutral,,
1996-12-07,Saturday,False,,,0,0,0,neutral,,
1996-12-08,Sunday,False,,,0,0,0,neutral,,
1996-12-09,Monday,False,,,0,0,0,neutral,,
1996-12-10,Tuesday,False,,,0,0,0,neutral,,
1996-12-11,Wednesday,False,,,0,0,0,neutral,,
1996-12-12,Thursday,False,,,0,0,0,neutral,,
1996-12-13,Friday,False,,,0,0,0,neutral,,
1996-12-14,Saturday,False,,,0,0,0,neutral,,
1996-12-15,Sunday,False,,,0,0,0,neutral,,
1996-12-16,Monday,False,,,0,0,0,neutral,,
1996-12-17,Tuesday,False,,,0,0,0,neutral,,
1996-12-18,Wednesday,False,,,0,0,0,neutral,,
1996-12-19,Thursday,False,,,0,0,0,neutral,,
1996-12-20,Friday,False,,,0,0,0,neutral,,
1996-12-21,Saturday,False,,,0,0,0,neutral,,
1996-12-22,Sunday,False,,,0,0,0,neutral,,
1996-12-23,Monday,False,,,0,0,0,neutral,,
1996-12-24,Tuesday,False,,,0,0,0,neutral,,
1996-12-25,Wednesday,True,Christmas,christian,0,0,0,neutral,,
1996-12-26,Thursday,False,,,0,0,0,neutral,,
1996-12-27,Friday,False,,,0,0,0,neutral,,
1996-12-28,Saturday,False,,,0,0,0,neutral,,
1996-12-29,Sunday,False,,,0,0,0,neutral,,
1996-12-30,Monday,False,,,0,0,0,neutral,,
1996-12-31,Tuesday,False,,,0,0,0,neutral,,
1997-01-01,Wednesday,False,,,0,0,0,neutral,,
1997-01-02,Thursday,False,,,0,0,0,neutral,,
1997-01-03,Friday,False,,,0,0,0,neutral,,
1997-01-04,Saturday,False,,,0,0,0,neutral,,
1997-01-05,Sunday,False,,,0,0,0,neutral,,
1997-01-06,Monday,False,,,0,0,0,neutral,,
1997-01-07,Tuesday,False,,,0,0,0,neutral,,
1997-01-08,Wednesday,False,,,0,0,0,neutral,,
1997-01-09,Thursday,False,,,0,0,0,neutral,,
1997-01-10,Friday,False,,,0,0,0,neutral,,
1997-01-11,Saturday,False,,,1,1,0,good,"Cape Canaveral Air Force Station: A Delta II carrying the GPS IIR-1 satellite explodes 13 seconds after launch, dropping 250 tons of burning rocket remains around the launch pad.",https://en.wikipedia.org/wiki/Cape_Canaveral_Space_Force_Station
1997-01-12,Sunday,False,,,1,1,0,good,"Space Shuttle program: Atlantis launches from the Kennedy Space Center on mission STS-81 to the Russian space station Mir, carrying astronaut Jerry M. Linenger for a four-month stay on board the station, replacing astronaut John E. Blaha.",https://en.wikipedia.org/wiki/Space_Shuttle_Atlantis
1997-01-13,Monday,False,,,0,0,0,neutral,,
1997-01-14,Tuesday,False,,,0,0,0,neutral,,
1997-01-15,Wednesday,False,,,1,0,1,bad,"Comair Flight 3272 crashes in Raisinville Township in Monroe County, Michigan, killing 29 people.",https://en.wikipedia.org/wiki/Comair_Flight_3272
1997-01-16,Thursday,False,,,0,0,0,neutral,,
1997-01-17,Friday,False,,,0,0,0,neutral,,
1997-01-18,Saturday,False,,,0,0,0,neutral,,
1997-01-19,Sunday,False,,,1,0,0,neutral,Yasser Arafat returns to Hebron after more than 30 years and joins celebrations over the handover of the last Israeli-controlled West Bank city.,https://en.wikipedia.org/wiki/Yasser_Arafat
1997-01-20,Monday,False,,,0,0,0,neutral,,
1997-01-21,Tuesday,False,,,1,1,0,good,"The U.S. House of Representatives votes 395–28 to reprimand Newt Gingrich for ethics violations, making him the first Speaker of the House to be so disciplined.",https://en.wikipedia.org/wiki/United_States_House_of_Representatives
1997-01-22,Wednesday,False,,,0,0,0,neutral,,
1997-01-23,Thursday,False,,,1,1,0,good,Madeleine Albright becomes the first woman to serve as United States Secretary of State.,https://en.wikipedia.org/wiki/Madeleine_Albright
1997-01-24,Friday,False,,,0,0,0,neutral,,
1997-01-25,Saturday,False,,,0,0,0,neutral,,
1997-01-26,Sunday,True,Republic Day,general,0,0,0,neutral,,
1997-01-27,Monday,False,,,0,0,0,neutral,,
1997-01-28,Tuesday,False,,,0,0,0,neutral,,
1997-01-29,Wednesday,False,,,0,0,0,neutral,,
1997-01-30,Thursday,False,,,0,0,0,neutral,,
1997-01-31,Friday,False,,,0,0,0,neutral,,
1997-02-01,Saturday,False,,,0,0,0,neutral,,
1997-02-02,Sunday,False,,,0,0,0,neutral,,
1997-02-03,Monday,False,,,0,0,0,neutral,,
1997-02-04,Tuesday,False,,,2,0,1,bad,"En route to Lebanon, two Israeli Sikorsky CH-53 troop-transport helicopters collide in mid-air over northern Galilee, Israel, killing 73. || The Bojnurd earthquake measuring Mw  6.5 strikes Iran. With a Mercalli intensity of VIII, it kills at least 88 and damages 173 villages.",https://en.wikipedia.org/wiki/Lebanon || https://en.wikipedia.org/wiki/1997_Bojnurd_earthquake
1997-02-05,Wednesday,False,,,1,0,0,neutral,The so-called Big Three banks in Switzerland announce the creation of a $71 million fund to aid Holocaust survivors and their families.,https://en.wikipedia.org/wiki/Banking_in_Switzerland
1997-02-06,Thursday,False,,,0,0,0,neutral,,
1997-02-07,Friday,False,,,0,0,0,neutral,,
1997-02-08,Saturday,False,,,0,0,0,neutral,,
1997-02-09,Sunday,True,Id-ul-Fitr (estimated),general,0,0,0,neutral,,
1997-02-10,Monday,False,,,0,0,0,neutral,,
1997-02-11,Tuesday,False,,,1,1,0,good,Space Shuttle Discovery is launched on a mission to service the Hubble Space Telescope.,https://en.wikipedia.org/wiki/Space_Shuttle_Discovery
1997-02-12,Wednesday,False,,,0,0,0,neutral,,
1997-02-13,Thursday,False,,,0,0,0,neutral,,
1997-02-14,Friday,False,,,0,0,0,neutral,,
1997-02-15,Saturday,False,,,0,0,0,neutral,,
1997-02-16,Sunday,False,,,0,0,0,neutral,,
1997-02-17,Monday,False,,,0,0,0,neutral,,
1997-02-18,Tuesday,False,,,0,0,0,neutral,,
1997-02-19,Wednesday,False,,,0,0,0,neutral,,
1997-02-20,Thursday,False,,,0,0,0,neutral,,
1997-02-21,Friday,False,,,0,0,0,neutral,,
1997-02-22,Saturday,False,,,1,1,0,good,"In Roslin, Midlothian, British scientists announce that an adult sheep named Dolly has been successfully cloned.",https://en.wikipedia.org/wiki/Roslin%2C_Midlothian
1997-02-23,Sunday,False,,,0,0,0,neutral,,
1997-02-24,Monday,False,,,0,0,0,neutral,,
1997-02-25,Tuesday,False,,,0,0,0,neutral,,
1997-02-26,Wednesday,False,,,0,0,0,neutral,,
1997-02-27,Thursday,False,,,0,0,0,neutral,,
1997-02-28,Friday,False,,,2,0,2,bad,"An earthquake in northern Iran is responsible for about 1,100 deaths. || A Turkish military memorandum resulted in the collapse of the coalition government in Turkey.",https://en.wikipedia.org/wiki/1997_Ardabil_earthquake || https://en.wikipedia.org/wiki/1997_Turkish_military_memorandum
1997-03-01,Saturday,False,,,0,0,0,neutral,,
1997-03-02,Sunday,False,,,0,0,0,neutral,,
1997-03-03,Monday,False,,,0,0,0,neutral,,
1997-03-04,Tuesday,False,,,0,0,0,neutral,,
1997-03-05,Wednesday,False,,,0,0,0,neutral,,
1997-03-06,Thursday,False,,,0,0,0,neutral,,
1997-03-07,Friday,False,,,0,0,0,neutral,,
1997-03-08,Saturday,False,,,0,0,0,neutral,,
1997-03-09,Sunday,False,,,0,0,0,neutral,,
1997-03-10,Monday,False,,,1,0,0,neutral,"Comet Hale–Bopp: Observers in China, Mongolia and eastern Siberia are treated to a rare double feature as an eclipse permits Hale-Bopp to be seen during the day.",https://en.wikipedia.org/wiki/Comet_Hale%E2%80%93Bopp
1997-03-11,Tuesday,False,,,0,0,0,neutral,,
1997-03-12,Wednesday,False,,,0,0,0,neutral,,
1997-03-13,Thursday,False,,,1,0,0,neutral,The Missionaries of Charity choose Sister Nirmala to succeed Mother Teresa as their leader.,https://en.wikipedia.org/wiki/Missionaries_of_Charity
1997-03-14,Friday,False,,,0,0,0,neutral,,
1997-03-15,Saturday,False,,,0,0,0,neutral,,
1997-03-16,Sunday,False,,,0,0,0,neutral,,
1997-03-17,Monday,False,,,0,0,0,neutral,,
1997-03-18,Tuesday,False,,,1,0,1,bad,"The tail of a Russian Antonov An-24 charter plane breaks off while en route to Turkey, causing the plane to crash and killing all 50 people on board.",https://en.wikipedia.org/wiki/Antonov_An-24
1997-03-19,Wednesday,False,,,0,0,0,neutral,,
1997-03-20,Thursday,False,,,0,0,0,neutral,,
1997-03-21,Friday,False,,,0,0,0,neutral,,
1997-03-22,Saturday,False,,,2,0,0,neutral,"Tara Lipinski, aged 14 years and nine months, becomes the youngest women's World Figure Skating Champion. || Comet Hale–Bopp reaches its closest approach to Earth at 1.315 AU.",https://en.wikipedia.org/wiki/Tara_Lipinski || https://en.wikipedia.org/wiki/Comet_Hale%E2%80%93Bopp
1997-03-23,Sunday,False,,,0,0,0,neutral,,
1997-03-24,Monday,False,,,0,0,0,neutral,,
1997-03-25,Tuesday,False,,,0,0,0,neutral,,
1997-03-26,Wednesday,False,,,1,0,0,neutral,Thirty-nine bodies are found in the Heaven's Gate mass suicides.,https://en.wikipedia.org/wiki/Heaven's_Gate_(religious_group)
1997-03-27,Thursday,False,,,0,0,0,neutral,,
1997-03-28,Friday,True,Good Friday,christian,0,0,0,neutral,,
1997-03-29,Saturday,False,,,0,0,0,neutral,,
1997-03-30,Sunday,False,,,0,0,0,neutral,,
1997-03-31,Monday,False,,,1,0,1,bad,The Thalit massacre begins in Algeria; all but one of the 53 inhabitants of Thalit are killed by guerrillas.,https://en.wikipedia.org/wiki/Thalit_massacre
1997-04-01,Tuesday,False,,,1,1,0,good,"Space Shuttle program: Space Shuttle Columbia is launched on STS-83. However, the mission is later cut short due to a fuel cell problem.",https://en.wikipedia.org/wiki/Space_Shuttle_Columbia
1997-04-02,Wednesday,False,,,0,0,0,neutral,,
1997-04-03,Thursday,False,,,1,0,0,neutral,Comet Hale–Bopp is seen passing at perihelion.,https://en.wikipedia.org/wiki/Comet_Hale%E2%80%93Bopp
1997-04-04,Friday,False,,,0,0,0,neutral,,
1997-04-05,Saturday,False,,,0,0,0,neutral,,
1997-04-06,Sunday,False,,,1,0,1,bad,"In Greene County, Tennessee, the Lillelid murders occur.",https://en.wikipedia.org/wiki/Lillelid_murders
1997-04-07,Monday,False,,,0,0,0,neutral,,
1997-04-08,Tuesday,False,,,0,0,0,neutral,,
1997-04-09,Wednesday,False,,,0,0,0,neutral,,
1997-04-10,Thursday,False,,,0,0,0,neutral,,
1997-04-11,Friday,False,,,0,0,0,neutral,,
1997-04-12,Saturday,False,,,0,0,0,neutral,,
1997-04-13,Sunday,False,,,1,0,0,neutral,Tiger Woods becomes the youngest golfer to win the Masters Tournament.,https://en.wikipedia.org/wiki/Tiger_Woods
1997-04-14,Monday,False,,,1,0,1,bad,"Pai Hsiao-yen, daughter of Taiwanese artiste Pai Bing-bing is kidnapped on her way to school, preceding her murder.",https://en.wikipedia.org/wiki/Murder_of_Pai_Hsiao-yen
1997-04-15,Tuesday,False,,,0,0,0,neutral,,
1997-04-16,Wednesday,False,,,0,0,0,neutral,,
1997-04-17,Thursday,False,,,0,0,0,neutral,,
1997-04-18,Friday,True,Bakrid (estimated),muslim,0,0,0,neutral,,
1997-04-19,Saturday,False,,,0,0,0,neutral,,
1997-04-20,Sunday,False,,,0,0,0,neutral,,
1997-04-21,Monday,False,,,0,0,0,neutral,,
1997-04-22,Tuesday,False,,,0,0,0,neutral,,
1997-04-23,Wednesday,False,,,0,0,0,neutral,,
1997-04-24,Thursday,False,,,0,0,0,neutral,,
1997-04-25,Friday,False,,,0,0,0,neutral,,
1997-04-26,Saturday,False,,,0,0,0,neutral,,
1997-04-27,Sunday,False,,,0,0,0,neutral,,
1997-04-28,Monday,False,,,0,0,0,neutral,,
1997-04-29,Tuesday,False,,,1,0,0,neutral,"The Chemical Weapons Convention of 1993 enters into force, outlawing the production, stockpiling and use of chemical weapons by its signatories.",https://en.wikipedia.org/wiki/Chemical_Weapons_Convention
1997-04-30,Wednesday,False,,,0,0,0,neutral,,
1997-05-01,Thursday,False,,,1,0,0,neutral,Labour Party wins the 1997 General Election and Tony Blair is elected as Prime Minister,https://en.wikipedia.org/wiki/1997_United_Kingdom_general_election
1997-05-02,Friday,False,,,0,0,0,neutral,,
1997-05-03,Saturday,False,,,0,0,0,neutral,,
1997-05-04,Sunday,False,,,0,0,0,neutral,,
1997-05-05,Monday,False,,,0,0,0,neutral,,
1997-05-06,Tuesday,False,,,1,1,0,good,"The Bank of England is given independence from political control, the most significant change in the bank's 300-year history.",https://en.wikipedia.org/wiki/Bank_of_England
1997-05-07,Wednesday,False,,,0,0,0,neutral,,
1997-05-08,Thursday,False,,,1,0,1,bad,"China Southern Airlines Flight 3456 crashes on approach into Bao'an International Airport, killing 35 people.",https://en.wikipedia.org/wiki/China_Southern_Airlines_Flight_3456
1997-05-09,Friday,False,,,0,0,0,neutral,,
1997-05-10,Saturday,False,,,1,0,1,bad,"The 7.3 Mw Qayen earthquake strikes Iran's Khorasan Province killing 1,567 people.",https://en.wikipedia.org/wiki/Moment_magnitude_scale
1997-05-11,Sunday,False,,,1,0,1,bad,"Deep Blue, a chess-playing supercomputer, defeats Garry Kasparov in the last game of the rematch, becoming the first computer to beat a world-champion chess player in a classic match format.",https://en.wikipedia.org/wiki/Deep_Blue_(chess_computer)
1997-05-12,Monday,False,,,0,0,0,neutral,,
1997-05-13,Tuesday,False,,,0,0,0,neutral,,
1997-05-14,Wednesday,False,,,0,0,0,neutral,,
1997-05-15,Thursday,False,,,0,0,0,neutral,,
1997-05-16,Friday,False,,,0,0,0,neutral,,
1997-05-17,Saturday,True,Muharram (estimated),muslim,0,0,0,neutral,,
1997-05-18,Sunday,False,,,0,0,0,neutral,,
1997-05-19,Monday,False,,,0,0,0,neutral,,
1997-05-20,Tuesday,False,,,0,0,0,neutral,,
1997-05-21,Wednesday,False,,,0,0,0,neutral,,
1997-05-22,Thursday,False,,,0,0,0,neutral,,
1997-05-23,Friday,False,,,0,0,0,neutral,,
1997-05-24,Saturday,False,,,0,0,0,neutral,,
1997-05-25,Sunday,False,,,0,0,0,neutral,,
1997-05-26,Monday,False,,,0,0,0,neutral,,
1997-05-27,Tuesday,False,,,0,0,0,neutral,,
1997-05-28,Wednesday,False,,,0,0,0,neutral,,
1997-05-29,Thursday,False,,,0,0,0,neutral,,
1997-05-30,Friday,False,,,0,0,0,neutral,,
1997-05-31,Saturday,False,,,0,0,0,neutral,,
1997-06-01,Sunday,False,,,0,0,0,neutral,,
1997-06-02,Monday,False,,,0,0,0,neutral,,
1997-06-03,Tuesday,False,,,0,0,0,neutral,,
1997-06-04,Wednesday,False,,,0,0,0,neutral,,
1997-06-05,Thursday,False,,,0,0,0,neutral,,
1997-06-06,Friday,False,,,0,0,0,neutral,,
1997-06-07,Saturday,False,,,0,0,0,neutral,,
1997-06-08,Sunday,False,,,0,0,0,neutral,,
1997-06-09,Monday,False,,,0,0,0,neutral,,
1997-06-10,Tuesday,False,,,0,0,0,neutral,,
1997-06-11,Wednesday,False,,,0,0,0,neutral,,
1997-06-12,Thursday,False,,,0,0,0,neutral,,
1997-06-13,Friday,False,,,0,0,0,neutral,,
1997-06-14,Saturday,False,,,0,0,0,neutral,,
1997-06-15,Sunday,False,,,0,0,0,neutral,,
1997-06-16,Monday,False,,,0,0,0,neutral,,
1997-06-17,Tuesday,False,,,0,0,0,neutral,,
1997-06-18,Wednesday,False,,,0,0,0,neutral,,
1997-06-19,Thursday,False,,,0,0,0,neutral,,
1997-06-20,Friday,False,,,0,0,0,neutral,,
1997-06-21,Saturday,False,,,0,0,0,neutral,,
1997-06-22,Sunday,False,,,0,0,0,neutral,,
1997-06-23,Monday,False,,,0,0,0,neutral,,
1997-06-24,Tuesday,False,,,0,0,0,neutral,,
1997-06-25,Wednesday,False,,,0,0,0,neutral,,
1997-06-26,Thursday,False,,,0,0,0,neutral,,
1997-06-27,Friday,False,,,0,0,0,neutral,,
1997-06-28,Saturday,False,,,0,0,0,neutral,,
1997-06-29,Sunday,False,,,0,0,0,neutral,,
1997-06-30,Monday,False,,,0,0,0,neutral,,
1997-07-01,Tuesday,False,,,0,0,0,neutral,,
1997-07-02,Wednesday,False,,,0,0,0,neutral,,
1997-07-03,Thursday,False,,,0,0,0,neutral,,
1997-07-04,Friday,False,,,0,0,0,neutral,,
1997-07-05,Saturday,False,,,0,0,0,neutral,,
1997-07-06,Sunday,False,,,0,0,0,neutral,,
1997-07-07,Monday,False,,,0,0,0,neutral,,
1997-07-08,Tuesday,False,,,0,0,0,neutral,,
1997-07-09,Wednesday,False,,,0,0,0,neutral,,
1997-07-10,Thursday,False,,,0,0,0,neutral,,
1997-07-11,Friday,False,,,0,0,0,neutral,,
1997-07-12,Saturday,False,,,0,0,0,neutral,,
1997-07-13,Sunday,False,,,0,0,0,neutral,,
1997-07-14,Monday,False,,,0,0,0,neutral,,
1997-07-15,Tuesday,False,,,0,0,0,neutral,,
1997-07-16,Wednesday,False,,,0,0,0,neutral,,
1997-07-17,Thursday,True,Milad-un-Nabi (estimated),muslim,0,0,0,neutral,,
1997-07-18,Friday,False,,,0,0,0,neutral,,
1997-07-19,Saturday,False,,,0,0,0,neutral,,
1997-07-20,Sunday,False,,,0,0,0,neutral,,
1997-07-21,Monday,False,,,0,0,0,neutral,,
1997-07-22,Tuesday,False,,,0,0,0,neutral,,
1997-07-23,Wednesday,False,,,0,0,0,neutral,,
1997-07-24,Thursday,False,,,0,0,0,neutral,,
1997-07-25,Friday,False,,,0,0,0,neutral,,
1997-07-26,Saturday,False,,,0,0,0,neutral,,
1997-07-27,Sunday,False,,,0,0,0,neutral,,
1997-07-28,Monday,False,,,0,0,0,neutral,,
1997-07-29,Tuesday,False,,,0,0,0,neutral,,
1997-07-30,Wednesday,False,,,0,0,0,neutral,,
1997-07-31,Thursday,False,,,0,0,0,neutral,,
1997-08-01,Friday,False,,,0,0,0,neutral,,
1997-08-02,Saturday,False,,,0,0,0,neutral,,
1997-08-03,Sunday,False,,,0,0,0,neutral,,
1997-08-04,Monday,False,,,0,0,0,neutral,,
1997-08-05,Tuesday,False,,,0,0,0,neutral,,
1997-08-06,Wednesday,False,,,0,0,0,neutral,,
1997-08-07,Thursday,False,,,0,0,0,neutral,,
1997-08-08,Friday,False,,,0,0,0,neutral,,
1997-08-09,Saturday,False,,,0,0,0,neutral,,
1997-08-10,Sunday,False,,,0,0,0,neutral,,
1997-08-11,Monday,False,,,0,0,0,neutral,,
1997-08-12,Tuesday,False,,,0,0,0,neutral,,
1997-08-13,Wednesday,False,,,0,0,0,neutral,,
1997-08-14,Thursday,False,,,0,0,0,neutral,,
1997-08-15,Friday,True,Independence Day,general,0,0,0,neutral,,
1997-08-16,Saturday,False,,,0,0,0,neutral,,
1997-08-17,Sunday,False,,,0,0,0,neutral,,
1997-08-18,Monday,False,,,0,0,0,neutral,,
1997-08-19,Tuesday,False,,,0,0,0,neutral,,
1997-08-20,Wednesday,False,,,0,0,0,neutral,,
1997-08-21,Thursday,False,,,0,0,0,neutral,,
1997-08-22,Friday,False,,,0,0,0,neutral,,
1997-08-23,Saturday,False,,,0,0,0,neutral,,
1997-08-24,Sunday,False,,,0,0,0,neutral,,
1997-08-25,Monday,False,,,0,0,0,neutral,,
1997-08-26,Tuesday,False,,,0,0,0,neutral,,
1997-08-27,Wednesday,False,,,0,0,0,neutral,,
1997-08-28,Thursday,False,,,0,0,0,neutral,,
1997-08-29,Friday,False,,,0,0,0,neutral,,
1997-08-30,Saturday,False,,,0,0,0,neutral,,
1997-08-31,Sunday,False,,,0,0,0,neutral,,
1997-09-01,Monday,False,,,0,0,0,neutral,,
1997-09-02,Tuesday,False,,,0,0,0,neutral,,
1997-09-03,Wednesday,False,,,0,0,0,neutral,,
1997-09-04,Thursday,False,,,0,0,0,neutral,,
1997-09-05,Friday,False,,,0,0,0,neutral,,
1997-09-06,Saturday,False,,,0,0,0,neutral,,
1997-09-07,Sunday,False,,,0,0,0,neutral,,
1997-09-08,Monday,False,,,0,0,0,neutral,,
1997-09-09,Tuesday,False,,,0,0,0,neutral,,
1997-09-10,Wednesday,False,,,0,0,0,neutral,,
1997-09-11,Thursday,False,,,0,0,0,neutral,,
1997-09-12,Friday,False,,,0,0,0,neutral,,
1997-09-13,Saturday,False,,,0,0,0,neutral,,
1997-09-14,Sunday,False,,,0,0,0,neutral,,
1997-09-15,Monday,False,,,0,0,0,neutral,,
1997-09-16,Tuesday,False,,,0,0,0,neutral,,
1997-09-17,Wednesday,False,,,0,0,0,neutral,,
1997-09-18,Thursday,False,,,0,0,0,neutral,,
1997-09-19,Friday,False,,,0,0,0,neutral,,
1997-09-20,Saturday,False,,,0,0,0,neutral,,
1997-09-21,Sunday,False,,,0,0,0,neutral,,
1997-09-22,Monday,False,,,0,0,0,neutral,,
1997-09-23,Tuesday,False,,,0,0,0,neutral,,
1997-09-24,Wednesday,False,,,0,0,0,neutral,,
1997-09-25,Thursday,False,,,0,0,0,neutral,,
1997-09-26,Friday,False,,,0,0,0,neutral,,
1997-09-27,Saturday,False,,,0,0,0,neutral,,
1997-09-28,Sunday,False,,,0,0,0,neutral,,
1997-09-29,Monday,False,,,0,0,0,neutral,,
1997-09-30,Tuesday,False,,,0,0,0,neutral,,
1997-10-01,Wednesday,False,,,0,0,0,neutral,,
1997-10-02,Thursday,True,Gandhi Jayanti,general,0,0,0,neutral,,
1997-10-03,Friday,False,,,0,0,0,neutral,,
1997-10-04,Saturday,False,,,0,0,0,neutral,,
1997-10-05,Sunday,False,,,0,0,0,neutral,,
1997-10-06,Monday,False,,,0,0,0,neutral,,
1997-10-07,Tuesday,False,,,0,0,0,neutral,,
1997-10-08,Wednesday,False,,,0,0,0,neutral,,
1997-10-09,Thursday,False,,,0,0,0,neutral,,
1997-10-10,Friday,False,,,0,0,0,neutral,,
1997-10-11,Saturday,False,,,0,0,0,neutral,,
1997-10-12,Sunday,False,,,0,0,0,neutral,,
1997-10-13,Monday,False,,,0,0,0,neutral,,
1997-10-14,Tuesday,False,,,0,0,0,neutral,,
1997-10-15,Wednesday,False,,,0,0,0,neutral,,
1997-10-16,Thursday,False,,,0,0,0,neutral,,
1997-10-17,Friday,False,,,0,0,0,neutral,,
1997-10-18,Saturday,False,,,0,0,0,neutral,,
1997-10-19,Sunday,False,,,0,0,0,neutral,,
1997-10-20,Monday,False,,,0,0,0,neutral,,
1997-10-21,Tuesday,False,,,0,0,0,neutral,,
1997-10-22,Wednesday,False,,,0,0,0,neutral,,
1997-10-23,Thursday,False,,,0,0,0,neutral,,
1997-10-24,Friday,False,,,0,0,0,neutral,,
1997-10-25,Saturday,False,,,0,0,0,neutral,,
1997-10-26,Sunday,False,,,0,0,0,neutral,,
1997-10-27,Monday,False,,,0,0,0,neutral,,
1997-10-28,Tuesday,False,,,0,0,0,neutral,,
1997-10-29,Wednesday,False,,,0,0,0,neutral,,
1997-10-30,Thursday,False,,,0,0,0,neutral,,
1997-10-31,Friday,False,,,0,0,0,neutral,,
1997-11-01,Saturday,False,,,0,0,0,neutral,,
1997-11-02,Sunday,False,,,0,0,0,neutral,,
1997-11-03,Monday,False,,,0,0,0,neutral,,
1997-11-04,Tuesday,False,,,0,0,0,neutral,,
1997-11-05,Wednesday,False,,,0,0,0,neutral,,
1997-11-06,Thursday,False,,,0,0,0,neutral,,
1997-11-07,Friday,False,,,0,0,0,neutral,,
1997-11-08,Saturday,False,,,0,0,0,neutral,,
1997-11-09,Sunday,False,,,0,0,0,neutral,,
1997-11-10,Monday,False,,,0,0,0,neutral,,
1997-11-11,Tuesday,False,,,0,0,0,neutral,,
1997-11-12,Wednesday,False,,,0,0,0,neutral,,
1997-11-13,Thursday,False,,,0,0,0,neutral,,
1997-11-14,Friday,False,,,0,0,0,neutral,,
1997-11-15,Saturday,False,,,0,0,0,neutral,,
1997-11-16,Sunday,False,,,0,0,0,neutral,,
1997-11-17,Monday,False,,,0,0,0,neutral,,
1997-11-18,Tuesday,False,,,0,0,0,neutral,,
1997-11-19,Wednesday,False,,,0,0,0,neutral,,
1997-11-20,Thursday,False,,,0,0,0,neutral,,
1997-11-21,Friday,False,,,0,0,0,neutral,,
1997-11-22,Saturday,False,,,0,0,0,neutral,,
1997-11-23,Sunday,False,,,0,0,0,neutral,,
1997-11-24,Monday,False,,,0,0,0,neutral,,
1997-11-25,Tuesday,False,,,0,0,0,neutral,,
1997-11-26,Wednesday,False,,,0,0,0,neutral,,
1997-11-27,Thursday,False,,,0,0,0,neutral,,
1997-11-28,Friday,False,,,0,0,0,neutral,,
1997-11-29,Saturday,False,,,0,0,0,neutral,,
1997-11-30,Sunday,False,,,0,0,0,neutral,,
1997-12-01,Monday,False,,,0,0,0,neutral,,
1997-12-02,Tuesday,False,,,0,0,0,neutral,,
1997-12-03,Wednesday,False,,,0,0,0,neutral,,
1997-12-04,Thursday,False,,,0,0,0,neutral,,
1997-12-05,Friday,False,,,0,0,0,neutral,,
1997-12-06,Saturday,False,,,0,0,0,neutral,,
1997-12-07,Sunday,False,,,0,0,0,neutral,,
1997-12-08,Monday,False,,,0,0,0,neutral,,
1997-12-09,Tuesday,False,,,0,0,0,neutral,,
1997-12-10,Wednesday,False,,,0,0,0,neutral,,
1997-12-11,Thursday,False,,,0,0,0,neutral,,
1997-12-12,Friday,False,,,0,0,0,neutral,,
1997-12-13,Saturday,False,,,0,0,0,neutral,,
1997-12-14,Sunday,False,,,0,0,0,neutral,,
1997-12-15,Monday,False,,,0,0,0,neutral,,
1997-12-16,Tuesday,False,,,0,0,0,neutral,,
1997-12-17,Wednesday,False,,,0,0,0,neutral,,
1997-12-18,Thursday,False,,,0,0,0,neutral,,
1997-12-19,Friday,False,,,0,0,0,neutral,,
1997-12-20,Saturday,False,,,0,0,0,neutral,,
1997-12-21,Sunday,False,,,0,0,0,neutral,,
1997-12-22,Monday,False,,,0,0,0,neutral,,
1997-12-23,Tuesday,False,,,0,0,0,neutral,,
1997-12-24,Wednesday,False,,,0,0,0,neutral,,
1997-12-25,Thursday,True,Christmas,christian,0,0,0,neutral,,
1997-12-26,Friday,False,,,0,0,0,neutral,,
1997-12-27,Saturday,False,,,0,0,0,neutral,,
1997-12-28,Sunday,False,,,0,0,0,neutral,,
1997-12-29,Monday,False,,,0,0,0,neutral,,
1997-12-30,Tuesday,False,,,0,0,0,neutral,,
1997-12-31,Wednesday,False,,,0,0,0,neutral,,
1998-01-01,Thursday,False,,,2,0,0,neutral,"Following a currency reform, Russia begins to circulate new rubles to stem inflation and promote confidence. || Argentinian physicist Juan Maldacena publishes a landmark paper initiating the study of AdS/CFT correspondence, which links string theory and quantum gravity.",https://en.wikipedia.org/wiki/Monetary_reform_in_Russia%2C_1998 || https://en.wikipedia.org/wiki/Juan_Maldacena
1998-01-02,Friday,False,,,1,0,1,bad,Over 100 people are killed in the Sidi-Hamed massacre in Algeria.,https://en.wikipedia.org/wiki/Sidi-Hamed_massacre
1998-01-03,Saturday,False,,,0,0,0,neutral,,
1998-01-04,Sunday,False,,,0,0,0,neutral,,
1998-01-05,Monday,False,,,0,0,0,neutral,,
1998-01-06,Tuesday,False,,,0,0,0,neutral,,
1998-01-07,Wednesday,False,,,0,0,0,neutral,,
1998-01-08,Thursday,False,,,0,0,0,neutral,,
1998-01-09,Friday,False,,,0,0,0,neutral,,
1998-01-10,Saturday,False,,,0,0,0,neutral,,
1998-01-11,Sunday,False,,,1,0,0,neutral,Clinton–Lewinsky scandal: Matt Drudge breaks the story of the Bill Clinton–Monica Lewinsky affair on his Drudge Report website.,https://en.wikipedia.org/wiki/Clinton%E2%80%93Lewinsky_scandal
1998-01-12,Monday,False,,,1,0,0,neutral,Nineteen European nations agree to forbid human cloning.,https://en.wikipedia.org/wiki/Human_cloning
1998-01-13,Tuesday,False,,,1,0,0,neutral,"Alfredo Ormando sets himself on fire in St. Peter's Square, protesting against homophobia.",https://en.wikipedia.org/wiki/Alfredo_Ormando
1998-01-14,Wednesday,False,,,0,0,0,neutral,,
1998-01-15,Thursday,False,,,0,0,0,neutral,,
1998-01-16,Friday,False,,,1,0,0,neutral,"A massive ice storm hits eastern Canada and the northeastern United States, continuing through January 10 and causing widespread destruction.",https://en.wikipedia.org/wiki/January_1998_North_American_ice_storm
1998-01-17,Saturday,False,,,0,0,0,neutral,,
1998-01-18,Sunday,False,,,0,0,0,neutral,,
1998-01-19,Monday,False,,,0,0,0,neutral,,
1998-01-20,Tuesday,False,,,0,0,0,neutral,,
1998-01-21,Wednesday,False,,,0,0,0,neutral,,
1998-01-22,Thursday,False,,,1,1,0,good,Space Shuttle program: space shuttle Endeavour launches on STS-89 to dock with the Russian space station Mir.,https://en.wikipedia.org/wiki/Space_Shuttle_Endeavour
1998-01-23,Friday,False,,,1,0,0,neutral,"Netscape announces Mozilla, with the intention to release Communicator code as open source.",https://en.wikipedia.org/wiki/Netscape
1998-01-24,Saturday,False,,,0,0,0,neutral,,
1998-01-25,Sunday,False,,,2,0,1,bad,"During a historic visit to Cuba, Pope John Paul II demands political reforms and the release of political prisoners while condemning US attempts to isolate the country. || A suicide attack by the Liberation Tigers of Tamil Eelam on Sri Lanka's Temple of the Tooth kills eight and injures 25 others.",https://en.wikipedia.org/wiki/Pope_John_Paul_II || https://en.wikipedia.org/wiki/Liberation_Tigers_of_Tamil_Eelam
1998-01-26,Monday,True,Republic Day,general,1,0,0,neutral,"Lewinsky scandal: On American television, U.S. President Bill Clinton denies having had ""sexual relations"" with former White House intern Monica Lewinsky.",https://en.wikipedia.org/wiki/Clinton%E2%80%93Lewinsky_scandal
1998-01-27,Tuesday,False,,,0,0,0,neutral,,
1998-01-28,Wednesday,False,,,0,0,0,neutral,,
1998-01-29,Thursday,False,,,0,0,0,neutral,,
1998-01-30,Friday,True,Id-ul-Fitr (estimated),general,0,0,0,neutral,,
1998-01-31,Saturday,False,,,0,0,0,neutral,,
1998-02-01,Sunday,False,,,1,1,0,good,Rear Admiral Lillian E. Fishburne becomes the first female African American to be promoted to rear admiral.,https://en.wikipedia.org/wiki/Lillian_E._Fishburne
1998-02-02,Monday,False,,,1,0,1,bad,"Cebu Pacific Flight 387 crashes into Mount Sumagaya in the Philippines, killing all 104 people on board.",https://en.wikipedia.org/wiki/Cebu_Pacific_Flight_387
1998-02-03,Tuesday,False,,,1,0,1,bad,"Cavalese cable car disaster: A United States military pilot causes the death of 20 people when his low-flying plane cuts the cable of a cable-car near Trento, Italy.",https://en.wikipedia.org/wiki/1998_Cavalese_cable_car_crash
1998-02-04,Wednesday,False,,,1,0,1,bad,"The 5.9 Mw  Afghanistan earthquake shakes the Takhar Province with a maximum Mercalli intensity of VII (Very strong). With 2,323 killed, and 818 injured, damage is considered extreme.",https://en.wikipedia.org/wiki/February_1998_Afghanistan_earthquake
1998-02-05,Thursday,False,,,0,0,0,neutral,,
1998-02-06,Friday,False,,,1,0,0,neutral,Washington National Airport is renamed Ronald Reagan National Airport.,https://en.wikipedia.org/wiki/Ronald_Reagan_Washington_National_Airport
1998-02-07,Saturday,False,,,0,0,0,neutral,,
1998-02-08,Sunday,False,,,0,0,0,neutral,,
1998-02-09,Monday,False,,,0,0,0,neutral,,
1998-02-10,Tuesday,False,,,0,0,0,neutral,,
1998-02-11,Wednesday,False,,,0,0,0,neutral,,
1998-02-12,Thursday,False,,,0,0,0,neutral,,
1998-02-13,Friday,False,,,0,0,0,neutral,,
1998-02-14,Saturday,False,,,1,0,1,bad,"An oil tanker train collides with a freight train in Yaoundé, Cameroon, spilling fuel oil. One person scavenging the oil created a massive explosion which killed 120.",https://en.wikipedia.org/wiki/Rail_freight_transport
1998-02-15,Sunday,False,,,1,0,1,bad,"China Airlines Flight 676 crashes into a road and residential area near Chiang Kai-shek International Airport in Taiwan, killing all 196 aboard and six more on the ground.",https://en.wikipedia.org/wiki/China_Airlines_Flight_676
1998-02-16,Monday,False,,,0,0,0,neutral,,
1998-02-17,Tuesday,False,,,0,0,0,neutral,,
1998-02-18,Wednesday,False,,,0,0,0,neutral,,
1998-02-19,Thursday,False,,,0,0,0,neutral,,
1998-02-20,Friday,False,,,1,0,0,neutral,"American figure skater Tara Lipinski, at the age of 15, becomes the youngest Olympic figure skating gold-medalist at the 1998 Winter Olympics in Nagano, Japan.",https://en.wikipedia.org/wiki/Tara_Lipinski
1998-02-21,Saturday,False,,,0,0,0,neutral,,
1998-02-22,Sunday,False,,,0,0,0,neutral,,
1998-02-23,Monday,False,,,1,0,0,neutral,"In the United States, tornadoes in central Florida destroy or damage 2,600 structures and kill 42 people.",https://en.wikipedia.org/wiki/1998_Central_Florida_tornado_outbreak
1998-02-24,Tuesday,False,,,0,0,0,neutral,,
1998-02-25,Wednesday,False,,,0,0,0,neutral,,
1998-02-26,Thursday,False,,,0,0,0,neutral,,
1998-02-27,Friday,False,,,0,0,0,neutral,,
1998-02-28,Saturday,False,,,0,0,0,neutral,,
1998-03-01,Sunday,False,,,1,1,0,good,Titanic became the first film to gross over $1 billion worldwide.,https://en.wikipedia.org/wiki/Titanic_(1997_film)
1998-03-02,Monday,False,,,0,0,0,neutral,,
1998-03-03,Tuesday,False,,,1,0,0,neutral,Data sent from the Galileo spacecraft indicates that Jupiter's moon Europa has a liquid ocean under a thick crust of ice.,https://en.wikipedia.org/wiki/Galileo_(spacecraft)
1998-03-04,Wednesday,False,,,0,0,0,neutral,,
1998-03-05,Thursday,False,,,0,0,0,neutral,,
1998-03-06,Friday,False,,,0,0,0,neutral,,
1998-03-07,Saturday,False,,,0,0,0,neutral,,
1998-03-08,Sunday,False,,,0,0,0,neutral,,
1998-03-09,Monday,False,,,0,0,0,neutral,,
1998-03-10,Tuesday,False,,,0,0,0,neutral,,
1998-03-11,Wednesday,False,,,0,0,0,neutral,,
1998-03-12,Thursday,False,,,0,0,0,neutral,,
1998-03-13,Friday,False,,,0,0,0,neutral,,
1998-03-14,Saturday,False,,,0,0,0,neutral,,
1998-03-15,Sunday,False,,,0,0,0,neutral,,
1998-03-16,Monday,False,,,0,0,0,neutral,,
1998-03-17,Tuesday,False,,,0,0,0,neutral,,
1998-03-18,Wednesday,False,,,0,0,0,neutral,,
1998-03-19,Thursday,False,,,1,0,1,bad,"An Ariana Afghan Airlines Boeing 727 crashes on approach to Kabul International Airport, killing all 45 on board.",https://en.wikipedia.org/wiki/Ariana_Afghan_Airlines
1998-03-20,Friday,False,,,0,0,0,neutral,,
1998-03-21,Saturday,False,,,0,0,0,neutral,,
1998-03-22,Sunday,False,,,0,0,0,neutral,,
1998-03-23,Monday,False,,,0,0,0,neutral,,
1998-03-24,Tuesday,False,,,3,1,1,bad,"Mitchell Johnson and Andrew Golden, aged 11 and 13 respectively, open fire upon teachers and students at Westside Middle School in Jonesboro, Arkansas; five people are killed and ten are wounded. || A tornado sweeps through Dantan in India, killing 250 people and injuring 3,000 others. || Dr. Rüdiger Marmulla performed the first computer-assisted Bone Segment Navigation at the University of Regensburg, Germany.",https://en.wikipedia.org/wiki/1998_Westside_Middle_School_shooting || https://en.wikipedia.org/wiki/Tornado || https://en.wikipedia.org/wiki/R%C3%BCdiger_Marmulla
1998-03-25,Wednesday,False,,,0,0,0,neutral,,
1998-03-26,Thursday,False,,,1,0,1,bad,"During the Algerian Civil War, the Oued Bouaicha massacre sees fifty-two people, mostly infants, killed with axes and knives.",https://en.wikipedia.org/wiki/Algerian_Civil_War
1998-03-27,Friday,False,,,1,1,0,good,"The Food and Drug Administration approves Viagra for use as a treatment for erectile dysfunction, the first pill to be approved for this condition in the United States.",https://en.wikipedia.org/wiki/Food_and_Drug_Administration
1998-03-28,Saturday,False,,,0,0,0,neutral,,
1998-03-29,Sunday,False,,,0,0,0,neutral,,
1998-03-30,Monday,False,,,0,0,0,neutral,,
1998-03-31,Tuesday,False,,,0,0,0,neutral,,
1998-04-01,Wednesday,False,,,0,0,0,neutral,,
1998-04-02,Thursday,False,,,1,0,0,neutral,Netscape releases Mozilla source code under an open source license.,https://en.wikipedia.org/wiki/Netscape
1998-04-03,Friday,False,,,0,0,0,neutral,,
1998-04-04,Saturday,False,,,0,0,0,neutral,,
1998-04-05,Sunday,False,,,1,1,0,good,"In Japan, the Akashi Kaikyō Bridge opens to traffic, becoming the longest bridge span in the world.",https://en.wikipedia.org/wiki/Japan
1998-04-06,Monday,False,,,1,0,0,neutral,Nuclear weapons testing: Pakistan tests medium-range missiles capable of reaching India.,https://en.wikipedia.org/wiki/Nuclear_weapons_testing
1998-04-07,Tuesday,False,,,0,0,0,neutral,,
1998-04-08,Wednesday,True,Bakrid (estimated),muslim,0,0,0,neutral,,
1998-04-09,Thursday,False,,,0,0,0,neutral,,
1998-04-10,Friday,True,Good Friday,christian,1,1,0,good,The Good Friday Agreement is signed in Northern Ireland.,https://en.wikipedia.org/wiki/Good_Friday_Agreement
1998-04-11,Saturday,False,,,0,0,0,neutral,,
1998-04-12,Sunday,False,,,0,0,0,neutral,,
1998-04-13,Monday,False,,,0,0,0,neutral,,
1998-04-14,Tuesday,False,,,0,0,0,neutral,,
1998-04-15,Wednesday,False,,,0,0,0,neutral,,
1998-04-16,Thursday,False,,,0,0,0,neutral,,
1998-04-17,Friday,False,,,0,0,0,neutral,,
1998-04-18,Saturday,False,,,0,0,0,neutral,,
1998-04-19,Sunday,False,,,0,0,0,neutral,,
1998-04-20,Monday,False,,,0,0,0,neutral,,
1998-04-21,Tuesday,False,,,0,0,0,neutral,,
1998-04-22,Wednesday,False,,,0,0,0,neutral,,
1998-04-23,Thursday,False,,,1,1,0,good,"Space Shuttle Columbia is launched on STS-90, the final Spacelab mission.",https://en.wikipedia.org/wiki/Space_Shuttle_Columbia
1998-04-24,Friday,False,,,0,0,0,neutral,,
1998-04-25,Saturday,False,,,0,0,0,neutral,,
1998-04-26,Sunday,False,,,0,0,0,neutral,,
1998-04-27,Monday,False,,,0,0,0,neutral,,
1998-04-28,Tuesday,False,,,1,0,1,bad,"Air France Flight 422 crashes after taking off from El Dorado International Airport in Bogotá, Colombia, killing all 53 people on board.",https://en.wikipedia.org/wiki/Air_France_Flight_422
1998-04-29,Wednesday,False,,,0,0,0,neutral,,
1998-04-30,Thursday,False,,,0,0,0,neutral,,
1998-05-01,Friday,False,,,0,0,0,neutral,,
1998-05-02,Saturday,False,,,1,1,0,good,The European Central Bank is founded in Brussels in order to define and execute the European Union's monetary policy.,https://en.wikipedia.org/wiki/European_Central_Bank
1998-05-03,Sunday,False,,,0,0,0,neutral,,
1998-05-04,Monday,False,,,1,0,1,bad,"A federal judge in Sacramento, California, gives ""Unabomber"" Theodore Kaczynski four life sentences plus 30 years after Kaczynski accepts a plea agreement sparing him from the death penalty.",https://en.wikipedia.org/wiki/Sacramento%2C_California
1998-05-05,Tuesday,False,,,0,0,0,neutral,,
1998-05-06,Wednesday,False,,,2,2,0,good,Kerry Wood strikes out 20 Houston Astros to tie the major league record held by Roger Clemens. He threw a one-hitter and did not walk a batter in his fifth career start. || Steve Jobs of Apple Inc. unveils the first iMac.,https://en.wikipedia.org/wiki/Kerry_Wood || https://en.wikipedia.org/wiki/Steve_Jobs
1998-05-07,Thursday,True,Muharram (estimated),muslim,1,0,0,neutral,Mercedes-Benz buys Chrysler for US$40 billion and forms DaimlerChrysler in the largest industrial merger in history.,https://en.wikipedia.org/wiki/Mercedes-Benz
1998-05-08,Friday,False,,,0,0,0,neutral,,
1998-05-09,Saturday,False,,,0,0,0,neutral,,
1998-05-10,Sunday,False,,,0,0,0,neutral,,
1998-05-11,Monday,False,,,1,0,0,neutral,India conducts three underground atomic tests in Pokhran.,https://en.wikipedia.org/wiki/Pokhran-II
1998-05-12,Tuesday,False,,,0,0,0,neutral,,
1998-05-13,Wednesday,False,,,0,0,0,neutral,,
1998-05-14,Thursday,False,,,0,0,0,neutral,,
1998-05-15,Friday,False,,,0,0,0,neutral,,
1998-05-16,Saturday,False,,,0,0,0,neutral,,
1998-05-17,Sunday,False,,,0,0,0,neutral,,
1998-05-18,Monday,False,,,0,0,0,neutral,,
1998-05-19,Tuesday,False,,,0,0,0,neutral,,
1998-05-20,Wednesday,False,,,0,0,0,neutral,,
1998-05-21,Thursday,False,,,0,0,0,neutral,,
1998-05-22,Friday,False,,,0,0,0,neutral,,
1998-05-23,Saturday,False,,,0,0,0,neutral,,
1998-05-24,Sunday,False,,,0,0,0,neutral,,
1998-05-25,Monday,False,,,0,0,0,neutral,,
1998-05-26,Tuesday,False,,,0,0,0,neutral,,
1998-05-27,Wednesday,False,,,0,0,0,neutral,,
1998-05-28,Thursday,False,,,0,0,0,neutral,,
1998-05-29,Friday,False,,,0,0,0,neutral,,
1998-05-30,Saturday,False,,,0,0,0,neutral,,
1998-05-31,Sunday,False,,,0,0,0,neutral,,
1998-06-01,Monday,False,,,0,0,0,neutral,,
1998-06-02,Tuesday,False,,,0,0,0,neutral,,
1998-06-03,Wednesday,False,,,0,0,0,neutral,,
1998-06-04,Thursday,False,,,0,0,0,neutral,,
1998-06-05,Friday,False,,,0,0,0,neutral,,
1998-06-06,Saturday,False,,,0,0,0,neutral,,
1998-06-07,Sunday,False,,,0,0,0,neutral,,
1998-06-08,Monday,False,,,0,0,0,neutral,,
1998-06-09,Tuesday,False,,,0,0,0,neutral,,
1998-06-10,Wednesday,False,,,0,0,0,neutral,,
1998-06-11,Thursday,False,,,0,0,0,neutral,,
1998-06-12,Friday,False,,,0,0,0,neutral,,
1998-06-13,Saturday,False,,,0,0,0,neutral,,
1998-06-14,Sunday,False,,,0,0,0,neutral,,
1998-06-15,Monday,False,,,0,0,0,neutral,,
1998-06-16,Tuesday,False,,,0,0,0,neutral,,
1998-06-17,Wednesday,False,,,0,0,0,neutral,,
1998-06-18,Thursday,False,,,0,0,0,neutral,,
1998-06-19,Friday,False,,,0,0,0,neutral,,
1998-06-20,Saturday,False,,,0,0,0,neutral,,
1998-06-21,Sunday,False,,,0,0,0,neutral,,
1998-06-22,Monday,False,,,0,0,0,neutral,,
1998-06-23,Tuesday,False,,,0,0,0,neutral,,
1998-06-24,Wednesday,False,,,0,0,0,neutral,,
1998-06-25,Thursday,False,,,0,0,0,neutral,,
1998-06-26,Friday,False,,,0,0,0,neutral,,
1998-06-27,Saturday,False,,,0,0,0,neutral,,
1998-06-28,Sunday,False,,,0,0,0,neutral,,
1998-06-29,Monday,False,,,0,0,0,neutral,,
1998-06-30,Tuesday,False,,,0,0,0,neutral,,
1998-07-01,Wednesday,False,,,0,0,0,neutral,,
1998-07-02,Thursday,False,,,0,0,0,neutral,,
1998-07-03,Friday,False,,,0,0,0,neutral,,
1998-07-04,Saturday,False,,,0,0,0,neutral,,
1998-07-05,Sunday,False,,,0,0,0,neutral,,
1998-07-06,Monday,False,,,0,0,0,neutral,,
1998-07-07,Tuesday,True,Milad-un-Nabi (estimated),muslim,0,0,0,neutral,,
1998-07-08,Wednesday,False,,,0,0,0,neutral,,
1998-07-09,Thursday,False,,,0,0,0,neutral,,
1998-07-10,Friday,False,,,0,0,0,neutral,,
1998-07-11,Saturday,False,,,0,0,0,neutral,,
1998-07-12,Sunday,False,,,0,0,0,neutral,,
1998-07-13,Monday,False,,,0,0,0,neutral,,
1998-07-14,Tuesday,False,,,0,0,0,neutral,,
1998-07-15,Wednesday,False,,,0,0,0,neutral,,
1998-07-16,Thursday,False,,,0,0,0,neutral,,
1998-07-17,Friday,False,,,0,0,0,neutral,,
1998-07-18,Saturday,False,,,0,0,0,neutral,,
1998-07-19,Sunday,False,,,0,0,0,neutral,,
1998-07-20,Monday,False,,,0,0,0,neutral,,
1998-07-21,Tuesday,False,,,0,0,0,neutral,,
1998-07-22,Wednesday,False,,,0,0,0,neutral,,
1998-07-23,Thursday,False,,,0,0,0,neutral,,
1998-07-24,Friday,False,,,0,0,0,neutral,,
1998-07-25,Saturday,False,,,0,0,0,neutral,,
1998-07-26,Sunday,False,,,0,0,0,neutral,,
1998-07-27,Monday,False,,,0,0,0,neutral,,
1998-07-28,Tuesday,False,,,0,0,0,neutral,,
1998-07-29,Wednesday,False,,,0,0,0,neutral,,
1998-07-30,Thursday,False,,,0,0,0,neutral,,
1998-07-31,Friday,False,,,0,0,0,neutral,,
1998-08-01,Saturday,False,,,0,0,0,neutral,,
1998-08-02,Sunday,False,,,0,0,0,neutral,,
1998-08-03,Monday,False,,,0,0,0,neutral,,
1998-08-04,Tuesday,False,,,0,0,0,neutral,,
1998-08-05,Wednesday,False,,,0,0,0,neutral,,
1998-08-06,Thursday,False,,,0,0,0,neutral,,
1998-08-07,Friday,False,,,0,0,0,neutral,,
1998-08-08,Saturday,False,,,0,0,0,neutral,,
1998-08-09,Sunday,False,,,0,0,0,neutral,,
1998-08-10,Monday,False,,,0,0,0,neutral,,
1998-08-11,Tuesday,False,,,0,0,0,neutral,,
1998-08-12,Wednesday,False,,,0,0,0,neutral,,
1998-08-13,Thursday,False,,,0,0,0,neutral,,
1998-08-14,Friday,False,,,0,0,0,neutral,,
1998-08-15,Saturday,True,Independence Day,general,0,0,0,neutral,,
1998-08-16,Sunday,False,,,0,0,0,neutral,,
1998-08-17,Monday,False,,,0,0,0,neutral,,
1998-08-18,Tuesday,False,,,0,0,0,neutral,,
1998-08-19,Wednesday,False,,,0,0,0,neutral,,
1998-08-20,Thursday,False,,,0,0,0,neutral,,
1998-08-21,Friday,False,,,0,0,0,neutral,,
1998-08-22,Saturday,False,,,0,0,0,neutral,,
1998-08-23,Sunday,False,,,0,0,0,neutral,,
1998-08-24,Monday,False,,,0,0,0,neutral,,
1998-08-25,Tuesday,False,,,0,0,0,neutral,,
1998-08-26,Wednesday,False,,,0,0,0,neutral,,
1998-08-27,Thursday,False,,,0,0,0,neutral,,
1998-08-28,Friday,False,,,0,0,0,neutral,,
1998-08-29,Saturday,False,,,0,0,0,neutral,,
1998-08-30,Sunday,False,,,0,0,0,neutral,,
1998-08-31,Monday,False,,,0,0,0,neutral,,
1998-09-01,Tuesday,False,,,0,0,0,neutral,,
1998-09-02,Wednesday,False,,,0,0,0,neutral,,
1998-09-03,Thursday,False,,,0,0,0,neutral,,
1998-09-04,Friday,False,,,0,0,0,neutral,,
1998-09-05,Saturday,False,,,0,0,0,neutral,,
1998-09-06,Sunday,False,,,0,0,0,neutral,,
1998-09-07,Monday,False,,,0,0,0,neutral,,
1998-09-08,Tuesday,False,,,0,0,0,neutral,,
1998-09-09,Wednesday,False,,,0,0,0,neutral,,
1998-09-10,Thursday,False,,,0,0,0,neutral,,
1998-09-11,Friday,False,,,0,0,0,neutral,,
1998-09-12,Saturday,False,,,0,0,0,neutral,,
1998-09-13,Sunday,False,,,0,0,0,neutral,,
1998-09-14,Monday,False,,,0,0,0,neutral,,
1998-09-15,Tuesday,False,,,0,0,0,neutral,,
1998-09-16,Wednesday,False,,,0,0,0,neutral,,
1998-09-17,Thursday,False,,,0,0,0,neutral,,
1998-09-18,Friday,False,,,0,0,0,neutral,,
1998-09-19,Saturday,False,,,0,0,0,neutral,,
1998-09-20,Sunday,False,,,0,0,0,neutral,,
1998-09-21,Monday,False,,,0,0,0,neutral,,
1998-09-22,Tuesday,False,,,0,0,0,neutral,,
1998-09-23,Wednesday,False,,,0,0,0,neutral,,
1998-09-24,Thursday,False,,,0,0,0,neutral,,
1998-09-25,Friday,False,,,0,0,0,neutral,,
1998-09-26,Saturday,False,,,0,0,0,neutral,,
1998-09-27,Sunday,False,,,0,0,0,neutral,,
1998-09-28,Monday,False,,,0,0,0,neutral,,
1998-09-29,Tuesday,False,,,0,0,0,neutral,,
1998-09-30,Wednesday,False,,,0,0,0,neutral,,
1998-10-01,Thursday,False,,,0,0,0,neutral,,
1998-10-02,Friday,True,Gandhi Jayanti,general,0,0,0,neutral,,
1998-10-03,Saturday,False,,,0,0,0,neutral,,
1998-10-04,Sunday,False,,,0,0,0,neutral,,
1998-10-05,Monday,False,,,0,0,0,neutral,,
1998-10-06,Tuesday,False,,,0,0,0,neutral,,
1998-10-07,Wednesday,False,,,0,0,0,neutral,,
1998-10-08,Thursday,False,,,0,0,0,neutral,,
1998-10-09,Friday,False,,,0,0,0,neutral,,
1998-10-10,Saturday,False,,,0,0,0,neutral,,
1998-10-11,Sunday,False,,,0,0,0,neutral,,
1998-10-12,Monday,False,,,0,0,0,neutral,,
1998-10-13,Tuesday,False,,,0,0,0,neutral,,
1998-10-14,Wednesday,False,,,0,0,0,neutral,,
1998-10-15,Thursday,False,,,0,0,0,neutral,,
1998-10-16,Friday,False,,,0,0,0,neutral,,
1998-10-17,Saturday,False,,,0,0,0,neutral,,
1998-10-18,Sunday,False,,,0,0,0,neutral,,
1998-10-19,Monday,False,,,0,0,0,neutral,,
1998-10-20,Tuesday,False,,,0,0,0,neutral,,
1998-10-21,Wednesday,False,,,0,0,0,neutral,,
1998-10-22,Thursday,False,,,0,0,0,neutral,,
1998-10-23,Friday,False,,,0,0,0,neutral,,
1998-10-24,Saturday,False,,,0,0,0,neutral,,
1998-10-25,Sunday,False,,,0,0,0,neutral,,
1998-10-26,Monday,False,,,0,0,0,neutral,,
1998-10-27,Tuesday,False,,,0,0,0,neutral,,
1998-10-28,Wednesday,False,,,0,0,0,neutral,,
1998-10-29,Thursday,False,,,0,0,0,neutral,,
1998-10-30,Friday,False,,,0,0,0,neutral,,
1998-10-31,Saturday,False,,,0,0,0,neutral,,
1998-11-01,Sunday,False,,,0,0,0,neutral,,
1998-11-02,Monday,False,,,0,0,0,neutral,,
1998-11-03,Tuesday,False,,,0,0,0,neutral,,
1998-11-04,Wednesday,False,,,0,0,0,neutral,,
1998-11-05,Thursday,False,,,0,0,0,neutral,,
1998-11-06,Friday,False,,,0,0,0,neutral,,
1998-11-07,Saturday,False,,,0,0,0,neutral,,
1998-11-08,Sunday,False,,,0,0,0,neutral,,
1998-11-09,Monday,False,,,0,0,0,neutral,,
1998-11-10,Tuesday,False,,,0,0,0,neutral,,
1998-11-11,Wednesday,False,,,0,0,0,neutral,,
1998-11-12,Thursday,False,,,0,0,0,neutral,,
1998-11-13,Friday,False,,,0,0,0,neutral,,
1998-11-14,Saturday,False,,,0,0,0,neutral,,
1998-11-15,Sunday,False,,,0,0,0,neutral,,
1998-11-16,Monday,False,,,0,0,0,neutral,,
1998-11-17,Tuesday,False,,,0,0,0,neutral,,
1998-11-18,Wednesday,False,,,0,0,0,neutral,,
1998-11-19,Thursday,False,,,0,0,0,neutral,,
1998-11-20,Friday,False,,,0,0,0,neutral,,
1998-11-21,Saturday,False,,,0,0,0,neutral,,
1998-11-22,Sunday,False,,,0,0,0,neutral,,
1998-11-23,Monday,False,,,0,0,0,neutral,,
1998-11-24,Tuesday,False,,,0,0,0,neutral,,
1998-11-25,Wednesday,False,,,0,0,0,neutral,,
1998-11-26,Thursday,False,,,0,0,0,neutral,,
1998-11-27,Friday,False,,,0,0,0,neutral,,
1998-11-28,Saturday,False,,,0,0,0,neutral,,
1998-11-29,Sunday,False,,,0,0,0,neutral,,
1998-11-30,Monday,False,,,0,0,0,neutral,,
1998-12-01,Tuesday,False,,,0,0,0,neutral,,
1998-12-02,Wednesday,False,,,0,0,0,neutral,,
1998-12-03,Thursday,False,,,0,0,0,neutral,,
1998-12-04,Friday,False,,,0,0,0,neutral,,
1998-12-05,Saturday,False,,,0,0,0,neutral,,
1998-12-06,Sunday,False,,,0,0,0,neutral,,
1998-12-07,Monday,False,,,0,0,0,neutral,,
1998-12-08,Tuesday,False,,,0,0,0,neutral,,
1998-12-09,Wednesday,False,,,0,0,0,neutral,,
1998-12-10,Thursday,False,,,0,0,0,neutral,,
1998-12-11,Friday,False,,,0,0,0,neutral,,
1998-12-12,Saturday,False,,,0,0,0,neutral,,
1998-12-13,Sunday,False,,,0,0,0,neutral,,
1998-12-14,Monday,False,,,0,0,0,neutral,,
1998-12-15,Tuesday,False,,,0,0,0,neutral,,
1998-12-16,Wednesday,False,,,0,0,0,neutral,,
1998-12-17,Thursday,False,,,0,0,0,neutral,,
1998-12-18,Friday,False,,,0,0,0,neutral,,
1998-12-19,Saturday,False,,,0,0,0,neutral,,
1998-12-20,Sunday,False,,,0,0,0,neutral,,
1998-12-21,Monday,False,,,0,0,0,neutral,,
1998-12-22,Tuesday,False,,,0,0,0,neutral,,
1998-12-23,Wednesday,False,,,0,0,0,neutral,,
1998-12-24,Thursday,False,,,0,0,0,neutral,,
1998-12-25,Friday,True,Christmas,christian,0,0,0,neutral,,
1998-12-26,Saturday,False,,,0,0,0,neutral,,
1998-12-27,Sunday,False,,,0,0,0,neutral,,
1998-12-28,Monday,False,,,0,0,0,neutral,,
1998-12-29,Tuesday,False,,,0,0,0,neutral,,
1998-12-30,Wednesday,False,,,0,0,0,neutral,,
1998-12-31,Thursday,False,,,0,0,0,neutral,,
1999-01-01,Friday,False,,,1,0,0,neutral,"The Euro currency is introduced in 11 member nations of the European Union (with the exception of the United Kingdom, Denmark, Greece and Sweden).",https://en.wikipedia.org/wiki/Euro
1999-01-02,Saturday,False,,,0,0,0,neutral,,
1999-01-03,Sunday,False,,,1,1,0,good,The Mars Polar Lander is launched by NASA.,https://en.wikipedia.org/wiki/Mars_Polar_Lander
1999-01-04,Monday,False,,,0,0,0,neutral,,
1999-01-05,Tuesday,False,,,1,0,0,neutral,The Senate trial in the impeachment of U.S. President Bill Clinton begins.,https://en.wikipedia.org/wiki/Impeachment_of_Bill_Clinton
1999-01-06,Wednesday,False,,,0,0,0,neutral,,
1999-01-07,Thursday,False,,,0,0,0,neutral,,
1999-01-08,Friday,False,,,0,0,0,neutral,,
1999-01-09,Saturday,False,,,0,0,0,neutral,,
1999-01-10,Sunday,False,,,0,0,0,neutral,,
1999-01-11,Monday,False,,,0,0,0,neutral,,
1999-01-12,Tuesday,False,,,0,0,0,neutral,,
1999-01-13,Wednesday,False,,,0,0,0,neutral,,
1999-01-14,Thursday,False,,,0,0,0,neutral,,
1999-01-15,Friday,False,,,0,0,0,neutral,,
1999-01-16,Saturday,False,,,1,0,0,neutral,"Former professional wrestler Jesse Ventura is sworn in as governor of Minnesota, United States.",https://en.wikipedia.org/wiki/Jesse_Ventura
1999-01-17,Sunday,False,,,0,0,0,neutral,,
1999-01-18,Monday,False,,,0,0,0,neutral,,
1999-01-19,Tuesday,True,Id-ul-Fitr (estimated),general,1,0,0,neutral,"British Aerospace agrees to acquire the defence subsidiary of the General Electric Company, forming BAE Systems in November 1999.",https://en.wikipedia.org/wiki/British_Aerospace
1999-01-20,Wednesday,False,,,0,0,0,neutral,,
1999-01-21,Thursday,False,,,1,0,1,bad,"War on drugs: In one of the largest drug busts in American history, the United States Coast Guard intercepts a ship with over 4,300 kilograms (9,500 lb) of cocaine on board.",https://en.wikipedia.org/wiki/War_on_drugs
1999-01-22,Friday,False,,,1,0,0,neutral,Australian missionary Graham Staines and his two sons are burned alive by radical Hindus while sleeping in their car in Eastern India.,https://en.wikipedia.org/wiki/Graham_Staines
1999-01-23,Saturday,False,,,0,0,0,neutral,,
1999-01-24,Sunday,False,,,0,0,0,neutral,,
1999-01-25,Monday,False,,,1,0,1,bad,"A 6.0 magnitude earthquake hits western Colombia killing at least 1,000.",https://en.wikipedia.org/wiki/Moment_magnitude_scale
1999-01-26,Tuesday,True,Republic Day,general,0,0,0,neutral,,
1999-01-27,Wednesday,False,,,0,0,0,neutral,,
1999-01-28,Thursday,False,,,0,0,0,neutral,,
1999-01-29,Friday,False,,,0,0,0,neutral,,
1999-01-30,Saturday,False,,,0,0,0,neutral,,
1999-01-31,Sunday,False,,,0,0,0,neutral,,
1999-02-01,Monday,False,,,0,0,0,neutral,,
1999-02-02,Tuesday,False,,,0,0,0,neutral,,
1999-02-03,Wednesday,False,,,0,0,0,neutral,,
1999-02-04,Thursday,False,,,1,0,0,neutral,"Unarmed West African immigrant Amadou Diallo is shot 41 times by four plainclothes New York City police officers on an unrelated stake-out, inflaming race relations in the city.",https://en.wikipedia.org/wiki/Killing_of_Amadou_Diallo
1999-02-05,Friday,False,,,0,0,0,neutral,,
1999-02-06,Saturday,False,,,0,0,0,neutral,,
1999-02-07,Sunday,False,,,1,0,0,neutral,"Crown Prince Abdullah becomes the King of Jordan on the death of his father, King Hussein.",https://en.wikipedia.org/wiki/Abdullah_II_of_Jordan
1999-02-08,Monday,False,,,0,0,0,neutral,,
1999-02-09,Tuesday,False,,,0,0,0,neutral,,
1999-02-10,Wednesday,False,,,0,0,0,neutral,,
1999-02-11,Thursday,False,,,1,0,0,neutral,"Pluto crosses Neptune's orbit, ending a nearly 20-year period when it was closer to the Sun than the gas giant; Pluto is not expected to interact with Neptune's orbit again until 2231.",https://en.wikipedia.org/wiki/Pluto
1999-02-12,Friday,False,,,1,0,0,neutral,United States President Bill Clinton is acquitted by the United States Senate in his impeachment trial.,https://en.wikipedia.org/wiki/Bill_Clinton
1999-02-13,Saturday,False,,,0,0,0,neutral,,
1999-02-14,Sunday,False,,,0,0,0,neutral,,
1999-02-15,Monday,False,,,0,0,0,neutral,,
1999-02-16,Tuesday,False,,,0,0,0,neutral,,
1999-02-17,Wednesday,False,,,0,0,0,neutral,,
1999-02-18,Thursday,False,,,0,0,0,neutral,,
1999-02-19,Friday,False,,,0,0,0,neutral,,
1999-02-20,Saturday,False,,,0,0,0,neutral,,
1999-02-21,Sunday,False,,,0,0,0,neutral,,
1999-02-22,Monday,False,,,0,0,0,neutral,,
1999-02-23,Tuesday,False,,,2,0,0,neutral,"Kurdish rebel leader Abdullah Öcalan is charged with treason in Ankara, Turkey. || An avalanche buries the town of Galtür, Austria, killing 31.",https://en.wikipedia.org/wiki/Kurds || https://en.wikipedia.org/wiki/Avalanche
1999-02-24,Wednesday,False,,,1,0,1,bad,"China Southwest Airlines Flight 4509, a Tupolev Tu-154 aircraft, crashes in Rui'an, Zhejiang, China. All 61 people on board are killed.",https://en.wikipedia.org/wiki/China_Southwest_Airlines_Flight_4509
1999-02-25,Thursday,False,,,1,0,1,bad,"Alitalia Flight 1553 crashes at Genoa Cristoforo Colombo Airport in Genoa, Italy, killing four.",https://en.wikipedia.org/wiki/Minerva_Airlines_Flight_1553
1999-02-26,Friday,False,,,0,0,0,neutral,,
1999-02-27,Saturday,False,,,0,0,0,neutral,,
1999-02-28,Sunday,False,,,0,0,0,neutral,,
1999-03-01,Monday,False,,,0,0,0,neutral,,
1999-03-02,Tuesday,False,,,0,0,0,neutral,,
1999-03-03,Wednesday,False,,,0,0,0,neutral,,
1999-03-04,Thursday,False,,,0,0,0,neutral,,
1999-03-05,Friday,False,,,0,0,0,neutral,,
1999-03-06,Saturday,False,,,0,0,0,neutral,,
1999-03-07,Sunday,False,,,0,0,0,neutral,,
1999-03-08,Monday,False,,,0,0,0,neutral,,
1999-03-09,Tuesday,False,,,0,0,0,neutral,,
1999-03-10,Wednesday,False,,,0,0,0,neutral,,
1999-03-11,Thursday,False,,,0,0,0,neutral,,
1999-03-12,Friday,False,,,1,0,1,bad,"Former Warsaw Pact members the Czech Republic, Hungary and Poland join NATO.",https://en.wikipedia.org/wiki/Warsaw_Pact
1999-03-13,Saturday,False,,,0,0,0,neutral,,
1999-03-14,Sunday,False,,,0,0,0,neutral,,
1999-03-15,Monday,False,,,0,0,0,neutral,,
1999-03-16,Tuesday,False,,,0,0,0,neutral,,
1999-03-17,Wednesday,False,,,0,0,0,neutral,,
1999-03-18,Thursday,False,,,0,0,0,neutral,,
1999-03-19,Friday,False,,,0,0,0,neutral,,
1999-03-20,Saturday,False,,,1,1,0,good,"Legoland California, the first Legoland outside of Europe, opens in Carlsbad, California, US.",https://en.wikipedia.org/wiki/Legoland_California
1999-03-21,Sunday,False,,,1,1,0,good,Bertrand Piccard and Brian Jones become the first to circumnavigate the Earth in a hot air balloon.,https://en.wikipedia.org/wiki/Bertrand_Piccard
1999-03-22,Monday,False,,,0,0,0,neutral,,
1999-03-23,Tuesday,False,,,1,0,0,neutral,Gunmen assassinate Paraguay's Vice President Luis María Argaña.,https://en.wikipedia.org/wiki/Paraguay
1999-03-24,Wednesday,False,,,2,0,1,bad,"Kosovo War: NATO began attacks on Yugoslavia without United Nations Security Council (UNSC) approval, marking the first time NATO has attacked a sovereign country. || A lorry carrying margarine and flour catches fire inside the Mont Blanc Tunnel, creating an inferno that kills 39 people.",https://en.wikipedia.org/wiki/Kosovo_War || https://en.wikipedia.org/wiki/Mont_Blanc_Tunnel_fire
1999-03-25,Thursday,False,,,0,0,0,neutral,,
1999-03-26,Friday,False,,,0,0,0,neutral,,
1999-03-27,Saturday,False,,,1,0,1,bad,"Kosovo War: An American Lockheed F-117A Nighthawk is shot down by a Yugoslav Army SAM, the first and only Nighthawk to be lost in combat.",https://en.wikipedia.org/wiki/Kosovo_War
1999-03-28,Sunday,True,Bakrid (estimated),muslim,1,0,1,bad,Kosovo War: Serb paramilitary and military forces kill at least 130 Kosovo Albanians in Izbica.,https://en.wikipedia.org/wiki/Kosovo_War
1999-03-29,Monday,False,,,2,1,1,bad,"The Dow Jones Industrial Average closes above the 10,000 mark (10,006.78) for the first time, during the height of the dot-com bubble. || A magnitude 6.8 earthquake in India strikes the Chamoli district in Uttar Pradesh, killing 103.",https://en.wikipedia.org/wiki/Dow_Jones_Industrial_Average || https://en.wikipedia.org/wiki/1999_Chamoli_earthquake
1999-03-30,Tuesday,False,,,0,0,0,neutral,,
1999-03-31,Wednesday,False,,,0,0,0,neutral,,
1999-04-01,Thursday,False,,,0,0,0,neutral,,
1999-04-02,Friday,True,Good Friday,christian,0,0,0,neutral,,
1999-04-03,Saturday,False,,,1,0,0,neutral,Nunavut is established as a Canadian territory carved out of the eastern part of the Northwest Territories.,https://en.wikipedia.org/wiki/Nunavut
1999-04-04,Sunday,False,,,0,0,0,neutral,,
1999-04-05,Monday,False,,,1,0,0,neutral,Two Libyans suspected of bringing down Pan Am Flight 103 in 1988 are handed over for eventual trial in the Netherlands.,https://en.wikipedia.org/wiki/History_of_Libya_under_Muammar_Gaddafi
1999-04-06,Tuesday,False,,,0,0,0,neutral,,
1999-04-07,Wednesday,False,,,1,0,1,bad,"Turkish Airlines Flight 5904 crashes near Ceyhan in southern Turkey, killing six people.",https://en.wikipedia.org/wiki/Turkish_Airlines_Flight_5904
1999-04-08,Thursday,False,,,0,0,0,neutral,,
1999-04-09,Friday,False,,,0,0,0,neutral,,
1999-04-10,Saturday,False,,,0,0,0,neutral,,
1999-04-11,Sunday,False,,,0,0,0,neutral,,
1999-04-12,Monday,False,,,2,0,1,bad,"United States President Bill Clinton is cited for contempt of court for giving ""intentionally false statements"" in a civil lawsuit; he is later fined and disbarred. || During the NATO bombing of Yugoslavia, an American McDonnell Douglas F-15E Strike Eagle shoots a passenger train, killing between 20 and 60 people.",https://en.wikipedia.org/wiki/Bill_Clinton || https://en.wikipedia.org/wiki/NATO_bombing_of_Yugoslavia
1999-04-13,Tuesday,False,,,0,0,0,neutral,,
1999-04-14,Wednesday,False,,,2,0,2,bad,"NATO mistakenly bombs a convoy of ethnic Albanian refugees. Yugoslav officials say 75 people were killed. || A severe hailstorm strikes Sydney, Australia causing A$2.3 billion in insured damages, the most costly natural disaster in Australian history.",https://en.wikipedia.org/wiki/NATO || https://en.wikipedia.org/wiki/1999_Sydney_hailstorm
1999-04-15,Thursday,False,,,0,0,0,neutral,,
1999-04-16,Friday,False,,,0,0,0,neutral,,
1999-04-17,Saturday,False,,,0,0,0,neutral,,
1999-04-18,Sunday,False,,,0,0,0,neutral,,
1999-04-19,Monday,False,,,1,0,0,neutral,The German Bundestag returns to Berlin.,https://en.wikipedia.org/wiki/Bundestag
1999-04-20,Tuesday,False,,,0,0,0,neutral,,
1999-04-21,Wednesday,False,,,0,0,0,neutral,,
1999-04-22,Thursday,False,,,0,0,0,neutral,,
1999-04-23,Friday,False,,,0,0,0,neutral,,
1999-04-24,Saturday,False,,,0,0,0,neutral,,
1999-04-25,Sunday,False,,,0,0,0,neutral,,
1999-04-26,Monday,False,,,1,0,1,bad,"NATO bombs the headquarters of Radio Television of Serbia, as part of their aerial campaign against the Federal Republic of Yugoslavia.",https://en.wikipedia.org/wiki/NATO
1999-04-27,Tuesday,True,Muharram (estimated),muslim,0,0,0,neutral,,
1999-04-28,Wednesday,False,,,1,0,1,bad,"Columbine High School massacre: Eric Harris and Dylan Klebold kill 14 people and injure 23 others before committing suicide at Columbine High School in Columbine, Colorado.",https://en.wikipedia.org/wiki/Columbine_High_School_massacre
1999-04-29,Thursday,False,,,0,0,0,neutral,,
1999-04-30,Friday,False,,,1,0,1,bad,"Neo-Nazi David Copeland carries out the last of his three nail bombings in London at the Admiral Duncan gay pub, killing three people and injuring 79 others.",https://en.wikipedia.org/wiki/1999_London_nail_bombings
1999-05-01,Saturday,False,,,1,0,0,neutral,"The body of British climber George Mallory is found on Mount Everest, 75 years after his disappearance in 1924.",https://en.wikipedia.org/wiki/George_Mallory
1999-05-02,Sunday,False,,,1,1,0,good,Panamanian general election: Mireya Moscoso becomes the first woman to be elected President of Panama.,https://en.wikipedia.org/wiki/1999_Panamanian_general_election
1999-05-03,Monday,False,,,2,0,2,bad,"The southwestern portion of Oklahoma City is devastated by an F5 tornado, killing forty-five people, injuring 665, and causing $1 billion in damage. The tornado is one of 66 from the 1999 Oklahoma tornado outbreak. This tornado also produces the highest wind speed ever recorded, measured at 484 ± 32 kilometres per hour (301 ± 20 mph). In meteorology, the term ""May 3"" is synonymous with the F5 tornado. || Infiltration of Pakistani soldiers on Indian side results in the Kargil War.",https://en.wikipedia.org/wiki/Oklahoma_City || https://en.wikipedia.org/wiki/Kargil_War
1999-05-04,Tuesday,False,,,0,0,0,neutral,,
1999-05-05,Wednesday,False,,,0,0,0,neutral,,
1999-05-06,Thursday,False,,,1,1,0,good,The first elections to the devolved Scottish Parliament and Welsh Assembly are held.,https://en.wikipedia.org/wiki/Devolution
1999-05-07,Friday,False,,,3,1,1,bad,"Pope John Paul II travels to Romania, becoming the first pope to visit a predominantly Eastern Orthodox country since the Great Schism in 1054. || Kosovo War: Three Chinese citizens are killed and 20 wounded when a NATO aircraft inadvertently bombs the Chinese embassy in Belgrade, Serbia. || In Guinea-Bissau, President João Bernardo Vieira is ousted in a military coup.",https://en.wikipedia.org/wiki/Pope_John_Paul_II || https://en.wikipedia.org/wiki/Kosovo_War || https://en.wikipedia.org/wiki/Guinea-Bissau
1999-05-08,Saturday,False,,,0,0,0,neutral,,
1999-05-09,Sunday,False,,,0,0,0,neutral,,
1999-05-10,Monday,False,,,0,0,0,neutral,,
1999-05-11,Tuesday,False,,,0,0,0,neutral,,
1999-05-12,Wednesday,False,,,0,0,0,neutral,,
1999-05-13,Thursday,False,,,0,0,0,neutral,,
1999-05-14,Friday,False,,,0,0,0,neutral,,
1999-05-15,Saturday,False,,,0,0,0,neutral,,
1999-05-16,Sunday,False,,,0,0,0,neutral,,
1999-05-17,Monday,False,,,0,0,0,neutral,,
1999-05-18,Tuesday,False,,,0,0,0,neutral,,
1999-05-19,Wednesday,False,,,0,0,0,neutral,,
1999-05-20,Thursday,False,,,0,0,0,neutral,,
1999-05-21,Friday,False,,,0,0,0,neutral,,
1999-05-22,Saturday,False,,,0,0,0,neutral,,
1999-05-23,Sunday,False,,,0,0,0,neutral,,
1999-05-24,Monday,False,,,0,0,0,neutral,,
1999-05-25,Tuesday,False,,,0,0,0,neutral,,
1999-05-26,Wednesday,False,,,0,0,0,neutral,,
1999-05-27,Thursday,False,,,0,0,0,neutral,,
1999-05-28,Friday,False,,,0,0,0,neutral,,
1999-05-29,Saturday,False,,,0,0,0,neutral,,
1999-05-30,Sunday,False,,,0,0,0,neutral,,
1999-05-31,Monday,False,,,0,0,0,neutral,,
1999-06-01,Tuesday,False,,,0,0,0,neutral,,
1999-06-02,Wednesday,False,,,0,0,0,neutral,,
1999-06-03,Thursday,False,,,0,0,0,neutral,,
1999-06-04,Friday,False,,,0,0,0,neutral,,
1999-06-05,Saturday,False,,,0,0,0,neutral,,
1999-06-06,Sunday,False,,,0,0,0,neutral,,
1999-06-07,Monday,False,,,0,0,0,neutral,,
1999-06-08,Tuesday,False,,,0,0,0,neutral,,
1999-06-09,Wednesday,False,,,0,0,0,neutral,,
1999-06-10,Thursday,False,,,0,0,0,neutral,,
1999-06-11,Friday,False,,,0,0,0,neutral,,
1999-06-12,Saturday,False,,,0,0,0,neutral,,
1999-06-13,Sunday,False,,,0,0,0,neutral,,
1999-06-14,Monday,False,,,0,0,0,neutral,,
1999-06-15,Tuesday,False,,,0,0,0,neutral,,
1999-06-16,Wednesday,False,,,0,0,0,neutral,,
1999-06-17,Thursday,False,,,0,0,0,neutral,,
1999-06-18,Friday,False,,,0,0,0,neutral,,
1999-06-19,Saturday,False,,,0,0,0,neutral,,
1999-06-20,Sunday,False,,,0,0,0,neutral,,
1999-06-21,Monday,False,,,0,0,0,neutral,,
1999-06-22,Tuesday,False,,,0,0,0,neutral,,
1999-06-23,Wednesday,False,,,0,0,0,neutral,,
1999-06-24,Thursday,False,,,0,0,0,neutral,,
1999-06-25,Friday,False,,,0,0,0,neutral,,
1999-06-26,Saturday,False,,,0,0,0,neutral,,
1999-06-27,Sunday,True,Milad-un-Nabi (estimated),muslim,0,0,0,neutral,,
1999-06-28,Monday,False,,,0,0,0,neutral,,
1999-06-29,Tuesday,False,,,0,0,0,neutral,,
1999-06-30,Wednesday,False,,,0,0,0,neutral,,
1999-07-01,Thursday,False,,,0,0,0,neutral,,
1999-07-02,Friday,False,,,0,0,0,neutral,,
1999-07-03,Saturday,False,,,0,0,0,neutral,,
1999-07-04,Sunday,False,,,0,0,0,neutral,,
1999-07-05,Monday,False,,,0,0,0,neutral,,
1999-07-06,Tuesday,False,,,0,0,0,neutral,,
1999-07-07,Wednesday,False,,,0,0,0,neutral,,
1999-07-08,Thursday,False,,,0,0,0,neutral,,
1999-07-09,Friday,False,,,0,0,0,neutral,,
1999-07-10,Saturday,False,,,0,0,0,neutral,,
1999-07-11,Sunday,False,,,0,0,0,neutral,,
1999-07-12,Monday,False,,,0,0,0,neutral,,
1999-07-13,Tuesday,False,,,0,0,0,neutral,,
1999-07-14,Wednesday,False,,,0,0,0,neutral,,
1999-07-15,Thursday,False,,,0,0,0,neutral,,
1999-07-16,Friday,False,,,0,0,0,neutral,,
1999-07-17,Saturday,False,,,0,0,0,neutral,,
1999-07-18,Sunday,False,,,0,0,0,neutral,,
1999-07-19,Monday,False,,,0,0,0,neutral,,
1999-07-20,Tuesday,False,,,0,0,0,neutral,,
1999-07-21,Wednesday,False,,,0,0,0,neutral,,
1999-07-22,Thursday,False,,,0,0,0,neutral,,
1999-07-23,Friday,False,,,0,0,0,neutral,,
1999-07-24,Saturday,False,,,0,0,0,neutral,,
1999-07-25,Sunday,False,,,0,0,0,neutral,,
1999-07-26,Monday,False,,,0,0,0,neutral,,
1999-07-27,Tuesday,False,,,0,0,0,neutral,,
1999-07-28,Wednesday,False,,,0,0,0,neutral,,
1999-07-29,Thursday,False,,,0,0,0,neutral,,
1999-07-30,Friday,False,,,0,0,0,neutral,,
1999-07-31,Saturday,False,,,0,0,0,neutral,,
1999-08-01,Sunday,False,,,0,0,0,neutral,,
1999-08-02,Monday,False,,,0,0,0,neutral,,
1999-08-03,Tuesday,False,,,0,0,0,neutral,,
1999-08-04,Wednesday,False,,,0,0,0,neutral,,
1999-08-05,Thursday,False,,,0,0,0,neutral,,
1999-08-06,Friday,False,,,0,0,0,neutral,,
1999-08-07,Saturday,False,,,0,0,0,neutral,,
1999-08-08,Sunday,False,,,0,0,0,neutral,,
1999-08-09,Monday,False,,,0,0,0,neutral,,
1999-08-10,Tuesday,False,,,0,0,0,neutral,,
1999-08-11,Wednesday,False,,,0,0,0,neutral,,
1999-08-12,Thursday,False,,,0,0,0,neutral,,
1999-08-13,Friday,False,,,0,0,0,neutral,,
1999-08-14,Saturday,False,,,0,0,0,neutral,,
1999-08-15,Sunday,True,Independence Day,general,0,0,0,neutral,,
1999-08-16,Monday,False,,,0,0,0,neutral,,
1999-08-17,Tuesday,False,,,0,0,0,neutral,,
1999-08-18,Wednesday,False,,,0,0,0,neutral,,
1999-08-19,Thursday,False,,,0,0,0,neutral,,
1999-08-20,Friday,False,,,0,0,0,neutral,,
1999-08-21,Saturday,False,,,0,0,0,neutral,,
1999-08-22,Sunday,False,,,0,0,0,neutral,,
1999-08-23,Monday,False,,,0,0,0,neutral,,
1999-08-24,Tuesday,False,,,0,0,0,neutral,,
1999-08-25,Wednesday,False,,,0,0,0,neutral,,
1999-08-26,Thursday,False,,,0,0,0,neutral,,
1999-08-27,Friday,False,,,0,0,0,neutral,,
1999-08-28,Saturday,False,,,0,0,0,neutral,,
1999-08-29,Sunday,False,,,0,0,0,neutral,,
1999-08-30,Monday,False,,,0,0,0,neutral,,
1999-08-31,Tuesday,False,,,0,0,0,neutral,,
1999-09-01,Wednesday,False,,,0,0,0,neutral,,
1999-09-02,Thursday,False,,,0,0,0,neutral,,
1999-09-03,Friday,False,,,0,0,0,neutral,,
1999-09-04,Saturday,False,,,0,0,0,neutral,,
1999-09-05,Sunday,False,,,0,0,0,neutral,,
1999-09-06,Monday,False,,,0,0,0,neutral,,
1999-09-07,Tuesday,False,,,0,0,0,neutral,,
1999-09-08,Wednesday,False,,,0,0,0,neutral,,
1999-09-09,Thursday,False,,,0,0,0,neutral,,
1999-09-10,Friday,False,,,0,0,0,neutral,,
1999-09-11,Saturday,False,,,0,0,0,neutral,,
1999-09-12,Sunday,False,,,0,0,0,neutral,,
1999-09-13,Monday,False,,,0,0,0,neutral,,
1999-09-14,Tuesday,False,,,0,0,0,neutral,,
1999-09-15,Wednesday,False,,,0,0,0,neutral,,
1999-09-16,Thursday,False,,,0,0,0,neutral,,
1999-09-17,Friday,False,,,0,0,0,neutral,,
1999-09-18,Saturday,False,,,0,0,0,neutral,,
1999-09-19,Sunday,False,,,0,0,0,neutral,,
1999-09-20,Monday,False,,,0,0,0,neutral,,
1999-09-21,Tuesday,False,,,0,0,0,neutral,,
1999-09-22,Wednesday,False,,,0,0,0,neutral,,
1999-09-23,Thursday,False,,,0,0,0,neutral,,
1999-09-24,Friday,False,,,0,0,0,neutral,,
1999-09-25,Saturday,False,,,0,0,0,neutral,,
1999-09-26,Sunday,False,,,0,0,0,neutral,,
1999-09-27,Monday,False,,,0,0,0,neutral,,
1999-09-28,Tuesday,False,,,0,0,0,neutral,,
1999-09-29,Wednesday,False,,,0,0,0,neutral,,
1999-09-30,Thursday,False,,,0,0,0,neutral,,
1999-10-01,Friday,False,,,0,0,0,neutral,,
1999-10-02,Saturday,True,Gandhi Jayanti,general,0,0,0,neutral,,
1999-10-03,Sunday,False,,,0,0,0,neutral,,
1999-10-04,Monday,False,,,0,0,0,neutral,,
1999-10-05,Tuesday,False,,,0,0,0,neutral,,
1999-10-06,Wednesday,False,,,0,0,0,neutral,,
1999-10-07,Thursday,False,,,0,0,0,neutral,,
1999-10-08,Friday,False,,,0,0,0,neutral,,
1999-10-09,Saturday,False,,,0,0,0,neutral,,
1999-10-10,Sunday,False,,,0,0,0,neutral,,
1999-10-11,Monday,False,,,0,0,0,neutral,,
1999-10-12,Tuesday,False,,,0,0,0,neutral,,
1999-10-13,Wednesday,False,,,0,0,0,neutral,,
1999-10-14,Thursday,False,,,0,0,0,neutral,,
1999-10-15,Friday,False,,,0,0,0,neutral,,
1999-10-16,Saturday,False,,,0,0,0,neutral,,
1999-10-17,Sunday,False,,,0,0,0,neutral,,
1999-10-18,Monday,False,,,0,0,0,neutral,,
1999-10-19,Tuesday,False,,,0,0,0,neutral,,
1999-10-20,Wednesday,False,,,0,0,0,neutral,,
1999-10-21,Thursday,False,,,0,0,0,neutral,,
1999-10-22,Friday,False,,,0,0,0,neutral,,
1999-10-23,Saturday,False,,,0,0,0,neutral,,
1999-10-24,Sunday,False,,,0,0,0,neutral,,
1999-10-25,Monday,False,,,0,0,0,neutral,,
1999-10-26,Tuesday,False,,,0,0,0,neutral,,
1999-10-27,Wednesday,False,,,0,0,0,neutral,,
1999-10-28,Thursday,False,,,0,0,0,neutral,,
1999-10-29,Friday,False,,,0,0,0,neutral,,
1999-10-30,Saturday,False,,,0,0,0,neutral,,
1999-10-31,Sunday,False,,,0,0,0,neutral,,
1999-11-01,Monday,False,,,0,0,0,neutral,,
1999-11-02,Tuesday,False,,,0,0,0,neutral,,
1999-11-03,Wednesday,False,,,0,0,0,neutral,,
1999-11-04,Thursday,False,,,0,0,0,neutral,,
1999-11-05,Friday,False,,,0,0,0,neutral,,
1999-11-06,Saturday,False,,,0,0,0,neutral,,
1999-11-07,Sunday,False,,,0,0,0,neutral,,
1999-11-08,Monday,False,,,0,0,0,neutral,,
1999-11-09,Tuesday,False,,,0,0,0,neutral,,
1999-11-10,Wednesday,False,,,0,0,0,neutral,,
1999-11-11,Thursday,False,,,0,0,0,neutral,,
1999-11-12,Friday,False,,,0,0,0,neutral,,
1999-11-13,Saturday,False,,,0,0,0,neutral,,
1999-11-14,Sunday,False,,,0,0,0,neutral,,
1999-11-15,Monday,False,,,0,0,0,neutral,,
1999-11-16,Tuesday,False,,,0,0,0,neutral,,
1999-11-17,Wednesday,False,,,0,0,0,neutral,,
1999-11-18,Thursday,False,,,0,0,0,neutral,,
1999-11-19,Friday,False,,,0,0,0,neutral,,
1999-11-20,Saturday,False,,,0,0,0,neutral,,
1999-11-21,Sunday,False,,,0,0,0,neutral,,
1999-11-22,Monday,False,,,0,0,0,neutral,,
1999-11-23,Tuesday,False,,,0,0,0,neutral,,
1999-11-24,Wednesday,False,,,0,0,0,neutral,,
1999-11-25,Thursday,False,,,0,0,0,neutral,,
1999-11-26,Friday,False,,,0,0,0,neutral,,
1999-11-27,Saturday,False,,,0,0,0,neutral,,
1999-11-28,Sunday,False,,,0,0,0,neutral,,
1999-11-29,Monday,False,,,0,0,0,neutral,,
1999-11-30,Tuesday,False,,,0,0,0,neutral,,
1999-12-01,Wednesday,False,,,0,0,0,neutral,,
1999-12-02,Thursday,False,,,0,0,0,neutral,,
1999-12-03,Friday,False,,,0,0,0,neutral,,
1999-12-04,Saturday,False,,,0,0,0,neutral,,
1999-12-05,Sunday,False,,,0,0,0,neutral,,
1999-12-06,Monday,False,,,0,0,0,neutral,,
1999-12-07,Tuesday,False,,,0,0,0,neutral,,
1999-12-08,Wednesday,False,,,0,0,0,neutral,,
1999-12-09,Thursday,False,,,0,0,0,neutral,,
1999-12-10,Friday,False,,,0,0,0,neutral,,
1999-12-11,Saturday,False,,,0,0,0,neutral,,
1999-12-12,Sunday,False,,,0,0,0,neutral,,
1999-12-13,Monday,False,,,0,0,0,neutral,,
1999-12-14,Tuesday,False,,,0,0,0,neutral,,
1999-12-15,Wednesday,False,,,0,0,0,neutral,,
1999-12-16,Thursday,False,,,0,0,0,neutral,,
1999-12-17,Friday,False,,,0,0,0,neutral,,
1999-12-18,Saturday,False,,,0,0,0,neutral,,
1999-12-19,Sunday,False,,,0,0,0,neutral,,
1999-12-20,Monday,False,,,0,0,0,neutral,,
1999-12-21,Tuesday,False,,,0,0,0,neutral,,
1999-12-22,Wednesday,False,,,0,0,0,neutral,,
1999-12-23,Thursday,False,,,0,0,0,neutral,,
1999-12-24,Friday,False,,,0,0,0,neutral,,
1999-12-25,Saturday,True,Christmas,christian,0,0,0,neutral,,
1999-12-26,Sunday,False,,,0,0,0,neutral,,
1999-12-27,Monday,False,,,0,0,0,neutral,,
1999-12-28,Tuesday,False,,,0,0,0,neutral,,
1999-12-29,Wednesday,False,,,0,0,0,neutral,,
1999-12-30,Thursday,False,,,0,0,0,neutral,,
1999-12-31,Friday,False,,,0,0,0,neutral,,
2000-01-01,Saturday,False,,,0,0,0,neutral,,
2000-01-02,Sunday,False,,,0,0,0,neutral,,
2000-01-03,Monday,False,,,0,0,0,neutral,,
2000-01-04,Tuesday,False,,,0,0,0,neutral,,
2000-01-05,Wednesday,False,,,0,0,0,neutral,,
2000-01-06,Thursday,False,,,0,0,0,neutral,,
2000-01-07,Friday,False,,,1,0,1,bad,"The last natural Pyrenean ibex, Celia, is killed by a falling tree, thus making the species extinct.",https://en.wikipedia.org/wiki/Pyrenean_ibex
2000-01-08,Saturday,False,,,0,0,0,neutral,,
2000-01-09,Sunday,True,Id-ul-Fitr (estimated),general,0,0,0,neutral,,
2000-01-10,Monday,False,,,1,0,1,bad,"Crossair Flight 498, a Saab 340 aircraft, crashes in Niederhasli, Switzerland, after taking off from Zurich Airport, killing 13 people.",https://en.wikipedia.org/wiki/Crossair_Flight_498
2000-01-11,Tuesday,False,,,0,0,0,neutral,,
2000-01-12,Wednesday,False,,,0,0,0,neutral,,
2000-01-13,Thursday,False,,,1,0,1,bad,"A Short 360 aircraft chartered by the Sirte Oil Company crashes off the coast of Brega, Libya, killing 21.",https://en.wikipedia.org/wiki/Short_360
2000-01-14,Friday,False,,,0,0,0,neutral,,
2000-01-15,Saturday,False,,,0,0,0,neutral,,
2000-01-16,Sunday,False,,,1,0,1,bad,"A Norwegian passenger train departing from Trondheim, collides with a local train coming from Hamar in Åsta in Åmot Municipality; 19 people are killed and 68 injured in the accident.",https://en.wikipedia.org/wiki/Trondheim
2000-01-17,Monday,False,,,0,0,0,neutral,,
2000-01-18,Tuesday,False,,,0,0,0,neutral,,
2000-01-19,Wednesday,False,,,0,0,0,neutral,,
2000-01-20,Thursday,False,,,0,0,0,neutral,,
2000-01-21,Friday,False,,,1,0,0,neutral,"Ecuador: After the Ecuadorian Congress is seized by indigenous organizations, Col. Lucio Gutiérrez, Carlos Solorzano and Antonio Vargas depose President Jamil Mahuad. Gutierrez is later replaced by Gen. Carlos Mendoza, who resigns and allows Vice-President Gustavo Noboa to succeed Mahuad.",https://en.wikipedia.org/wiki/Ecuador
2000-01-22,Saturday,False,,,0,0,0,neutral,,
2000-01-23,Sunday,False,,,0,0,0,neutral,,
2000-01-24,Monday,False,,,0,0,0,neutral,,
2000-01-25,Tuesday,False,,,0,0,0,neutral,,
2000-01-26,Wednesday,True,Republic Day,general,0,0,0,neutral,,
2000-01-27,Thursday,False,,,0,0,0,neutral,,
2000-01-28,Friday,False,,,0,0,0,neutral,,
2000-01-29,Saturday,False,,,0,0,0,neutral,,
2000-01-30,Sunday,False,,,1,0,1,bad,"Kenya Airways Flight 431 crashes into the Atlantic Ocean off the coast of Ivory Coast, killing 169.",https://en.wikipedia.org/wiki/Kenya_Airways_Flight_431
2000-01-31,Monday,False,,,1,0,1,bad,"Alaska Airlines Flight 261 crash: An MD-83, experiencing horizontal stabilizer problems, crashes in the Pacific Ocean off the coast of Point Mugu, California, killing all 88 aboard.",https://en.wikipedia.org/wiki/Alaska_Airlines_Flight_261
2000-02-01,Tuesday,False,,,0,0,0,neutral,,
2000-02-02,Wednesday,False,,,1,1,0,good,First digital cinema projection in Europe (Paris) realized by Philippe Binant with the DLP CINEMA technology developed by Texas Instruments.,https://en.wikipedia.org/wiki/Digital_cinema
2000-02-03,Thursday,False,,,0,0,0,neutral,,
2000-02-04,Friday,False,,,1,0,0,neutral,"The World Summit Against Cancer for the New Millennium, Charter of Paris is signed by the President of France, Jacques Chirac and the Director General of UNESCO, Koichiro Matsuura, initiating World Cancer Day which is held on February 4 every year.",https://en.wikipedia.org/wiki/Jacques_Chirac
2000-02-05,Saturday,False,,,1,0,1,bad,"Russian forces massacre at least 60 civilians in the Novye Aldi suburb of Grozny, Chechnya.",https://en.wikipedia.org/wiki/Novye_Aldi_massacre
2000-02-06,Sunday,False,,,1,0,1,bad,"Second Chechen War: Russia captures Grozny, Chechnya, forcing the separatist Chechen Republic of Ichkeria government into exile.",https://en.wikipedia.org/wiki/Second_Chechen_War
2000-02-07,Monday,False,,,0,0,0,neutral,,
2000-02-08,Tuesday,False,,,0,0,0,neutral,,
2000-02-09,Wednesday,False,,,0,0,0,neutral,,
2000-02-10,Thursday,False,,,0,0,0,neutral,,
2000-02-11,Friday,False,,,1,1,0,good,Space Shuttle Endeavour is launched on STS-99 to conduct the Shuttle Radar Topography Mission.,https://en.wikipedia.org/wiki/Space_Shuttle_Endeavour
2000-02-12,Saturday,False,,,0,0,0,neutral,,
2000-02-13,Sunday,False,,,0,0,0,neutral,,
2000-02-14,Monday,False,,,1,1,0,good,"The spacecraft NEAR Shoemaker enters orbit around asteroid 433 Eros, the first spacecraft to orbit an asteroid.",https://en.wikipedia.org/wiki/NEAR_Shoemaker
2000-02-15,Tuesday,False,,,1,0,1,bad,"Emery Worldwide Airlines Flight 17 crashes near Sacramento Mather Airport in Rancho Cordova, California, killing all three aboard.",https://en.wikipedia.org/wiki/Emery_Worldwide_Airlines_Flight_17
2000-02-16,Wednesday,False,,,0,0,0,neutral,,
2000-02-17,Thursday,False,,,0,0,0,neutral,,
2000-02-18,Friday,False,,,0,0,0,neutral,,
2000-02-19,Saturday,False,,,0,0,0,neutral,,
2000-02-20,Sunday,False,,,0,0,0,neutral,,
2000-02-21,Monday,False,,,0,0,0,neutral,,
2000-02-22,Tuesday,False,,,0,0,0,neutral,,
2000-02-23,Wednesday,False,,,0,0,0,neutral,,
2000-02-24,Thursday,False,,,0,0,0,neutral,,
2000-02-25,Friday,False,,,0,0,0,neutral,,
2000-02-26,Saturday,False,,,0,0,0,neutral,,
2000-02-27,Sunday,False,,,0,0,0,neutral,,
2000-02-28,Monday,False,,,0,0,0,neutral,,
2000-02-29,Tuesday,False,,,0,0,0,neutral,,
2000-03-01,Wednesday,False,,,1,1,0,good,Launched on MetroTV the sixth private television 24-hour news channel in Indonesia.,https://en.wikipedia.org/wiki/Metro_TV_(Indonesian_TV_network)
2000-03-02,Thursday,False,,,0,0,0,neutral,,
2000-03-03,Friday,False,,,0,0,0,neutral,,
2000-03-04,Saturday,False,,,1,0,1,bad,"Chechens attack a guard post near Ulus Kert, eventually killing 84 Russian paratroopers during the Second Chechen War.",https://en.wikipedia.org/wiki/Second_Chechen_War
2000-03-05,Sunday,False,,,1,0,0,neutral,"The Dot-com bubble peaks with the NASDAQ Composite stock market index reaching 5,048.62.",https://en.wikipedia.org/wiki/Dot-com_bubble
2000-03-06,Monday,False,,,0,0,0,neutral,,
2000-03-07,Tuesday,False,,,0,0,0,neutral,,
2000-03-08,Wednesday,False,,,0,0,0,neutral,,
2000-03-09,Thursday,False,,,0,0,0,neutral,,
2000-03-10,Friday,False,,,1,1,0,good,"Nupedia, a multi-language online encyclopedia, is launched.",https://en.wikipedia.org/wiki/Nupedia
2000-03-11,Saturday,False,,,0,0,0,neutral,,
2000-03-12,Sunday,False,,,0,0,0,neutral,,
2000-03-13,Monday,False,,,0,0,0,neutral,,
2000-03-14,Tuesday,False,,,0,0,0,neutral,,
2000-03-15,Wednesday,False,,,0,0,0,neutral,,
2000-03-16,Thursday,False,,,0,0,0,neutral,,
2000-03-17,Friday,True,Bakrid (estimated),muslim,1,0,1,bad,"Five hundred and thirty members of the Ugandan cult Movement for the Restoration of the Ten Commandments of God die in a fire, considered to be a mass murder or suicide orchestrated by leaders of the cult. Elsewhere another 248 members are later found dead.",https://en.wikipedia.org/wiki/Uganda
2000-03-18,Saturday,False,,,0,0,0,neutral,,
2000-03-19,Sunday,False,,,0,0,0,neutral,,
2000-03-20,Monday,False,,,1,0,1,bad,"Jamil Abdullah Al-Amin, a former Black Panther once known as H. Rap Brown, is captured after murdering Georgia sheriff's deputy Ricky Kinchen and critically wounding Deputy Aldranon English.",https://en.wikipedia.org/wiki/Black_Panther_Party
2000-03-21,Tuesday,False,,,1,1,0,good,Pope John Paul II makes his first ever pontifical visit to Israel.,https://en.wikipedia.org/wiki/Pope_John_Paul_II
2000-03-22,Wednesday,False,,,0,0,0,neutral,,
2000-03-23,Thursday,False,,,0,0,0,neutral,,
2000-03-24,Friday,False,,,0,0,0,neutral,,
2000-03-25,Saturday,False,,,0,0,0,neutral,,
2000-03-26,Sunday,False,,,0,0,0,neutral,,
2000-03-27,Monday,False,,,1,0,1,bad,"A Phillips Petroleum plant explosion in Pasadena, Texas kills one person and injures 71 others.",https://en.wikipedia.org/wiki/2000_Phillips_explosion
2000-03-28,Tuesday,False,,,0,0,0,neutral,,
2000-03-29,Wednesday,False,,,0,0,0,neutral,,
2000-03-30,Thursday,False,,,0,0,0,neutral,,
2000-03-31,Friday,False,,,1,0,0,neutral,"United States v. Microsoft Corp.: Microsoft is ruled to have violated United States antitrust law by keeping ""an oppressive thumb"" on its competitors.",https://en.wikipedia.org/wiki/United_States_v._Microsoft_Corp.
2000-04-01,Saturday,False,,,0,0,0,neutral,,
2000-04-02,Sunday,False,,,0,0,0,neutral,,
2000-04-03,Monday,False,,,0,0,0,neutral,,
2000-04-04,Tuesday,False,,,0,0,0,neutral,,
2000-04-05,Wednesday,False,,,0,0,0,neutral,,
2000-04-06,Thursday,False,,,0,0,0,neutral,,
2000-04-07,Friday,False,,,0,0,0,neutral,,
2000-04-08,Saturday,False,,,0,0,0,neutral,,
2000-04-09,Sunday,False,,,0,0,0,neutral,,
2000-04-10,Monday,False,,,0,0,0,neutral,,
2000-04-11,Tuesday,False,,,0,0,0,neutral,,
2000-04-12,Wednesday,False,,,0,0,0,neutral,,
2000-04-13,Thursday,False,,,0,0,0,neutral,,
2000-04-14,Friday,False,,,0,0,0,neutral,,
2000-04-15,Saturday,False,,,0,0,0,neutral,,
2000-04-16,Sunday,True,Muharram (estimated),muslim,0,0,0,neutral,,
2000-04-17,Monday,False,,,0,0,0,neutral,,
2000-04-18,Tuesday,False,,,0,0,0,neutral,,
2000-04-19,Wednesday,False,,,1,0,1,bad,"Air Philippines Flight 541 crashes in Samal, Davao del Norte, killing all 131 people on board.",https://en.wikipedia.org/wiki/Air_Philippines_Flight_541
2000-04-20,Thursday,False,,,0,0,0,neutral,,
2000-04-21,Friday,True,Good Friday,christian,0,0,0,neutral,,
2000-04-22,Saturday,False,,,0,0,0,neutral,,
2000-04-23,Sunday,False,,,0,0,0,neutral,,
2000-04-24,Monday,False,,,0,0,0,neutral,,
2000-04-25,Tuesday,False,,,0,0,0,neutral,,
2000-04-26,Wednesday,False,,,0,0,0,neutral,,
2000-04-27,Thursday,False,,,0,0,0,neutral,,
2000-04-28,Friday,False,,,0,0,0,neutral,,
2000-04-29,Saturday,False,,,0,0,0,neutral,,
2000-04-30,Sunday,False,,,1,1,0,good,"Canonization of Faustina Kowalska in the presence of 200,000 people and the first Divine Mercy Sunday celebrated worldwide.",https://en.wikipedia.org/wiki/Canonization
2000-05-01,Monday,False,,,0,0,0,neutral,,
2000-05-02,Tuesday,False,,,1,0,0,neutral,President Bill Clinton announces that accurate GPS access would no longer be restricted to the United States military.,https://en.wikipedia.org/wiki/Bill_Clinton
2000-05-03,Wednesday,False,,,1,1,0,good,"The sport of geocaching begins, with the first cache placed and the coordinates from a GPS posted on Usenet.",https://en.wikipedia.org/wiki/Geocaching
2000-05-04,Thursday,False,,,1,1,0,good,Ken Livingstone becomes the first Mayor of London (an office separate from that of the Lord Mayor of London).,https://en.wikipedia.org/wiki/Ken_Livingstone
2000-05-05,Friday,False,,,0,0,0,neutral,,
2000-05-06,Saturday,False,,,0,0,0,neutral,,
2000-05-07,Sunday,False,,,1,1,0,good,Vladimir Putin is inaugurated as president of Russia.,https://en.wikipedia.org/wiki/Vladimir_Putin
2000-05-08,Monday,False,,,0,0,0,neutral,,
2000-05-09,Tuesday,False,,,0,0,0,neutral,,
2000-05-10,Wednesday,False,,,0,0,0,neutral,,
2000-05-11,Thursday,False,,,1,0,1,bad,Second Chechen War: Chechen separatists ambush Russian paramilitary forces in the Republic of Ingushetia.,https://en.wikipedia.org/wiki/Second_Chechen_War
2000-05-12,Friday,False,,,0,0,0,neutral,,
2000-05-13,Saturday,False,,,0,0,0,neutral,,
2000-05-14,Sunday,False,,,0,0,0,neutral,,
2000-05-15,Monday,False,,,0,0,0,neutral,,
2000-05-16,Tuesday,False,,,0,0,0,neutral,,
2000-05-17,Wednesday,False,,,0,0,0,neutral,,
2000-05-18,Thursday,False,,,0,0,0,neutral,,
2000-05-19,Friday,False,,,0,0,0,neutral,,
2000-05-20,Saturday,False,,,0,0,0,neutral,,
2000-05-21,Sunday,False,,,0,0,0,neutral,,
2000-05-22,Monday,False,,,0,0,0,neutral,,
2000-05-23,Tuesday,False,,,0,0,0,neutral,,
2000-05-24,Wednesday,False,,,0,0,0,neutral,,
2000-05-25,Thursday,False,,,0,0,0,neutral,,
2000-05-26,Friday,False,,,0,0,0,neutral,,
2000-05-27,Saturday,False,,,0,0,0,neutral,,
2000-05-28,Sunday,False,,,0,0,0,neutral,,
2000-05-29,Monday,False,,,0,0,0,neutral,,
2000-05-30,Tuesday,False,,,0,0,0,neutral,,
2000-05-31,Wednesday,False,,,0,0,0,neutral,,
2000-06-01,Thursday,False,,,0,0,0,neutral,,
2000-06-02,Friday,False,,,0,0,0,neutral,,
2000-06-03,Saturday,False,,,0,0,0,neutral,,
2000-06-04,Sunday,False,,,0,0,0,neutral,,
2000-06-05,Monday,False,,,0,0,0,neutral,,
2000-06-06,Tuesday,False,,,0,0,0,neutral,,
2000-06-07,Wednesday,False,,,0,0,0,neutral,,
2000-06-08,Thursday,False,,,0,0,0,neutral,,
2000-06-09,Friday,False,,,0,0,0,neutral,,
2000-06-10,Saturday,False,,,0,0,0,neutral,,
2000-06-11,Sunday,False,,,0,0,0,neutral,,
2000-06-12,Monday,False,,,0,0,0,neutral,,
2000-06-13,Tuesday,False,,,0,0,0,neutral,,
2000-06-14,Wednesday,False,,,0,0,0,neutral,,
2000-06-15,Thursday,True,Milad-un-Nabi (estimated),muslim,0,0,0,neutral,,
2000-06-16,Friday,False,,,0,0,0,neutral,,
2000-06-17,Saturday,False,,,0,0,0,neutral,,
2000-06-18,Sunday,False,,,0,0,0,neutral,,
2000-06-19,Monday,False,,,0,0,0,neutral,,
2000-06-20,Tuesday,False,,,0,0,0,neutral,,
2000-06-21,Wednesday,False,,,0,0,0,neutral,,
2000-06-22,Thursday,False,,,0,0,0,neutral,,
2000-06-23,Friday,False,,,0,0,0,neutral,,
2000-06-24,Saturday,False,,,0,0,0,neutral,,
2000-06-25,Sunday,False,,,0,0,0,neutral,,
2000-06-26,Monday,False,,,0,0,0,neutral,,
2000-06-27,Tuesday,False,,,0,0,0,neutral,,
2000-06-28,Wednesday,False,,,0,0,0,neutral,,
2000-06-29,Thursday,False,,,0,0,0,neutral,,
2000-06-30,Friday,False,,,0,0,0,neutral,,
2000-07-01,Saturday,False,,,0,0,0,neutral,,
2000-07-02,Sunday,False,,,0,0,0,neutral,,
2000-07-03,Monday,False,,,0,0,0,neutral,,
2000-07-04,Tuesday,False,,,0,0,0,neutral,,
2000-07-05,Wednesday,False,,,0,0,0,neutral,,
2000-07-06,Thursday,False,,,0,0,0,neutral,,
2000-07-07,Friday,False,,,0,0,0,neutral,,
2000-07-08,Saturday,False,,,0,0,0,neutral,,
2000-07-09,Sunday,False,,,0,0,0,neutral,,
2000-07-10,Monday,False,,,0,0,0,neutral,,
2000-07-11,Tuesday,False,,,0,0,0,neutral,,
2000-07-12,Wednesday,False,,,0,0,0,neutral,,
2000-07-13,Thursday,False,,,0,0,0,neutral,,
2000-07-14,Friday,False,,,0,0,0,neutral,,
2000-07-15,Saturday,False,,,0,0,0,neutral,,
2000-07-16,Sunday,False,,,0,0,0,neutral,,
2000-07-17,Monday,False,,,0,0,0,neutral,,
2000-07-18,Tuesday,False,,,0,0,0,neutral,,
2000-07-19,Wednesday,False,,,0,0,0,neutral,,
2000-07-20,Thursday,False,,,0,0,0,neutral,,
2000-07-21,Friday,False,,,0,0,0,neutral,,
2000-07-22,Saturday,False,,,0,0,0,neutral,,
2000-07-23,Sunday,False,,,0,0,0,neutral,,
2000-07-24,Monday,False,,,0,0,0,neutral,,
2000-07-25,Tuesday,False,,,0,0,0,neutral,,
2000-07-26,Wednesday,False,,,0,0,0,neutral,,
2000-07-27,Thursday,False,,,0,0,0,neutral,,
2000-07-28,Friday,False,,,0,0,0,neutral,,
2000-07-29,Saturday,False,,,0,0,0,neutral,,
2000-07-30,Sunday,False,,,0,0,0,neutral,,
2000-07-31,Monday,False,,,0,0,0,neutral,,
2000-08-01,Tuesday,False,,,0,0,0,neutral,,
2000-08-02,Wednesday,False,,,0,0,0,neutral,,
2000-08-03,Thursday,False,,,0,0,0,neutral,,
2000-08-04,Friday,False,,,0,0,0,neutral,,
2000-08-05,Saturday,False,,,0,0,0,neutral,,
2000-08-06,Sunday,False,,,0,0,0,neutral,,
2000-08-07,Monday,False,,,0,0,0,neutral,,
2000-08-08,Tuesday,False,,,0,0,0,neutral,,
2000-08-09,Wednesday,False,,,0,0,0,neutral,,
2000-08-10,Thursday,False,,,0,0,0,neutral,,
2000-08-11,Friday,False,,,0,0,0,neutral,,
2000-08-12,Saturday,False,,,0,0,0,neutral,,
2000-08-13,Sunday,False,,,0,0,0,neutral,,
2000-08-14,Monday,False,,,0,0,0,neutral,,
2000-08-15,Tuesday,True,Independence Day,general,0,0,0,neutral,,
2000-08-16,Wednesday,False,,,0,0,0,neutral,,
2000-08-17,Thursday,False,,,0,0,0,neutral,,
2000-08-18,Friday,False,,,0,0,0,neutral,,
2000-08-19,Saturday,False,,,0,0,0,neutral,,
2000-08-20,Sunday,False,,,0,0,0,neutral,,
2000-08-21,Monday,False,,,0,0,0,neutral,,
2000-08-22,Tuesday,False,,,0,0,0,neutral,,
2000-08-23,Wednesday,False,,,0,0,0,neutral,,
2000-08-24,Thursday,False,,,0,0,0,neutral,,
2000-08-25,Friday,False,,,0,0,0,neutral,,
2000-08-26,Saturday,False,,,0,0,0,neutral,,
2000-08-27,Sunday,False,,,0,0,0,neutral,,
2000-08-28,Monday,False,,,0,0,0,neutral,,
2000-08-29,Tuesday,False,,,0,0,0,neutral,,
2000-08-30,Wednesday,False,,,0,0,0,neutral,,
2000-08-31,Thursday,False,,,0,0,0,neutral,,
2000-09-01,Friday,False,,,0,0,0,neutral,,
2000-09-02,Saturday,False,,,0,0,0,neutral,,
2000-09-03,Sunday,False,,,0,0,0,neutral,,
2000-09-04,Monday,False,,,0,0,0,neutral,,
2000-09-05,Tuesday,False,,,0,0,0,neutral,,
2000-09-06,Wednesday,False,,,0,0,0,neutral,,
2000-09-07,Thursday,False,,,0,0,0,neutral,,
2000-09-08,Friday,False,,,0,0,0,neutral,,
2000-09-09,Saturday,False,,,0,0,0,neutral,,
2000-09-10,Sunday,False,,,0,0,0,neutral,,
2000-09-11,Monday,False,,,0,0,0,neutral,,
2000-09-12,Tuesday,False,,,0,0,0,neutral,,
2000-09-13,Wednesday,False,,,0,0,0,neutral,,
2000-09-14,Thursday,False,,,0,0,0,neutral,,
2000-09-15,Friday,False,,,0,0,0,neutral,,
2000-09-16,Saturday,False,,,0,0,0,neutral,,
2000-09-17,Sunday,False,,,0,0,0,neutral,,
2000-09-18,Monday,False,,,0,0,0,neutral,,
2000-09-19,Tuesday,False,,,0,0,0,neutral,,
2000-09-20,Wednesday,False,,,0,0,0,neutral,,
2000-09-21,Thursday,False,,,0,0,0,neutral,,
2000-09-22,Friday,False,,,0,0,0,neutral,,
2000-09-23,Saturday,False,,,0,0,0,neutral,,
2000-09-24,Sunday,False,,,0,0,0,neutral,,
2000-09-25,Monday,False,,,0,0,0,neutral,,
2000-09-26,Tuesday,False,,,0,0,0,neutral,,
2000-09-27,Wednesday,False,,,0,0,0,neutral,,
2000-09-28,Thursday,False,,,0,0,0,neutral,,
2000-09-29,Friday,False,,,0,0,0,neutral,,
2000-09-30,Saturday,False,,,0,0,0,neutral,,
2000-10-01,Sunday,False,,,0,0,0,neutral,,
2000-10-02,Monday,True,Gandhi Jayanti,general,0,0,0,neutral,,
2000-10-03,Tuesday,False,,,0,0,0,neutral,,
2000-10-04,Wednesday,False,,,0,0,0,neutral,,
2000-10-05,Thursday,False,,,0,0,0,neutral,,
2000-10-06,Friday,False,,,0,0,0,neutral,,
2000-10-07,Saturday,False,,,0,0,0,neutral,,
2000-10-08,Sunday,False,,,0,0,0,neutral,,
2000-10-09,Monday,False,,,0,0,0,neutral,,
2000-10-10,Tuesday,False,,,0,0,0,neutral,,
2000-10-11,Wednesday,False,,,0,0,0,neutral,,
2000-10-12,Thursday,False,,,0,0,0,neutral,,
2000-10-13,Friday,False,,,0,0,0,neutral,,
2000-10-14,Saturday,False,,,0,0,0,neutral,,
2000-10-15,Sunday,False,,,0,0,0,neutral,,
2000-10-16,Monday,False,,,0,0,0,neutral,,
2000-10-17,Tuesday,False,,,0,0,0,neutral,,
2000-10-18,Wednesday,False,,,0,0,0,neutral,,
2000-10-19,Thursday,False,,,0,0,0,neutral,,
2000-10-20,Friday,False,,,0,0,0,neutral,,
2000-10-21,Saturday,False,,,0,0,0,neutral,,
2000-10-22,Sunday,False,,,0,0,0,neutral,,
2000-10-23,Monday,False,,,0,0,0,neutral,,
2000-10-24,Tuesday,False,,,0,0,0,neutral,,
2000-10-25,Wednesday,False,,,0,0,0,neutral,,
2000-10-26,Thursday,False,,,0,0,0,neutral,,
2000-10-27,Friday,False,,,0,0,0,neutral,,
2000-10-28,Saturday,False,,,0,0,0,neutral,,
2000-10-29,Sunday,False,,,0,0,0,neutral,,
2000-10-30,Monday,False,,,0,0,0,neutral,,
2000-10-31,Tuesday,False,,,0,0,0,neutral,,
2000-11-01,Wednesday,False,,,0,0,0,neutral,,
2000-11-02,Thursday,False,,,0,0,0,neutral,,
2000-11-03,Friday,False,,,0,0,0,neutral,,
2000-11-04,Saturday,False,,,0,0,0,neutral,,
2000-11-05,Sunday,False,,,0,0,0,neutral,,
2000-11-06,Monday,False,,,0,0,0,neutral,,
2000-11-07,Tuesday,False,,,0,0,0,neutral,,
2000-11-08,Wednesday,False,,,0,0,0,neutral,,
2000-11-09,Thursday,False,,,0,0,0,neutral,,
2000-11-10,Friday,False,,,0,0,0,neutral,,
2000-11-11,Saturday,False,,,0,0,0,neutral,,
2000-11-12,Sunday,False,,,0,0,0,neutral,,
2000-11-13,Monday,False,,,0,0,0,neutral,,
2000-11-14,Tuesday,False,,,0,0,0,neutral,,
2000-11-15,Wednesday,False,,,0,0,0,neutral,,
2000-11-16,Thursday,False,,,0,0,0,neutral,,
2000-11-17,Friday,False,,,0,0,0,neutral,,
2000-11-18,Saturday,False,,,0,0,0,neutral,,
2000-11-19,Sunday,False,,,0,0,0,neutral,,
2000-11-20,Monday,False,,,0,0,0,neutral,,
2000-11-21,Tuesday,False,,,0,0,0,neutral,,
2000-11-22,Wednesday,False,,,0,0,0,neutral,,
2000-11-23,Thursday,False,,,0,0,0,neutral,,
2000-11-24,Friday,False,,,0,0,0,neutral,,
2000-11-25,Saturday,False,,,0,0,0,neutral,,
2000-11-26,Sunday,False,,,0,0,0,neutral,,
2000-11-27,Monday,False,,,0,0,0,neutral,,
2000-11-28,Tuesday,False,,,0,0,0,neutral,,
2000-11-29,Wednesday,False,,,0,0,0,neutral,,
2000-11-30,Thursday,False,,,0,0,0,neutral,,
2000-12-01,Friday,False,,,0,0,0,neutral,,
2000-12-02,Saturday,False,,,0,0,0,neutral,,
2000-12-03,Sunday,False,,,0,0,0,neutral,,
2000-12-04,Monday,False,,,0,0,0,neutral,,
2000-12-05,Tuesday,False,,,0,0,0,neutral,,
2000-12-06,Wednesday,False,,,0,0,0,neutral,,
2000-12-07,Thursday,False,,,0,0,0,neutral,,
2000-12-08,Friday,False,,,0,0,0,neutral,,
2000-12-09,Saturday,False,,,0,0,0,neutral,,
2000-12-10,Sunday,False,,,0,0,0,neutral,,
2000-12-11,Monday,False,,,0,0,0,neutral,,
2000-12-12,Tuesday,False,,,0,0,0,neutral,,
2000-12-13,Wednesday,False,,,0,0,0,neutral,,
2000-12-14,Thursday,False,,,0,0,0,neutral,,
2000-12-15,Friday,False,,,0,0,0,neutral,,
2000-12-16,Saturday,False,,,0,0,0,neutral,,
2000-12-17,Sunday,False,,,0,0,0,neutral,,
2000-12-18,Monday,False,,,0,0,0,neutral,,
2000-12-19,Tuesday,False,,,0,0,0,neutral,,
2000-12-20,Wednesday,False,,,0,0,0,neutral,,
2000-12-21,Thursday,False,,,0,0,0,neutral,,
2000-12-22,Friday,False,,,0,0,0,neutral,,
2000-12-23,Saturday,False,,,0,0,0,neutral,,
2000-12-24,Sunday,False,,,0,0,0,neutral,,
2000-12-25,Monday,True,Christmas,christian,0,0,0,neutral,,
2000-12-26,Tuesday,False,,,0,0,0,neutral,,
2000-12-27,Wednesday,False,,,0,0,0,neutral,,
2000-12-28,Thursday,True,Id-ul-Fitr (estimated),general,0,0,0,neutral,,
2000-12-29,Friday,False,,,0,0,0,neutral,,
2000-12-30,Saturday,False,,,0,0,0,neutral,,
2000-12-31,Sunday,False,,,0,0,0,neutral,,
2001-01-01,Monday,False,,,1,0,0,neutral,"Greece adopts the Euro, becoming the 12th Eurozone country.",https://en.wikipedia.org/wiki/Greece
2001-01-02,Tuesday,False,,,0,0,0,neutral,,
2001-01-03,Wednesday,False,,,0,0,0,neutral,,
2001-01-04,Thursday,False,,,0,0,0,neutral,,
2001-01-05,Friday,False,,,0,0,0,neutral,,
2001-01-06,Saturday,False,,,0,0,0,neutral,,
2001-01-07,Sunday,False,,,0,0,0,neutral,,
2001-01-08,Monday,False,,,0,0,0,neutral,,
2001-01-09,Tuesday,False,,,1,1,0,good,"Wikipedia, a free wiki content encyclopedia, is launched (Wikipedia Day).",https://en.wikipedia.org/wiki/Wikipedia
2001-01-10,Wednesday,False,,,0,0,0,neutral,,
2001-01-11,Thursday,False,,,0,0,0,neutral,,
2001-01-12,Friday,False,,,1,1,0,good,"Downtown Disney opens to the public as part of the Disneyland Resort in Anaheim, California.",https://en.wikipedia.org/wiki/Downtown_Disney
2001-01-13,Saturday,False,,,1,0,1,bad,"An earthquake hits El Salvador, killing more than 800.",https://en.wikipedia.org/wiki/January_2001_El_Salvador_earthquake
2001-01-14,Sunday,False,,,0,0,0,neutral,,
2001-01-15,Monday,False,,,0,0,0,neutral,,
2001-01-16,Tuesday,False,,,0,0,0,neutral,,
2001-01-17,Wednesday,False,,,2,0,2,bad,Second Congo War: Congolese President Laurent-Désiré Kabila is assassinated by one of his own bodyguards in Kinshasa. || US President Bill Clinton awards former President Theodore Roosevelt a posthumous Medal of Honor for his service in the Spanish–American War.,https://en.wikipedia.org/wiki/Second_Congo_War || https://en.wikipedia.org/wiki/Bill_Clinton
2001-01-18,Thursday,False,,,0,0,0,neutral,,
2001-01-19,Friday,False,,,0,0,0,neutral,,
2001-01-20,Saturday,False,,,1,0,0,neutral,"President of the Philippines Joseph Estrada is ousted in a nonviolent four-day revolution, and is succeeded by Gloria Macapagal Arroyo.",https://en.wikipedia.org/wiki/President_of_the_Philippines
2001-01-21,Sunday,False,,,0,0,0,neutral,,
2001-01-22,Monday,False,,,0,0,0,neutral,,
2001-01-23,Tuesday,False,,,1,0,0,neutral,"Five people attempt to set themselves on fire in Beijing's Tiananmen Square, an act that many people later claim is staged by the Chinese Communist Party to frame Falun Gong and thus escalate their persecution.",https://en.wikipedia.org/wiki/2001_Tiananmen_Square_self-immolation_incident
2001-01-24,Wednesday,False,,,0,0,0,neutral,,
2001-01-25,Thursday,False,,,0,0,0,neutral,,
2001-01-26,Friday,True,Republic Day,general,2,0,2,bad,"The 7.7 Mw Gujarat earthquake shakes Western India, leaving 13,805–20,023 dead and about 166,800 injured. || Diane Whipple, a lacrosse coach, is killed in a dog attack in San Francisco. The resulting court case clarified the meaning of implied malice murder.",https://en.wikipedia.org/wiki/Seismic_magnitude_scales || https://en.wikipedia.org/wiki/Death_of_Diane_Whipple
2001-01-27,Saturday,False,,,0,0,0,neutral,,
2001-01-28,Sunday,False,,,0,0,0,neutral,,
2001-01-29,Monday,False,,,1,0,0,neutral,Thousands of student protesters in Indonesia storm parliament and demand that President Abdurrahman Wahid resign due to alleged involvement in corruption scandals.,https://en.wikipedia.org/wiki/Indonesia
2001-01-30,Tuesday,False,,,0,0,0,neutral,,
2001-01-31,Wednesday,False,,,2,0,1,bad,"In the Netherlands, a Scottish court convicts Libyan Abdelbaset al-Megrahi and acquits another Libyan citizen for their part in the bombing of Pan Am Flight 103 over Lockerbie, Scotland in 1988. || Two Japan Airlines planes nearly collide over Suruga Bay in Japan.",https://en.wikipedia.org/wiki/Libya || https://en.wikipedia.org/wiki/Japan_Airlines
2001-02-01,Thursday,False,,,0,0,0,neutral,,
2001-02-02,Friday,False,,,0,0,0,neutral,,
2001-02-03,Saturday,False,,,0,0,0,neutral,,
2001-02-04,Sunday,False,,,0,0,0,neutral,,
2001-02-05,Monday,False,,,0,0,0,neutral,,
2001-02-06,Tuesday,False,,,0,0,0,neutral,,
2001-02-07,Wednesday,False,,,1,1,0,good,"Space Shuttle program: Space Shuttle Atlantis is launched on mission STS-98, carrying the Destiny laboratory module to the International Space Station.",https://en.wikipedia.org/wiki/Space_Shuttle_Atlantis
2001-02-08,Thursday,False,,,0,0,0,neutral,,
2001-02-09,Friday,False,,,1,0,0,neutral,"The Ehime Maru and USS Greeneville collision takes place, killing nine of the thirty-five people on board the Japanese fishery high-school training ship Ehime Maru, leaving the USS Greeneville (SSN-772) with US $2 million in repairs, at Pearl Harbor.",https://en.wikipedia.org/wiki/Ehime_Maru_and_USS_Greeneville_collision
2001-02-10,Saturday,False,,,0,0,0,neutral,,
2001-02-11,Sunday,False,,,1,1,0,good,A Dutch programmer launched the Anna Kournikova virus infecting millions of emails via a trick photo of the tennis star.,https://en.wikipedia.org/wiki/Anna_Kournikova_(computer_virus)
2001-02-12,Monday,False,,,1,1,0,good,"NEAR Shoemaker spacecraft touches down in the ""saddle"" region of 433 Eros, becoming the first spacecraft to land on an asteroid.",https://en.wikipedia.org/wiki/NEAR_Shoemaker
2001-02-13,Tuesday,False,,,1,0,1,bad,"A magnitude 6.6 earthquake hits El Salvador, killing at least 315.",https://en.wikipedia.org/wiki/Seismic_magnitude_scales
2001-02-14,Wednesday,False,,,0,0,0,neutral,,
2001-02-15,Thursday,False,,,0,0,0,neutral,,
2001-02-16,Friday,False,,,1,1,0,good,The first draft of the complete human genome is published in Nature.,https://en.wikipedia.org/wiki/Human_genome
2001-02-17,Saturday,False,,,0,0,0,neutral,,
2001-02-18,Sunday,False,,,2,0,1,bad,"FBI agent Robert Hanssen is arrested for spying for the Soviet Union. He is ultimately convicted and sentenced to life imprisonment. || Sampit conflict: Inter-ethnic violence between Dayaks and Madurese breaks out in Sampit, Central Kalimantan, Indonesia, ultimately resulting in more than 500 deaths and 100,000 Madurese displaced from their homes.",https://en.wikipedia.org/wiki/Federal_Bureau_of_Investigation || https://en.wikipedia.org/wiki/Sampit_conflict
2001-02-19,Monday,False,,,0,0,0,neutral,,
2001-02-20,Tuesday,False,,,0,0,0,neutral,,
2001-02-21,Wednesday,True,Maha Shivaratri,general,0,0,0,neutral,,
2001-02-22,Thursday,False,,,0,0,0,neutral,,
2001-02-23,Friday,False,,,0,0,0,neutral,,
2001-02-24,Saturday,False,,,0,0,0,neutral,,
2001-02-25,Sunday,False,,,0,0,0,neutral,,
2001-02-26,Monday,False,,,0,0,0,neutral,,
2001-02-27,Tuesday,False,,,0,0,0,neutral,,
2001-02-28,Wednesday,False,,,1,0,1,bad,"The 2001 Nisqually earthquake, having a moment magnitude of 6.8, with epicenter in the southern Puget Sound, damages Seattle metropolitan area.",https://en.wikipedia.org/wiki/2001_Nisqually_earthquake
2001-03-01,Thursday,False,,,0,0,0,neutral,,
2001-03-02,Friday,False,,,1,0,1,bad,Loganair Flight 670A crashes while attempting to make a water landing in the Firth of Forth in Scotland.,https://en.wikipedia.org/wiki/Loganair_Flight_670A
2001-03-03,Saturday,False,,,0,0,0,neutral,,
2001-03-04,Sunday,False,,,0,0,0,neutral,,
2001-03-05,Monday,False,,,0,0,0,neutral,,
2001-03-06,Tuesday,True,Bakrid,muslim,0,0,0,neutral,,
2001-03-07,Wednesday,False,,,1,1,0,good,"Space Shuttle Discovery launches on STS-102, carrying the Expedition 2 crew to the International Space Station.",https://en.wikipedia.org/wiki/Space_Shuttle_Discovery
2001-03-08,Thursday,False,,,0,0,0,neutral,,
2001-03-09,Friday,False,,,1,0,1,bad,"In Mina, Saudi Arabia, 35 pilgrims are killed in a stampede on the Jamaraat Bridge during the Hajj.",https://en.wikipedia.org/wiki/Mina%2C_Saudi_Arabia
2001-03-10,Saturday,False,,,0,0,0,neutral,,
2001-03-11,Sunday,False,,,0,0,0,neutral,,
2001-03-12,Monday,False,,,0,0,0,neutral,,
2001-03-13,Tuesday,False,,,0,0,0,neutral,,
2001-03-14,Wednesday,False,,,0,0,0,neutral,,
2001-03-15,Thursday,False,,,0,0,0,neutral,,
2001-03-16,Friday,False,,,1,0,1,bad,"A series of bomb blasts in the city of Shijiazhuang, China kill 108 people and injure 38 others, the biggest mass murder in China in decades.",https://en.wikipedia.org/wiki/2001_Shijiazhuang_bombings
2001-03-17,Saturday,False,,,0,0,0,neutral,,
2001-03-18,Sunday,False,,,0,0,0,neutral,,
2001-03-19,Monday,False,,,0,0,0,neutral,,
2001-03-20,Tuesday,False,,,0,0,0,neutral,,
2001-03-21,Wednesday,False,,,0,0,0,neutral,,
2001-03-22,Thursday,False,,,0,0,0,neutral,,
2001-03-23,Friday,False,,,1,0,0,neutral,"The Russian Mir space station is disposed of, breaking up in the atmosphere before falling into the southern Pacific Ocean near Fiji.",https://en.wikipedia.org/wiki/Mir
2001-03-24,Saturday,False,,,0,0,0,neutral,,
2001-03-25,Sunday,False,,,0,0,0,neutral,,
2001-03-26,Monday,False,,,0,0,0,neutral,,
2001-03-27,Tuesday,False,,,0,0,0,neutral,,
2001-03-28,Wednesday,False,,,1,0,0,neutral,Athens International Airport Eleftherios Venizelos begins operation.,https://en.wikipedia.org/wiki/Athens_International_Airport
2001-03-29,Thursday,False,,,1,0,1,bad,"A Gulfstream III crashes on approach to Aspen/Pitkin County Airport in Aspen, Colorado. All 18 people on board are killed.",https://en.wikipedia.org/wiki/Gulfstream_III
2001-03-30,Friday,False,,,0,0,0,neutral,,
2001-03-31,Saturday,False,,,0,0,0,neutral,,
2001-04-01,Sunday,False,,,0,0,0,neutral,,
2001-04-02,Monday,False,,,0,0,0,neutral,,
2001-04-03,Tuesday,False,,,3,2,1,bad,"An EP-3E United States Navy surveillance aircraft collides with a Chinese People's Liberation Army Shenyang J-8 fighter jet. The Chinese pilot ejected but is subsequently lost. The Navy crew makes an emergency landing in Hainan, China and is detained. || Former President of Federal Republic of Yugoslavia Slobodan Milošević surrenders to police special forces, to be tried on war crimes charges. || Same-sex marriage becomes legal in the Netherlands, the first contemporary country to allow it.",https://en.wikipedia.org/wiki/Lockheed_EP-3 || https://en.wikipedia.org/wiki/President_of_Yugoslavia || https://en.wikipedia.org/wiki/Same-sex_marriage_in_the_Netherlands
2001-04-04,Wednesday,True,Muharram,muslim,0,0,0,neutral,,
2001-04-05,Thursday,False,,,0,0,0,neutral,,
2001-04-06,Friday,True,Mahavir Jayanti,general,0,0,0,neutral,,
2001-04-07,Saturday,False,,,1,1,0,good,NASA launches the 2001 Mars Odyssey orbiter.,https://en.wikipedia.org/wiki/NASA
2001-04-08,Sunday,False,,,0,0,0,neutral,,
2001-04-09,Monday,False,,,0,0,0,neutral,,
2001-04-10,Tuesday,False,,,0,0,0,neutral,,
2001-04-11,Wednesday,False,,,2,2,0,good,"The detained crew of a United States EP-3E aircraft that landed in Hainan, China after a collision with a J-8 fighter, is released. || The Australia national men's soccer team sets a world record for the largest victory in an international association football match, winning the game 31–0 against American Samoa at the 2002 FIFA World Cup qualifiers for OFC. Australia's Archie Thompson also breaks the record for most goals scored by a player in an international match by scoring 13 goals.",https://en.wikipedia.org/wiki/Lockheed_EP-3 || https://en.wikipedia.org/wiki/Australia_men's_national_soccer_team
2001-04-12,Thursday,False,,,0,0,0,neutral,,
2001-04-13,Friday,True,Good Friday,christian,0,0,0,neutral,,
2001-04-14,Saturday,False,,,0,0,0,neutral,,
2001-04-15,Sunday,False,,,0,0,0,neutral,,
2001-04-16,Monday,False,,,1,0,1,bad,"India and Bangladesh begin a five-day border conflict, but are unable to resolve the disputes about their border.",https://en.wikipedia.org/wiki/Bangladesh
2001-04-17,Tuesday,False,,,0,0,0,neutral,,
2001-04-18,Wednesday,False,,,0,0,0,neutral,,
2001-04-19,Thursday,False,,,1,1,0,good,Space Shuttle Endeavour is launched on STS-100 carrying the Canadarm2 to the International Space Station.,https://en.wikipedia.org/wiki/Space_Shuttle_Endeavour
2001-04-20,Friday,False,,,1,0,1,bad,President George W. Bush pledges U.S. military support in the event of a Chinese attack on Taiwan.,https://en.wikipedia.org/wiki/George_W._Bush
2001-04-21,Saturday,False,,,0,0,0,neutral,,
2001-04-22,Sunday,False,,,0,0,0,neutral,,
2001-04-23,Monday,False,,,0,0,0,neutral,,
2001-04-24,Tuesday,False,,,0,0,0,neutral,,
2001-04-25,Wednesday,False,,,0,0,0,neutral,,
2001-04-26,Thursday,False,,,0,0,0,neutral,,
2001-04-27,Friday,False,,,0,0,0,neutral,,
2001-04-28,Saturday,False,,,0,0,0,neutral,,
2001-04-29,Sunday,False,,,0,0,0,neutral,,
2001-04-30,Monday,True,Buddha Purnima,general,0,0,0,neutral,,
2001-05-01,Tuesday,False,,,0,0,0,neutral,,
2001-05-02,Wednesday,False,,,0,0,0,neutral,,
2001-05-03,Thursday,False,,,1,1,0,good,The United States loses its seat on the U.N. Human Rights Commission for the first time since the commission was formed in 1947.,https://en.wikipedia.org/wiki/United_Nations_Commission_on_Human_Rights
2001-05-04,Friday,False,,,0,0,0,neutral,,
2001-05-05,Saturday,False,,,0,0,0,neutral,,
2001-05-06,Sunday,False,,,1,1,0,good,"During a trip to Syria, Pope John Paul II becomes the first pope to enter a mosque.",https://en.wikipedia.org/wiki/Syria
2001-05-07,Monday,False,,,0,0,0,neutral,,
2001-05-08,Tuesday,False,,,0,0,0,neutral,,
2001-05-09,Wednesday,False,,,1,0,1,bad,"In Ghana, 129 football fans die in what became known as the Accra Sports Stadium disaster. The deaths are caused by a stampede (caused by the firing of tear gas by police personnel at the stadium) that followed a controversial decision by the referee.",https://en.wikipedia.org/wiki/Ghana
2001-05-10,Thursday,False,,,0,0,0,neutral,,
2001-05-11,Friday,False,,,0,0,0,neutral,,
2001-05-12,Saturday,False,,,0,0,0,neutral,,
2001-05-13,Sunday,False,,,0,0,0,neutral,,
2001-05-14,Monday,False,,,0,0,0,neutral,,
2001-05-15,Tuesday,False,,,0,0,0,neutral,,
2001-05-16,Wednesday,False,,,0,0,0,neutral,,
2001-05-17,Thursday,False,,,0,0,0,neutral,,
2001-05-18,Friday,False,,,0,0,0,neutral,,
2001-05-19,Saturday,False,,,0,0,0,neutral,,
2001-05-20,Sunday,False,,,0,0,0,neutral,,
2001-05-21,Monday,False,,,0,0,0,neutral,,
2001-05-22,Tuesday,False,,,0,0,0,neutral,,
2001-05-23,Wednesday,False,,,0,0,0,neutral,,
2001-05-24,Thursday,False,,,0,0,0,neutral,,
2001-05-25,Friday,False,,,0,0,0,neutral,,
2001-05-26,Saturday,False,,,0,0,0,neutral,,
2001-05-27,Sunday,False,,,0,0,0,neutral,,
2001-05-28,Monday,False,,,0,0,0,neutral,,
2001-05-29,Tuesday,False,,,0,0,0,neutral,,
2001-05-30,Wednesday,False,,,0,0,0,neutral,,
2001-05-31,Thursday,False,,,0,0,0,neutral,,
2001-06-01,Friday,False,,,0,0,0,neutral,,
2001-06-02,Saturday,False,,,0,0,0,neutral,,
2001-06-03,Sunday,False,,,0,0,0,neutral,,
2001-06-04,Monday,False,,,0,0,0,neutral,,
2001-06-05,Tuesday,True,Milad-un-Nabi,muslim,0,0,0,neutral,,
2001-06-06,Wednesday,False,,,0,0,0,neutral,,
2001-06-07,Thursday,False,,,0,0,0,neutral,,
2001-06-08,Friday,False,,,0,0,0,neutral,,
2001-06-09,Saturday,False,,,0,0,0,neutral,,
2001-06-10,Sunday,False,,,0,0,0,neutral,,
2001-06-11,Monday,False,,,0,0,0,neutral,,
2001-06-12,Tuesday,False,,,0,0,0,neutral,,
2001-06-13,Wednesday,False,,,0,0,0,neutral,,
2001-06-14,Thursday,False,,,0,0,0,neutral,,
2001-06-15,Friday,False,,,0,0,0,neutral,,
2001-06-16,Saturday,False,,,0,0,0,neutral,,
2001-06-17,Sunday,False,,,0,0,0,neutral,,
2001-06-18,Monday,False,,,0,0,0,neutral,,
2001-06-19,Tuesday,False,,,0,0,0,neutral,,
2001-06-20,Wednesday,False,,,0,0,0,neutral,,
2001-06-21,Thursday,False,,,0,0,0,neutral,,
2001-06-22,Friday,False,,,0,0,0,neutral,,
2001-06-23,Saturday,False,,,0,0,0,neutral,,
2001-06-24,Sunday,False,,,0,0,0,neutral,,
2001-06-25,Monday,False,,,0,0,0,neutral,,
2001-06-26,Tuesday,False,,,0,0,0,neutral,,
2001-06-27,Wednesday,False,,,0,0,0,neutral,,
2001-06-28,Thursday,False,,,0,0,0,neutral,,
2001-06-29,Friday,False,,,0,0,0,neutral,,
2001-06-30,Saturday,False,,,0,0,0,neutral,,
2001-07-01,Sunday,False,,,0,0,0,neutral,,
2001-07-02,Monday,False,,,0,0,0,neutral,,
2001-07-03,Tuesday,False,,,0,0,0,neutral,,
2001-07-04,Wednesday,False,,,0,0,0,neutral,,
2001-07-05,Thursday,False,,,0,0,0,neutral,,
2001-07-06,Friday,False,,,0,0,0,neutral,,
2001-07-07,Saturday,False,,,0,0,0,neutral,,
2001-07-08,Sunday,False,,,0,0,0,neutral,,
2001-07-09,Monday,False,,,0,0,0,neutral,,
2001-07-10,Tuesday,False,,,0,0,0,neutral,,
2001-07-11,Wednesday,False,,,0,0,0,neutral,,
2001-07-12,Thursday,False,,,0,0,0,neutral,,
2001-07-13,Friday,False,,,0,0,0,neutral,,
2001-07-14,Saturday,False,,,0,0,0,neutral,,
2001-07-15,Sunday,False,,,0,0,0,neutral,,
2001-07-16,Monday,False,,,0,0,0,neutral,,
2001-07-17,Tuesday,False,,,0,0,0,neutral,,
2001-07-18,Wednesday,False,,,0,0,0,neutral,,
2001-07-19,Thursday,False,,,0,0,0,neutral,,
2001-07-20,Friday,False,,,0,0,0,neutral,,
2001-07-21,Saturday,False,,,0,0,0,neutral,,
2001-07-22,Sunday,False,,,0,0,0,neutral,,
2001-07-23,Monday,False,,,0,0,0,neutral,,
2001-07-24,Tuesday,False,,,0,0,0,neutral,,
2001-07-25,Wednesday,False,,,0,0,0,neutral,,
2001-07-26,Thursday,False,,,0,0,0,neutral,,
2001-07-27,Friday,False,,,0,0,0,neutral,,
2001-07-28,Saturday,False,,,0,0,0,neutral,,
2001-07-29,Sunday,False,,,0,0,0,neutral,,
2001-07-30,Monday,False,,,0,0,0,neutral,,
2001-07-31,Tuesday,False,,,0,0,0,neutral,,
2001-08-01,Wednesday,False,,,0,0,0,neutral,,
2001-08-02,Thursday,False,,,0,0,0,neutral,,
2001-08-03,Friday,False,,,0,0,0,neutral,,
2001-08-04,Saturday,False,,,0,0,0,neutral,,
2001-08-05,Sunday,False,,,0,0,0,neutral,,
2001-08-06,Monday,False,,,0,0,0,neutral,,
2001-08-07,Tuesday,False,,,0,0,0,neutral,,
2001-08-08,Wednesday,False,,,0,0,0,neutral,,
2001-08-09,Thursday,False,,,0,0,0,neutral,,
2001-08-10,Friday,False,,,0,0,0,neutral,,
2001-08-11,Saturday,False,,,0,0,0,neutral,,
2001-08-12,Sunday,True,Janmashtami,hindu,0,0,0,neutral,,
2001-08-13,Monday,False,,,0,0,0,neutral,,
2001-08-14,Tuesday,False,,,0,0,0,neutral,,
2001-08-15,Wednesday,True,Independence Day,general,0,0,0,neutral,,
2001-08-16,Thursday,False,,,0,0,0,neutral,,
2001-08-17,Friday,False,,,0,0,0,neutral,,
2001-08-18,Saturday,False,,,0,0,0,neutral,,
2001-08-19,Sunday,False,,,0,0,0,neutral,,
2001-08-20,Monday,False,,,0,0,0,neutral,,
2001-08-21,Tuesday,False,,,0,0,0,neutral,,
2001-08-22,Wednesday,False,,,0,0,0,neutral,,
2001-08-23,Thursday,False,,,0,0,0,neutral,,
2001-08-24,Friday,False,,,0,0,0,neutral,,
2001-08-25,Saturday,False,,,0,0,0,neutral,,
2001-08-26,Sunday,False,,,0,0,0,neutral,,
2001-08-27,Monday,False,,,0,0,0,neutral,,
2001-08-28,Tuesday,False,,,0,0,0,neutral,,
2001-08-29,Wednesday,False,,,0,0,0,neutral,,
2001-08-30,Thursday,False,,,0,0,0,neutral,,
2001-08-31,Friday,False,,,0,0,0,neutral,,
2001-09-01,Saturday,False,,,0,0,0,neutral,,
2001-09-02,Sunday,False,,,0,0,0,neutral,,
2001-09-03,Monday,False,,,0,0,0,neutral,,
2001-09-04,Tuesday,False,,,0,0,0,neutral,,
2001-09-05,Wednesday,False,,,0,0,0,neutral,,
2001-09-06,Thursday,False,,,0,0,0,neutral,,
2001-09-07,Friday,False,,,0,0,0,neutral,,
2001-09-08,Saturday,False,,,0,0,0,neutral,,
2001-09-09,Sunday,False,,,0,0,0,neutral,,
2001-09-10,Monday,False,,,0,0,0,neutral,,
2001-09-11,Tuesday,False,,,0,0,0,neutral,,
2001-09-12,Wednesday,False,,,0,0,0,neutral,,
2001-09-13,Thursday,False,,,0,0,0,neutral,,
2001-09-14,Friday,False,,,0,0,0,neutral,,
2001-09-15,Saturday,False,,,0,0,0,neutral,,
2001-09-16,Sunday,False,,,0,0,0,neutral,,
2001-09-17,Monday,False,,,0,0,0,neutral,,
2001-09-18,Tuesday,False,,,0,0,0,neutral,,
2001-09-19,Wednesday,False,,,0,0,0,neutral,,
2001-09-20,Thursday,False,,,0,0,0,neutral,,
2001-09-21,Friday,False,,,0,0,0,neutral,,
2001-09-22,Saturday,False,,,0,0,0,neutral,,
2001-09-23,Sunday,False,,,0,0,0,neutral,,
2001-09-24,Monday,False,,,0,0,0,neutral,,
2001-09-25,Tuesday,False,,,0,0,0,neutral,,
2001-09-26,Wednesday,False,,,0,0,0,neutral,,
2001-09-27,Thursday,False,,,0,0,0,neutral,,
2001-09-28,Friday,False,,,0,0,0,neutral,,
2001-09-29,Saturday,False,,,0,0,0,neutral,,
2001-09-30,Sunday,False,,,0,0,0,neutral,,
2001-10-01,Monday,False,,,0,0,0,neutral,,
2001-10-02,Tuesday,True,Gandhi Jayanti,general,0,0,0,neutral,,
2001-10-03,Wednesday,False,,,0,0,0,neutral,,
2001-10-04,Thursday,False,,,0,0,0,neutral,,
2001-10-05,Friday,False,,,0,0,0,neutral,,
2001-10-06,Saturday,False,,,0,0,0,neutral,,
2001-10-07,Sunday,False,,,0,0,0,neutral,,
2001-10-08,Monday,False,,,0,0,0,neutral,,
2001-10-09,Tuesday,False,,,0,0,0,neutral,,
2001-10-10,Wednesday,False,,,0,0,0,neutral,,
2001-10-11,Thursday,False,,,0,0,0,neutral,,
2001-10-12,Friday,False,,,0,0,0,neutral,,
2001-10-13,Saturday,False,,,0,0,0,neutral,,
2001-10-14,Sunday,False,,,0,0,0,neutral,,
2001-10-15,Monday,False,,,0,0,0,neutral,,
2001-10-16,Tuesday,False,,,0,0,0,neutral,,
2001-10-17,Wednesday,False,,,0,0,0,neutral,,
2001-10-18,Thursday,False,,,0,0,0,neutral,,
2001-10-19,Friday,False,,,0,0,0,neutral,,
2001-10-20,Saturday,False,,,0,0,0,neutral,,
2001-10-21,Sunday,False,,,0,0,0,neutral,,
2001-10-22,Monday,False,,,0,0,0,neutral,,
2001-10-23,Tuesday,False,,,0,0,0,neutral,,
2001-10-24,Wednesday,False,,,0,0,0,neutral,,
2001-10-25,Thursday,False,,,0,0,0,neutral,,
2001-10-26,Friday,True,Dussehra,hindu,0,0,0,neutral,,
2001-10-27,Saturday,False,,,0,0,0,neutral,,
2001-10-28,Sunday,False,,,0,0,0,neutral,,
2001-10-29,Monday,False,,,0,0,0,neutral,,
2001-10-30,Tuesday,False,,,0,0,0,neutral,,
2001-10-31,Wednesday,False,,,0,0,0,neutral,,
2001-11-01,Thursday,False,,,0,0,0,neutral,,
2001-11-02,Friday,False,,,0,0,0,neutral,,
2001-11-03,Saturday,False,,,0,0,0,neutral,,
2001-11-04,Sunday,False,,,0,0,0,neutral,,
2001-11-05,Monday,False,,,0,0,0,neutral,,
2001-11-06,Tuesday,False,,,0,0,0,neutral,,
2001-11-07,Wednesday,False,,,0,0,0,neutral,,
2001-11-08,Thursday,False,,,0,0,0,neutral,,
2001-11-09,Friday,False,,,0,0,0,neutral,,
2001-11-10,Saturday,False,,,0,0,0,neutral,,
2001-11-11,Sunday,False,,,0,0,0,neutral,,
2001-11-12,Monday,False,,,0,0,0,neutral,,
2001-11-13,Tuesday,False,,,0,0,0,neutral,,
2001-11-14,Wednesday,True,Diwali,hindu,0,0,0,neutral,,
2001-11-15,Thursday,False,,,0,0,0,neutral,,
2001-11-16,Friday,False,,,0,0,0,neutral,,
2001-11-17,Saturday,False,,,0,0,0,neutral,,
2001-11-18,Sunday,False,,,0,0,0,neutral,,
2001-11-19,Monday,False,,,0,0,0,neutral,,
2001-11-20,Tuesday,False,,,0,0,0,neutral,,
2001-11-21,Wednesday,False,,,0,0,0,neutral,,
2001-11-22,Thursday,False,,,0,0,0,neutral,,
2001-11-23,Friday,False,,,0,0,0,neutral,,
2001-11-24,Saturday,False,,,0,0,0,neutral,,
2001-11-25,Sunday,False,,,0,0,0,neutral,,
2001-11-26,Monday,False,,,0,0,0,neutral,,
2001-11-27,Tuesday,False,,,0,0,0,neutral,,
2001-11-28,Wednesday,False,,,0,0,0,neutral,,
2001-11-29,Thursday,False,,,0,0,0,neutral,,
2001-11-30,Friday,True,Guru Nanak Jayanti,sikh,0,0,0,neutral,,
2001-12-01,Saturday,False,,,0,0,0,neutral,,
2001-12-02,Sunday,False,,,0,0,0,neutral,,
2001-12-03,Monday,False,,,0,0,0,neutral,,
2001-12-04,Tuesday,False,,,0,0,0,neutral,,
2001-12-05,Wednesday,False,,,0,0,0,neutral,,
2001-12-06,Thursday,False,,,0,0,0,neutral,,
2001-12-07,Friday,False,,,0,0,0,neutral,,
2001-12-08,Saturday,False,,,0,0,0,neutral,,
2001-12-09,Sunday,False,,,0,0,0,neutral,,
2001-12-10,Monday,False,,,0,0,0,neutral,,
2001-12-11,Tuesday,False,,,0,0,0,neutral,,
2001-12-12,Wednesday,False,,,0,0,0,neutral,,
2001-12-13,Thursday,False,,,0,0,0,neutral,,
2001-12-14,Friday,False,,,0,0,0,neutral,,
2001-12-15,Saturday,False,,,0,0,0,neutral,,
2001-12-16,Sunday,False,,,0,0,0,neutral,,
2001-12-17,Monday,True,Id-ul-Fitr,general,0,0,0,neutral,,
2001-12-18,Tuesday,False,,,0,0,0,neutral,,
2001-12-19,Wednesday,False,,,0,0,0,neutral,,
2001-12-20,Thursday,False,,,0,0,0,neutral,,
2001-12-21,Friday,False,,,0,0,0,neutral,,
2001-12-22,Saturday,False,,,0,0,0,neutral,,
2001-12-23,Sunday,False,,,0,0,0,neutral,,
2001-12-24,Monday,False,,,0,0,0,neutral,,
2001-12-25,Tuesday,True,Christmas,christian,0,0,0,neutral,,
2001-12-26,Wednesday,False,,,0,0,0,neutral,,
2001-12-27,Thursday,False,,,0,0,0,neutral,,
2001-12-28,Friday,False,,,0,0,0,neutral,,
2001-12-29,Saturday,False,,,0,0,0,neutral,,
2001-12-30,Sunday,False,,,0,0,0,neutral,,
2001-12-31,Monday,False,,,0,0,0,neutral,,
2002-01-01,Tuesday,False,,,0,0,0,neutral,,
2002-01-02,Wednesday,False,,,0,0,0,neutral,,
2002-01-03,Thursday,False,,,1,0,1,bad,"Israeli–Palestinian conflict: Israeli forces seize the Palestinian freighter Karine A in the Red Sea, finding 50 tons of weapons.",https://en.wikipedia.org/wiki/Israeli%E2%80%93Palestinian_conflict
2002-01-04,Friday,False,,,0,0,0,neutral,,
2002-01-05,Saturday,False,,,0,0,0,neutral,,
2002-01-06,Sunday,False,,,0,0,0,neutral,,
2002-01-07,Monday,False,,,0,0,0,neutral,,
2002-01-08,Tuesday,False,,,1,0,0,neutral,President of the United States George W. Bush signs into law the No Child Left Behind Act.,https://en.wikipedia.org/wiki/George_W._Bush
2002-01-09,Wednesday,False,,,0,0,0,neutral,,
2002-01-10,Thursday,False,,,0,0,0,neutral,,
2002-01-11,Friday,False,,,1,0,0,neutral,"Mount Nyiragongo erupts in the Democratic Republic of the Congo, displacing an estimated 400,000 people.",https://en.wikipedia.org/wiki/Mount_Nyiragongo
2002-01-12,Saturday,False,,,0,0,0,neutral,,
2002-01-13,Sunday,False,,,0,0,0,neutral,,
2002-01-14,Monday,False,,,0,0,0,neutral,,
2002-01-15,Tuesday,False,,,0,0,0,neutral,,
2002-01-16,Wednesday,False,,,0,0,0,neutral,,
2002-01-17,Thursday,False,,,1,0,1,bad,"War in Afghanistan: The UN Security Council unanimously establishes an arms embargo and the freezing of assets of Osama bin Laden, al-Qaeda, and the remaining members of the Taliban.",https://en.wikipedia.org/wiki/War_in_Afghanistan_(2001%E2%80%932021)
2002-01-18,Friday,False,,,1,0,1,bad,The Sierra Leone Civil War is declared over.,https://en.wikipedia.org/wiki/Sierra_Leone_Civil_War
2002-01-19,Saturday,False,,,0,0,0,neutral,,
2002-01-20,Sunday,False,,,0,0,0,neutral,,
2002-01-21,Monday,False,,,0,0,0,neutral,,
2002-01-22,Tuesday,False,,,0,0,0,neutral,,
2002-01-23,Wednesday,False,,,1,0,1,bad,"U.S. journalist Daniel Pearl is kidnapped in Karachi, Pakistan and subsequently murdered.",https://en.wikipedia.org/wiki/Daniel_Pearl
2002-01-24,Thursday,False,,,0,0,0,neutral,,
2002-01-25,Friday,False,,,0,0,0,neutral,,
2002-01-26,Saturday,True,Republic Day,general,0,0,0,neutral,,
2002-01-27,Sunday,False,,,1,0,1,bad,"An explosion at a military storage facility in Lagos, Nigeria, kills at least 1,100 people and displaces over 20,000 others.",https://en.wikipedia.org/wiki/2002_Lagos_armoury_explosion
2002-01-28,Monday,False,,,1,0,1,bad,"TAME Flight 120, a Boeing 727-100, crashes in the Andes mountains in southern Colombia, killing 94.",https://en.wikipedia.org/wiki/TAME_Flight_120
2002-01-29,Tuesday,False,,,1,0,1,bad,"In his State of the Union address, President George W. Bush describes ""regimes that sponsor terror"" as an Axis of evil, in which he includes Iraq, Iran and North Korea.",https://en.wikipedia.org/wiki/2002_State_of_the_Union_Address
2002-01-30,Wednesday,False,,,0,0,0,neutral,,
2002-01-31,Thursday,False,,,0,0,0,neutral,,
2002-02-01,Friday,False,,,1,0,0,neutral,"Daniel Pearl, American journalist and South Asia Bureau Chief of The Wall Street Journal, kidnapped on January 23, is beheaded and mutilated by his captors.",https://en.wikipedia.org/wiki/Daniel_Pearl
2002-02-02,Saturday,False,,,0,0,0,neutral,,
2002-02-03,Sunday,False,,,0,0,0,neutral,,
2002-02-04,Monday,False,,,0,0,0,neutral,,
2002-02-05,Tuesday,False,,,0,0,0,neutral,,
2002-02-06,Wednesday,False,,,0,0,0,neutral,,
2002-02-07,Thursday,False,,,0,0,0,neutral,,
2002-02-08,Friday,False,,,0,0,0,neutral,,
2002-02-09,Saturday,False,,,0,0,0,neutral,,
2002-02-10,Sunday,False,,,0,0,0,neutral,,
2002-02-11,Monday,False,,,0,0,0,neutral,,
2002-02-12,Tuesday,False,,,2,0,1,bad,"The trial of Slobodan Milošević, the former President of the Federal Republic of Yugoslavia, begins at the United Nations International Criminal Tribunal for the former Yugoslavia in The Hague, Netherlands. He dies four years later before its conclusion. || An Iran Airtour Tupolev Tu-154 crashes in the mountains outside Khorramabad, Iran while descending for a landing at Khorramabad Airport, killing 119.",https://en.wikipedia.org/wiki/Trial_of_Slobodan_Milo%C5%A1evi%C4%87 || https://en.wikipedia.org/wiki/Iran_Airtour
2002-02-13,Wednesday,False,,,0,0,0,neutral,,
2002-02-14,Thursday,False,,,0,0,0,neutral,,
2002-02-15,Friday,False,,,0,0,0,neutral,,
2002-02-16,Saturday,False,,,0,0,0,neutral,,
2002-02-17,Sunday,False,,,0,0,0,neutral,,
2002-02-18,Monday,False,,,0,0,0,neutral,,
2002-02-19,Tuesday,False,,,1,0,0,neutral,NASA's Mars Odyssey space probe begins to map the surface of Mars using its thermal emission imaging system.,https://en.wikipedia.org/wiki/NASA
2002-02-20,Wednesday,False,,,0,0,0,neutral,,
2002-02-21,Thursday,False,,,0,0,0,neutral,,
2002-02-22,Friday,False,,,1,0,1,bad,Angolan political and rebel leader Jonas Savimbi is killed in a military ambush.,https://en.wikipedia.org/wiki/Angola
2002-02-23,Saturday,True,Bakrid,muslim,0,0,0,neutral,,
2002-02-24,Sunday,False,,,0,0,0,neutral,,
2002-02-25,Monday,False,,,0,0,0,neutral,,
2002-02-26,Tuesday,False,,,0,0,0,neutral,,
2002-02-27,Wednesday,False,,,0,0,0,neutral,,
2002-02-28,Thursday,False,,,1,0,1,bad,"During the religious violence in Gujarat, 97 people are killed in the Naroda Patiya massacre and 69 in the Gulbarg Society massacre.",https://en.wikipedia.org/wiki/2002_Gujarat_violence
2002-03-01,Friday,False,,,3,2,1,bad,"U.S. invasion of Afghanistan: Operation Anaconda begins in eastern Afghanistan. || The Envisat environmental satellite successfully launches aboard an Ariane 5 rocket to reach an orbit of 800 km (500 mi) above the Earth, which was the then-largest payload at 10.5 m long and with a diameter of 4.57 m. || Space Shuttle Columbia is launched on STS-109 to service the Hubble Space Telescope.",https://en.wikipedia.org/wiki/War_in_Afghanistan_(2001%E2%80%932021) || https://en.wikipedia.org/wiki/Envisat || https://en.wikipedia.org/wiki/Space_Shuttle_Columbia
2002-03-02,Saturday,False,,,2,0,0,neutral,"Ryanair Flight 296 catches fire at London Stansted Airport causing minor injuries. || Godhra train burning: A Muslim mob torches a train returning from Ayodhya, killing 59 Hindu pilgrims.",https://en.wikipedia.org/wiki/Ryanair || https://en.wikipedia.org/wiki/Godhra_train_burning
2002-03-03,Sunday,False,,,1,0,1,bad,"U.S. invasion of Afghanistan: Operation Anaconda begins, (ending on March 19 after killing 500 Taliban and al-Qaeda fighters, with 11 Western troop fatalities).",https://en.wikipedia.org/wiki/War_in_Afghanistan_(2001%E2%80%932021)
2002-03-04,Monday,False,,,0,0,0,neutral,,
2002-03-05,Tuesday,False,,,0,0,0,neutral,,
2002-03-06,Wednesday,False,,,0,0,0,neutral,,
2002-03-07,Thursday,False,,,0,0,0,neutral,,
2002-03-08,Friday,False,,,0,0,0,neutral,,
2002-03-09,Saturday,False,,,1,0,1,bad,"An earthquake in Mindanao, Philippines, kills 15 people and injures more than 100.",https://en.wikipedia.org/wiki/2002_Mindanao_earthquake
2002-03-10,Sunday,False,,,0,0,0,neutral,,
2002-03-11,Monday,False,,,0,0,0,neutral,,
2002-03-12,Tuesday,True,Maha Shivaratri,general,0,0,0,neutral,,
2002-03-13,Wednesday,False,,,0,0,0,neutral,,
2002-03-14,Thursday,False,,,0,0,0,neutral,,
2002-03-15,Friday,False,,,0,0,0,neutral,,
2002-03-16,Saturday,False,,,0,0,0,neutral,,
2002-03-17,Sunday,False,,,0,0,0,neutral,,
2002-03-18,Monday,False,,,0,0,0,neutral,,
2002-03-19,Tuesday,False,,,0,0,0,neutral,,
2002-03-20,Wednesday,False,,,0,0,0,neutral,,
2002-03-21,Thursday,False,,,0,0,0,neutral,,
2002-03-22,Friday,False,,,0,0,0,neutral,,
2002-03-23,Saturday,False,,,0,0,0,neutral,,
2002-03-24,Sunday,True,Muharram,muslim,0,0,0,neutral,,
2002-03-25,Monday,False,,,0,0,0,neutral,,
2002-03-26,Tuesday,False,,,0,0,0,neutral,,
2002-03-27,Wednesday,False,,,2,0,2,bad,"Passover massacre: A Palestinian suicide bomber kills 29 people at a Passover seder in Netanya, Israel. || Nanterre massacre: In Nanterre, France, a gunman opens fire at the end of a town council meeting, resulting in the deaths of eight councilors; 19 other people are injured.",https://en.wikipedia.org/wiki/Passover_massacre || https://en.wikipedia.org/wiki/Nanterre_massacre
2002-03-28,Thursday,False,,,0,0,0,neutral,,
2002-03-29,Friday,True,Good Friday,christian,1,0,1,bad,"In reaction to the Passover massacre two days prior, Israel launches Operation Defensive Shield against Palestinian militants, its largest military operation in the West Bank since the 1967 Six-Day War.",https://en.wikipedia.org/wiki/Passover_massacre
2002-03-30,Saturday,False,,,1,0,1,bad,The 2002 Lyon car attack takes place.,https://en.wikipedia.org/wiki/2002_Lyon_synagogue_attack
2002-03-31,Sunday,False,,,0,0,0,neutral,,
2002-04-01,Monday,False,,,1,0,1,bad,The MPLA government of Angola and UNITA rebels sign a peace treaty ending the Angolan Civil War.,https://en.wikipedia.org/wiki/MPLA
2002-04-02,Tuesday,False,,,0,0,0,neutral,,
2002-04-03,Wednesday,False,,,0,0,0,neutral,,
2002-04-04,Thursday,False,,,1,0,0,neutral,"Israeli forces surround the Church of the Nativity in Bethlehem, into which armed Palestinians had retreated.",https://en.wikipedia.org/wiki/Israel
2002-04-05,Friday,False,,,0,0,0,neutral,,
2002-04-06,Saturday,False,,,0,0,0,neutral,,
2002-04-07,Sunday,False,,,0,0,0,neutral,,
2002-04-08,Monday,False,,,1,1,0,good,"The Space Shuttle Atlantis is launched on mission STS-110, carrying the S0 truss to the International Space Station. Astronaut Jerry L. Ross also becomes the first person to fly on seven spaceflights.",https://en.wikipedia.org/wiki/Space_Shuttle_Atlantis
2002-04-09,Tuesday,False,,,0,0,0,neutral,,
2002-04-10,Wednesday,False,,,0,0,0,neutral,,
2002-04-11,Thursday,False,,,2,0,2,bad,The Ghriba synagogue bombing by al-Qaeda kills 21 in Tunisia. || Over two hundred thousand people march in Caracas towards the presidential palace to demand the resignation of President Hugo Chávez. Nineteen protesters are killed.,https://en.wikipedia.org/wiki/Ghriba_synagogue_bombing || https://en.wikipedia.org/wiki/2002_Venezuelan_coup_attempt
2002-04-12,Friday,False,,,1,0,1,bad,"A suicide bomber blows herself up at the entrance to Jerusalem's Mahane Yehuda Market, killing seven people and wounding 104.",https://en.wikipedia.org/wiki/2002_Mahane_Yehuda_Market_bombing
2002-04-13,Saturday,False,,,0,0,0,neutral,,
2002-04-14,Sunday,False,,,1,0,0,neutral,Venezuelan president Hugo Chávez returns to office two days after being ousted and arrested by the country's military.,https://en.wikipedia.org/wiki/Venezuela
2002-04-15,Monday,False,,,1,0,1,bad,"Air China Flight 129 crashes on approach to Gimhae International Airport in Busan, South Korea, killing 129 people.",https://en.wikipedia.org/wiki/Air_China_Flight_129
2002-04-16,Tuesday,False,,,0,0,0,neutral,,
2002-04-17,Wednesday,False,,,0,0,0,neutral,,
2002-04-18,Thursday,False,,,0,0,0,neutral,,
2002-04-19,Friday,False,,,0,0,0,neutral,,
2002-04-20,Saturday,False,,,0,0,0,neutral,,
2002-04-21,Sunday,False,,,0,0,0,neutral,,
2002-04-22,Monday,False,,,0,0,0,neutral,,
2002-04-23,Tuesday,False,,,0,0,0,neutral,,
2002-04-24,Wednesday,False,,,1,0,0,neutral,"Robert Steinhäuser kills 16 at Gutenberg-Gymnasium in Erfurt, Germany before committing suicide.",https://en.wikipedia.org/wiki/Erfurt_school_massacre
2002-04-25,Thursday,True,Mahavir Jayanti,general,0,0,0,neutral,,
2002-04-26,Friday,False,,,0,0,0,neutral,,
2002-04-27,Saturday,False,,,0,0,0,neutral,,
2002-04-28,Sunday,False,,,0,0,0,neutral,,
2002-04-29,Monday,False,,,0,0,0,neutral,,
2002-04-30,Tuesday,False,,,0,0,0,neutral,,
2002-05-01,Wednesday,False,,,0,0,0,neutral,,
2002-05-02,Thursday,False,,,0,0,0,neutral,,
2002-05-03,Friday,False,,,0,0,0,neutral,,
2002-05-04,Saturday,False,,,1,0,1,bad,"One hundred three people are killed and 51 are injured in a plane crash near Mallam Aminu Kano International Airport in Kano, Nigeria.",https://en.wikipedia.org/wiki/EAS_Airlines_Flight_4226
2002-05-05,Sunday,False,,,0,0,0,neutral,,
2002-05-06,Monday,False,,,2,0,1,bad,Dutch politician Pim Fortuyn is assassinated following a radio-interview at the Mediapark in Hilversum. || Founding of SpaceX.,https://en.wikipedia.org/wiki/Pim_Fortuyn || https://en.wikipedia.org/wiki/SpaceX
2002-05-07,Tuesday,False,,,2,0,1,bad,"An EgyptAir Boeing 737-500 crashes on approach to Tunis–Carthage International Airport, killing 14 people. || A China Northern Airlines MD-82 plunges into the Yellow Sea, killing 112 people.",https://en.wikipedia.org/wiki/EgyptAir_Flight_843 || https://en.wikipedia.org/wiki/China_Northern_Airlines_Flight_6136
2002-05-08,Wednesday,False,,,0,0,0,neutral,,
2002-05-09,Thursday,False,,,1,0,1,bad,The 38-day stand-off in the Church of the Nativity in Bethlehem comes to an end when the Palestinians inside agree to have 13 suspected terrorists among them deported to several different countries.,https://en.wikipedia.org/wiki/Siege_of_the_Church_of_the_Nativity
2002-05-10,Friday,False,,,1,0,0,neutral,FBI agent Robert Hanssen is sentenced to life imprisonment without the possibility of parole for selling United States secrets to Russia for $1.4 million in cash and diamonds.,https://en.wikipedia.org/wiki/Robert_Hanssen
2002-05-11,Saturday,False,,,0,0,0,neutral,,
2002-05-12,Sunday,False,,,0,0,0,neutral,,
2002-05-13,Monday,False,,,0,0,0,neutral,,
2002-05-14,Tuesday,False,,,0,0,0,neutral,,
2002-05-15,Wednesday,False,,,0,0,0,neutral,,
2002-05-16,Thursday,False,,,0,0,0,neutral,,
2002-05-17,Friday,False,,,0,0,0,neutral,,
2002-05-18,Saturday,False,,,0,0,0,neutral,,
2002-05-19,Sunday,True,Buddha Purnima,general,0,0,0,neutral,,
2002-05-20,Monday,False,,,0,0,0,neutral,,
2002-05-21,Tuesday,False,,,0,0,0,neutral,,
2002-05-22,Wednesday,False,,,0,0,0,neutral,,
2002-05-23,Thursday,False,,,0,0,0,neutral,,
2002-05-24,Friday,False,,,0,0,0,neutral,,
2002-05-25,Saturday,True,Milad-un-Nabi,muslim,0,0,0,neutral,,
2002-05-26,Sunday,False,,,0,0,0,neutral,,
2002-05-27,Monday,False,,,0,0,0,neutral,,
2002-05-28,Tuesday,False,,,0,0,0,neutral,,
2002-05-29,Wednesday,False,,,0,0,0,neutral,,
2002-05-30,Thursday,False,,,0,0,0,neutral,,
2002-05-31,Friday,False,,,0,0,0,neutral,,
2002-06-01,Saturday,False,,,0,0,0,neutral,,
2002-06-02,Sunday,False,,,0,0,0,neutral,,
2002-06-03,Monday,False,,,0,0,0,neutral,,
2002-06-04,Tuesday,False,,,0,0,0,neutral,,
2002-06-05,Wednesday,False,,,0,0,0,neutral,,
2002-06-06,Thursday,False,,,0,0,0,neutral,,
2002-06-07,Friday,False,,,0,0,0,neutral,,
2002-06-08,Saturday,False,,,0,0,0,neutral,,
2002-06-09,Sunday,False,,,0,0,0,neutral,,
2002-06-10,Monday,False,,,0,0,0,neutral,,
2002-06-11,Tuesday,False,,,0,0,0,neutral,,
2002-06-12,Wednesday,False,,,0,0,0,neutral,,
2002-06-13,Thursday,False,,,0,0,0,neutral,,
2002-06-14,Friday,False,,,0,0,0,neutral,,
2002-06-15,Saturday,False,,,0,0,0,neutral,,
2002-06-16,Sunday,False,,,0,0,0,neutral,,
2002-06-17,Monday,False,,,0,0,0,neutral,,
2002-06-18,Tuesday,False,,,0,0,0,neutral,,
2002-06-19,Wednesday,False,,,0,0,0,neutral,,
2002-06-20,Thursday,False,,,0,0,0,neutral,,
2002-06-21,Friday,False,,,0,0,0,neutral,,
2002-06-22,Saturday,False,,,0,0,0,neutral,,
2002-06-23,Sunday,False,,,0,0,0,neutral,,
2002-06-24,Monday,False,,,0,0,0,neutral,,
2002-06-25,Tuesday,False,,,0,0,0,neutral,,
2002-06-26,Wednesday,False,,,0,0,0,neutral,,
2002-06-27,Thursday,False,,,0,0,0,neutral,,
2002-06-28,Friday,False,,,0,0,0,neutral,,
2002-06-29,Saturday,False,,,0,0,0,neutral,,
2002-06-30,Sunday,False,,,0,0,0,neutral,,
2002-07-01,Monday,False,,,0,0,0,neutral,,
2002-07-02,Tuesday,False,,,0,0,0,neutral,,
2002-07-03,Wednesday,False,,,0,0,0,neutral,,
2002-07-04,Thursday,False,,,0,0,0,neutral,,
2002-07-05,Friday,False,,,0,0,0,neutral,,
2002-07-06,Saturday,False,,,0,0,0,neutral,,
2002-07-07,Sunday,False,,,0,0,0,neutral,,
2002-07-08,Monday,False,,,0,0,0,neutral,,
2002-07-09,Tuesday,False,,,0,0,0,neutral,,
2002-07-10,Wednesday,False,,,0,0,0,neutral,,
2002-07-11,Thursday,False,,,0,0,0,neutral,,
2002-07-12,Friday,False,,,0,0,0,neutral,,
2002-07-13,Saturday,False,,,0,0,0,neutral,,
2002-07-14,Sunday,False,,,0,0,0,neutral,,
2002-07-15,Monday,False,,,0,0,0,neutral,,
2002-07-16,Tuesday,False,,,0,0,0,neutral,,
2002-07-17,Wednesday,False,,,0,0,0,neutral,,
2002-07-18,Thursday,False,,,0,0,0,neutral,,
2002-07-19,Friday,False,,,0,0,0,neutral,,
2002-07-20,Saturday,False,,,0,0,0,neutral,,
2002-07-21,Sunday,False,,,0,0,0,neutral,,
2002-07-22,Monday,False,,,0,0,0,neutral,,
2002-07-23,Tuesday,False,,,0,0,0,neutral,,
2002-07-24,Wednesday,False,,,0,0,0,neutral,,
2002-07-25,Thursday,False,,,0,0,0,neutral,,
2002-07-26,Friday,False,,,0,0,0,neutral,,
2002-07-27,Saturday,False,,,0,0,0,neutral,,
2002-07-28,Sunday,False,,,0,0,0,neutral,,
2002-07-29,Monday,False,,,0,0,0,neutral,,
2002-07-30,Tuesday,False,,,0,0,0,neutral,,
2002-07-31,Wednesday,False,,,0,0,0,neutral,,
2002-08-01,Thursday,False,,,0,0,0,neutral,,
2002-08-02,Friday,False,,,0,0,0,neutral,,
2002-08-03,Saturday,False,,,0,0,0,neutral,,
2002-08-04,Sunday,False,,,0,0,0,neutral,,
2002-08-05,Monday,False,,,0,0,0,neutral,,
2002-08-06,Tuesday,False,,,0,0,0,neutral,,
2002-08-07,Wednesday,False,,,0,0,0,neutral,,
2002-08-08,Thursday,False,,,0,0,0,neutral,,
2002-08-09,Friday,False,,,0,0,0,neutral,,
2002-08-10,Saturday,False,,,0,0,0,neutral,,
2002-08-11,Sunday,False,,,0,0,0,neutral,,
2002-08-12,Monday,False,,,0,0,0,neutral,,
2002-08-13,Tuesday,False,,,0,0,0,neutral,,
2002-08-14,Wednesday,False,,,0,0,0,neutral,,
2002-08-15,Thursday,True,Independence Day,general,0,0,0,neutral,,
2002-08-16,Friday,False,,,0,0,0,neutral,,
2002-08-17,Saturday,False,,,0,0,0,neutral,,
2002-08-18,Sunday,False,,,0,0,0,neutral,,
2002-08-19,Monday,False,,,0,0,0,neutral,,
2002-08-20,Tuesday,False,,,0,0,0,neutral,,
2002-08-21,Wednesday,False,,,0,0,0,neutral,,
2002-08-22,Thursday,False,,,0,0,0,neutral,,
2002-08-23,Friday,False,,,0,0,0,neutral,,
2002-08-24,Saturday,False,,,0,0,0,neutral,,
2002-08-25,Sunday,False,,,0,0,0,neutral,,
2002-08-26,Monday,False,,,0,0,0,neutral,,
2002-08-27,Tuesday,False,,,0,0,0,neutral,,
2002-08-28,Wednesday,False,,,0,0,0,neutral,,
2002-08-29,Thursday,False,,,0,0,0,neutral,,
2002-08-30,Friday,False,,,0,0,0,neutral,,
2002-08-31,Saturday,True,Janmashtami,hindu,0,0,0,neutral,,
2002-09-01,Sunday,False,,,0,0,0,neutral,,
2002-09-02,Monday,False,,,0,0,0,neutral,,
2002-09-03,Tuesday,False,,,0,0,0,neutral,,
2002-09-04,Wednesday,False,,,0,0,0,neutral,,
2002-09-05,Thursday,False,,,0,0,0,neutral,,
2002-09-06,Friday,False,,,0,0,0,neutral,,
2002-09-07,Saturday,False,,,0,0,0,neutral,,
2002-09-08,Sunday,False,,,0,0,0,neutral,,
2002-09-09,Monday,False,,,0,0,0,neutral,,
2002-09-10,Tuesday,False,,,0,0,0,neutral,,
2002-09-11,Wednesday,False,,,0,0,0,neutral,,
2002-09-12,Thursday,False,,,0,0,0,neutral,,
2002-09-13,Friday,False,,,0,0,0,neutral,,
2002-09-14,Saturday,False,,,0,0,0,neutral,,
2002-09-15,Sunday,False,,,0,0,0,neutral,,
2002-09-16,Monday,False,,,0,0,0,neutral,,
2002-09-17,Tuesday,False,,,0,0,0,neutral,,
2002-09-18,Wednesday,False,,,0,0,0,neutral,,
2002-09-19,Thursday,False,,,0,0,0,neutral,,
2002-09-20,Friday,False,,,0,0,0,neutral,,
2002-09-21,Saturday,False,,,0,0,0,neutral,,
2002-09-22,Sunday,False,,,0,0,0,neutral,,
2002-09-23,Monday,False,,,0,0,0,neutral,,
2002-09-24,Tuesday,False,,,0,0,0,neutral,,
2002-09-25,Wednesday,False,,,0,0,0,neutral,,
2002-09-26,Thursday,False,,,0,0,0,neutral,,
2002-09-27,Friday,False,,,0,0,0,neutral,,
2002-09-28,Saturday,False,,,0,0,0,neutral,,
2002-09-29,Sunday,False,,,0,0,0,neutral,,
2002-09-30,Monday,False,,,0,0,0,neutral,,
2002-10-01,Tuesday,False,,,0,0,0,neutral,,
2002-10-02,Wednesday,True,Gandhi Jayanti,general,0,0,0,neutral,,
2002-10-03,Thursday,False,,,0,0,0,neutral,,
2002-10-04,Friday,False,,,0,0,0,neutral,,
2002-10-05,Saturday,False,,,0,0,0,neutral,,
2002-10-06,Sunday,False,,,0,0,0,neutral,,
2002-10-07,Monday,False,,,0,0,0,neutral,,
2002-10-08,Tuesday,False,,,0,0,0,neutral,,
2002-10-09,Wednesday,False,,,0,0,0,neutral,,
2002-10-10,Thursday,False,,,0,0,0,neutral,,
2002-10-11,Friday,False,,,0,0,0,neutral,,
2002-10-12,Saturday,False,,,0,0,0,neutral,,
2002-10-13,Sunday,False,,,0,0,0,neutral,,
2002-10-14,Monday,False,,,0,0,0,neutral,,
2002-10-15,Tuesday,True,Dussehra,hindu,0,0,0,neutral,,
2002-10-16,Wednesday,False,,,0,0,0,neutral,,
2002-10-17,Thursday,False,,,0,0,0,neutral,,
2002-10-18,Friday,False,,,0,0,0,neutral,,
2002-10-19,Saturday,False,,,0,0,0,neutral,,
2002-10-20,Sunday,False,,,0,0,0,neutral,,
2002-10-21,Monday,False,,,0,0,0,neutral,,
2002-10-22,Tuesday,False,,,0,0,0,neutral,,
2002-10-23,Wednesday,False,,,0,0,0,neutral,,
2002-10-24,Thursday,False,,,0,0,0,neutral,,
2002-10-25,Friday,False,,,0,0,0,neutral,,
2002-10-26,Saturday,False,,,0,0,0,neutral,,
2002-10-27,Sunday,False,,,0,0,0,neutral,,
2002-10-28,Monday,False,,,0,0,0,neutral,,
2002-10-29,Tuesday,False,,,0,0,0,neutral,,
2002-10-30,Wednesday,False,,,0,0,0,neutral,,
2002-10-31,Thursday,False,,,0,0,0,neutral,,
2002-11-01,Friday,False,,,0,0,0,neutral,,
2002-11-02,Saturday,False,,,0,0,0,neutral,,
2002-11-03,Sunday,False,,,0,0,0,neutral,,
2002-11-04,Monday,True,Diwali,hindu,0,0,0,neutral,,
2002-11-05,Tuesday,False,,,0,0,0,neutral,,
2002-11-06,Wednesday,False,,,0,0,0,neutral,,
2002-11-07,Thursday,False,,,0,0,0,neutral,,
2002-11-08,Friday,False,,,0,0,0,neutral,,
2002-11-09,Saturday,False,,,0,0,0,neutral,,
2002-11-10,Sunday,False,,,0,0,0,neutral,,
2002-11-11,Monday,False,,,0,0,0,neutral,,
2002-11-12,Tuesday,False,,,0,0,0,neutral,,
2002-11-13,Wednesday,False,,,0,0,0,neutral,,
2002-11-14,Thursday,False,,,0,0,0,neutral,,
2002-11-15,Friday,False,,,0,0,0,neutral,,
2002-11-16,Saturday,False,,,0,0,0,neutral,,
2002-11-17,Sunday,False,,,0,0,0,neutral,,
2002-11-18,Monday,False,,,0,0,0,neutral,,
2002-11-19,Tuesday,True,Guru Nanak Jayanti,sikh,0,0,0,neutral,,
2002-11-20,Wednesday,False,,,0,0,0,neutral,,
2002-11-21,Thursday,False,,,0,0,0,neutral,,
2002-11-22,Friday,False,,,0,0,0,neutral,,
2002-11-23,Saturday,False,,,0,0,0,neutral,,
2002-11-24,Sunday,False,,,0,0,0,neutral,,
2002-11-25,Monday,False,,,0,0,0,neutral,,
2002-11-26,Tuesday,False,,,0,0,0,neutral,,
2002-11-27,Wednesday,False,,,0,0,0,neutral,,
2002-11-28,Thursday,False,,,0,0,0,neutral,,
2002-11-29,Friday,False,,,0,0,0,neutral,,
2002-11-30,Saturday,False,,,0,0,0,neutral,,
2002-12-01,Sunday,False,,,0,0,0,neutral,,
2002-12-02,Monday,False,,,0,0,0,neutral,,
2002-12-03,Tuesday,False,,,0,0,0,neutral,,
2002-12-04,Wednesday,False,,,0,0,0,neutral,,
2002-12-05,Thursday,False,,,0,0,0,neutral,,
2002-12-06,Friday,True,Id-ul-Fitr,general,0,0,0,neutral,,
2002-12-07,Saturday,False,,,0,0,0,neutral,,
2002-12-08,Sunday,False,,,0,0,0,neutral,,
2002-12-09,Monday,False,,,0,0,0,neutral,,
2002-12-10,Tuesday,False,,,0,0,0,neutral,,
2002-12-11,Wednesday,False,,,0,0,0,neutral,,
2002-12-12,Thursday,False,,,0,0,0,neutral,,
2002-12-13,Friday,False,,,0,0,0,neutral,,
2002-12-14,Saturday,False,,,0,0,0,neutral,,
2002-12-15,Sunday,False,,,0,0,0,neutral,,
2002-12-16,Monday,False,,,0,0,0,neutral,,
2002-12-17,Tuesday,False,,,0,0,0,neutral,,
2002-12-18,Wednesday,False,,,0,0,0,neutral,,
2002-12-19,Thursday,False,,,0,0,0,neutral,,
2002-12-20,Friday,False,,,0,0,0,neutral,,
2002-12-21,Saturday,False,,,0,0,0,neutral,,
2002-12-22,Sunday,False,,,0,0,0,neutral,,
2002-12-23,Monday,False,,,0,0,0,neutral,,
2002-12-24,Tuesday,False,,,0,0,0,neutral,,
2002-12-25,Wednesday,True,Christmas,christian,0,0,0,neutral,,
2002-12-26,Thursday,False,,,0,0,0,neutral,,
2002-12-27,Friday,False,,,0,0,0,neutral,,
2002-12-28,Saturday,False,,,0,0,0,neutral,,
2002-12-29,Sunday,False,,,0,0,0,neutral,,
2002-12-30,Monday,False,,,0,0,0,neutral,,
2002-12-31,Tuesday,False,,,0,0,0,neutral,,
2003-01-01,Wednesday,False,,,0,0,0,neutral,,
2003-01-02,Thursday,False,,,1,0,0,neutral,Illinois Governor George Ryan commutes the death sentences of 167 prisoners on Illinois's death row based on the Jon Burge scandal.,https://en.wikipedia.org/wiki/Governor_of_Illinois
2003-01-03,Friday,False,,,0,0,0,neutral,,
2003-01-04,Saturday,False,,,0,0,0,neutral,,
2003-01-05,Sunday,False,,,0,0,0,neutral,,
2003-01-06,Monday,False,,,0,0,0,neutral,,
2003-01-07,Tuesday,False,,,0,0,0,neutral,,
2003-01-08,Wednesday,False,,,2,0,2,bad,"Turkish Airlines Flight 634 crashes near Diyarbakır Airport, Turkey, killing the entire crew and 70 of the 75 passengers. || Air Midwest Flight 5481 crashes at Charlotte-Douglas Airport, in Charlotte, North Carolina, killing all 21 people on board.",https://en.wikipedia.org/wiki/Turkish_Airlines_Flight_634 || https://en.wikipedia.org/wiki/Air_Midwest_Flight_5481
2003-01-09,Thursday,False,,,0,0,0,neutral,,
2003-01-10,Friday,False,,,1,1,0,good,"North Korea withdraws from the Treaty on the Non-Proliferation of Nuclear Weapons, making it the first state to withdraw from the treaty.",https://en.wikipedia.org/wiki/North_Korea
2003-01-11,Saturday,False,,,0,0,0,neutral,,
2003-01-12,Sunday,False,,,0,0,0,neutral,,
2003-01-13,Monday,False,,,0,0,0,neutral,,
2003-01-14,Tuesday,False,,,0,0,0,neutral,,
2003-01-15,Wednesday,False,,,1,0,1,bad,"TANS Perú Flight 222 crashes on approach to Chachapoyas Airport in Chachapoyas, Peru, killing 46 people.",https://en.wikipedia.org/wiki/TANS_Per%C3%BA_Flight_222
2003-01-16,Thursday,False,,,0,0,0,neutral,,
2003-01-17,Friday,False,,,1,0,0,neutral,The Space Shuttle Columbia takes off for mission STS-107 which would be its final one. Columbia disintegrated 16 days later on re-entry.,https://en.wikipedia.org/wiki/Space_Shuttle_Columbia
2003-01-18,Saturday,False,,,1,0,0,neutral,"A bushfire kills four people and destroys more than 500 homes in Canberra, Australia.",https://en.wikipedia.org/wiki/2003_Canberra_bushfires
2003-01-19,Sunday,False,,,0,0,0,neutral,,
2003-01-20,Monday,False,,,0,0,0,neutral,,
2003-01-21,Tuesday,False,,,1,0,1,bad,"A 7.6 magnitude earthquake strikes the Mexican state of Colima, killing 29 and leaving approximately 10,000 people homeless.",https://en.wikipedia.org/wiki/2003_Colima_earthquake
2003-01-22,Wednesday,False,,,0,0,0,neutral,,
2003-01-23,Thursday,False,,,1,0,0,neutral,"A very weak signal from Pioneer 10 is detected for the last time, but no usable data can be extracted.",https://en.wikipedia.org/wiki/Pioneer_10
2003-01-24,Friday,False,,,1,0,0,neutral,The United States Department of Homeland Security officially begins operation.,https://en.wikipedia.org/wiki/United_States_Department_of_Homeland_Security
2003-01-25,Saturday,False,,,1,0,1,bad,"Invasion of Iraq: A group of people leave London, England, for Baghdad, Iraq, to serve as human shields, intending to prevent the U.S.-led coalition troops from bombing certain locations.",https://en.wikipedia.org/wiki/2003_invasion_of_Iraq
2003-01-26,Sunday,True,Republic Day,general,0,0,0,neutral,,
2003-01-27,Monday,False,,,1,1,0,good,The first selections for the National Recording Registry are announced by the Library of Congress.,https://en.wikipedia.org/wiki/National_Recording_Registry
2003-01-28,Tuesday,False,,,0,0,0,neutral,,
2003-01-29,Wednesday,False,,,0,0,0,neutral,,
2003-01-30,Thursday,False,,,0,0,0,neutral,,
2003-01-31,Friday,False,,,1,0,0,neutral,"The Waterfall rail accident occurs near Waterfall, New South Wales, Australia.",https://en.wikipedia.org/wiki/Waterfall_rail_accident
2003-02-01,Saturday,False,,,1,0,0,neutral,"Space Shuttle Columbia disintegrated during the reentry of mission STS-107 into the Earth's atmosphere, killing all seven astronauts aboard.",https://en.wikipedia.org/wiki/Space_Shuttle_Columbia
2003-02-02,Sunday,False,,,0,0,0,neutral,,
2003-02-03,Monday,False,,,0,0,0,neutral,,
2003-02-04,Tuesday,False,,,1,0,0,neutral,"The Federal Republic of Yugoslavia adopts a new constitution, becoming a loose confederacy between Montenegro and Serbia.",https://en.wikipedia.org/wiki/Serbia_and_Montenegro
2003-02-05,Wednesday,False,,,0,0,0,neutral,,
2003-02-06,Thursday,False,,,0,0,0,neutral,,
2003-02-07,Friday,False,,,0,0,0,neutral,,
2003-02-08,Saturday,False,,,0,0,0,neutral,,
2003-02-09,Sunday,False,,,0,0,0,neutral,,
2003-02-10,Monday,False,,,1,0,1,bad,France and Belgium break the NATO procedure of silent approval concerning the timing of protective measures for Turkey in case of a possible war with Iraq.,https://en.wikipedia.org/wiki/NATO
2003-02-11,Tuesday,False,,,0,0,0,neutral,,
2003-02-12,Wednesday,True,Bakrid,muslim,0,0,0,neutral,,
2003-02-13,Thursday,False,,,0,0,0,neutral,,
2003-02-14,Friday,False,,,1,0,0,neutral,Iraq disarmament crisis: UNMOVIC Executive Chairman Hans Blix reports to the United Nations Security Council that disarmament inspectors have found no weapons of mass destruction in Ba'athist Iraq.,https://en.wikipedia.org/wiki/Iraq_disarmament_crisis
2003-02-15,Saturday,False,,,0,0,0,neutral,,
2003-02-16,Sunday,False,,,1,0,1,bad,"Protests against the Iraq war take place in over 600 cities worldwide. It is estimated that between eight million and 30 million people participate, making this the largest peace demonstration in history.",https://en.wikipedia.org/wiki/15_February_2003_Iraq_War_protests
2003-02-17,Monday,False,,,0,0,0,neutral,,
2003-02-18,Tuesday,False,,,1,0,0,neutral,"192 people die when an arsonist sets fire to a subway train in Daegu, South Korea.",https://en.wikipedia.org/wiki/Daegu_subway_fire
2003-02-19,Wednesday,False,,,1,0,1,bad,"An Ilyushin Il-76 military aircraft crashes near Kerman, Iran, killing 275.",https://en.wikipedia.org/wiki/Ilyushin_Il-76
2003-02-20,Thursday,False,,,1,0,1,bad,"During a Great White concert in West Warwick, Rhode Island, a pyrotechnics display sets the Station nightclub ablaze, killing 100 and injuring over 200 others.",https://en.wikipedia.org/wiki/Great_White
2003-02-21,Friday,False,,,0,0,0,neutral,,
2003-02-22,Saturday,False,,,0,0,0,neutral,,
2003-02-23,Sunday,False,,,0,0,0,neutral,,
2003-02-24,Monday,False,,,0,0,0,neutral,,
2003-02-25,Tuesday,False,,,0,0,0,neutral,,
2003-02-26,Wednesday,False,,,0,0,0,neutral,,
2003-02-27,Thursday,False,,,0,0,0,neutral,,
2003-02-28,Friday,False,,,0,0,0,neutral,,
2003-03-01,Saturday,True,Maha Shivaratri,general,1,0,0,neutral,Management of the United States Customs Service and the United States Secret Service move to the United States Department of Homeland Security.,https://en.wikipedia.org/wiki/United_States_Customs_Service
2003-03-02,Sunday,False,,,0,0,0,neutral,,
2003-03-03,Monday,False,,,0,0,0,neutral,,
2003-03-04,Tuesday,False,,,0,0,0,neutral,,
2003-03-05,Wednesday,False,,,0,0,0,neutral,,
2003-03-06,Thursday,False,,,1,0,1,bad,"Air Algérie Flight 6289 crashes at the Aguenar – Hadj Bey Akhamok Airport in Tamanrasset, Algeria, killing 102 out of the 103 people on board.",https://en.wikipedia.org/wiki/Air_Alg%C3%A9rie_Flight_6289
2003-03-07,Friday,False,,,0,0,0,neutral,,
2003-03-08,Saturday,False,,,0,0,0,neutral,,
2003-03-09,Sunday,False,,,1,0,1,bad,"In Haifa, 17 Israeli civilians are killed in the Haifa bus 37 suicide bombing.",https://en.wikipedia.org/wiki/Haifa
2003-03-10,Monday,False,,,0,0,0,neutral,,
2003-03-11,Tuesday,False,,,1,0,0,neutral,The International Criminal Court holds its inaugural session in The Hague.,https://en.wikipedia.org/wiki/International_Criminal_Court
2003-03-12,Wednesday,False,,,2,0,2,bad,"Zoran Đinđić, Prime Minister of Serbia, is assassinated in Belgrade. || The World Health Organization officially release a global warning of outbreaks of Severe acute respiratory syndrome (SARS).",https://en.wikipedia.org/wiki/Zoran_%C4%90in%C4%91i%C4%87 || https://en.wikipedia.org/wiki/World_Health_Organization
2003-03-13,Thursday,False,,,1,0,0,neutral,"An article in Nature identifies the Ciampate del Diavolo as 350,000-year-old hominid footprints.",https://en.wikipedia.org/wiki/Nature_(journal)
2003-03-14,Friday,True,Muharram,muslim,0,0,0,neutral,,
2003-03-15,Saturday,False,,,0,0,0,neutral,,
2003-03-16,Sunday,False,,,1,0,1,bad,American activist Rachel Corrie is killed in Rafah by being run over by an Israel Defense Forces bulldozer while trying to obstruct the demolition of a home.,https://en.wikipedia.org/wiki/Rachel_Corrie
2003-03-17,Monday,False,,,1,0,1,bad,"Leader of the House of Commons and Lord President of the Council, Robin Cook, resigns from the British Cabinet in disagreement with government plans for the 2003 invasion of Iraq.",https://en.wikipedia.org/wiki/Leader_of_the_House_of_Commons
2003-03-18,Tuesday,False,,,0,0,0,neutral,,
2003-03-19,Wednesday,False,,,1,0,1,bad,"United States President George W. Bush addresses the nation, announcing the invasion of Iraq.",https://en.wikipedia.org/wiki/President_of_the_United_States
2003-03-20,Thursday,False,,,1,0,1,bad,"Iraq War: The United States, the United Kingdom, Australia, and Poland begin an invasion of Iraq.",https://en.wikipedia.org/wiki/Iraq_War
2003-03-21,Friday,False,,,0,0,0,neutral,,
2003-03-22,Saturday,False,,,0,0,0,neutral,,
2003-03-23,Sunday,False,,,1,0,1,bad,"Battle of Nasiriyah, first major conflict during the invasion of Iraq.",https://en.wikipedia.org/wiki/Battle_of_Nasiriyah
2003-03-24,Monday,False,,,1,0,1,bad,The Arab League votes 21–1 in favor of a resolution demanding an end to the 2003 invasion of Iraq.,https://en.wikipedia.org/wiki/Arab_League
2003-03-25,Tuesday,False,,,0,0,0,neutral,,
2003-03-26,Wednesday,False,,,0,0,0,neutral,,
2003-03-27,Thursday,False,,,0,0,0,neutral,,
2003-03-28,Friday,False,,,1,0,1,bad,"In a friendly fire incident, two American A-10 Thunderbolt II aircraft attack British tanks participating in the 2003 invasion of Iraq, killing one soldier.",https://en.wikipedia.org/wiki/Friendly_fire
2003-03-29,Saturday,False,,,0,0,0,neutral,,
2003-03-30,Sunday,False,,,0,0,0,neutral,,
2003-03-31,Monday,False,,,0,0,0,neutral,,
2003-04-01,Tuesday,False,,,0,0,0,neutral,,
2003-04-02,Wednesday,False,,,0,0,0,neutral,,
2003-04-03,Thursday,False,,,0,0,0,neutral,,
2003-04-04,Friday,False,,,0,0,0,neutral,,
2003-04-05,Saturday,False,,,0,0,0,neutral,,
2003-04-06,Sunday,False,,,0,0,0,neutral,,
2003-04-07,Monday,False,,,2,1,1,bad,Iraq War: U.S. troops capture Baghdad; Saddam Hussein's Ba'athist regime falls two days later. || Haitian president Jean-Bertrand Aristide demands reparations of $21 billion from France for the Haiti Independence Debt.,https://en.wikipedia.org/wiki/Iraq_War || https://en.wikipedia.org/wiki/Jean-Bertrand_Aristide
2003-04-08,Tuesday,False,,,0,0,0,neutral,,
2003-04-09,Wednesday,False,,,1,0,1,bad,Iraq War: Baghdad falls to American forces.,https://en.wikipedia.org/wiki/Iraq_War
2003-04-10,Thursday,False,,,0,0,0,neutral,,
2003-04-11,Friday,False,,,0,0,0,neutral,,
2003-04-12,Saturday,False,,,0,0,0,neutral,,
2003-04-13,Sunday,False,,,0,0,0,neutral,,
2003-04-14,Monday,False,,,2,0,1,bad,"The Human Genome Project is completed with 99% of the human genome sequenced to an accuracy of 99.99%. || U.S. troops in Baghdad capture Abu Abbas, leader of the Palestinian group that killed an American on the hijacked cruise liner MS Achille Lauro in 1985.",https://en.wikipedia.org/wiki/Human_Genome_Project || https://en.wikipedia.org/wiki/Baghdad
2003-04-15,Tuesday,True,Mahavir Jayanti,general,0,0,0,neutral,,
2003-04-16,Wednesday,False,,,1,1,0,good,The Treaty of Accession is signed in Athens admitting ten new member states to the European Union.,https://en.wikipedia.org/wiki/Treaty_of_Accession_2003
2003-04-17,Thursday,False,,,0,0,0,neutral,,
2003-04-18,Friday,True,Good Friday,christian,0,0,0,neutral,,
2003-04-19,Saturday,False,,,0,0,0,neutral,,
2003-04-20,Sunday,False,,,0,0,0,neutral,,
2003-04-21,Monday,False,,,0,0,0,neutral,,
2003-04-22,Tuesday,False,,,0,0,0,neutral,,
2003-04-23,Wednesday,False,,,1,1,0,good,Anneli Jäätteenmäki takes office as the first female prime minister of Finland.,https://en.wikipedia.org/wiki/Anneli_J%C3%A4%C3%A4tteenm%C3%A4ki
2003-04-24,Thursday,False,,,0,0,0,neutral,,
2003-04-25,Friday,False,,,0,0,0,neutral,,
2003-04-26,Saturday,False,,,0,0,0,neutral,,
2003-04-27,Sunday,False,,,0,0,0,neutral,,
2003-04-28,Monday,False,,,0,0,0,neutral,,
2003-04-29,Tuesday,False,,,0,0,0,neutral,,
2003-04-30,Wednesday,False,,,0,0,0,neutral,,
2003-05-01,Thursday,False,,,1,0,1,bad,"Invasion of Iraq: In what becomes known as the ""Mission Accomplished"" speech, on board the USS Abraham Lincoln (off the coast of California), U.S. President George W. Bush declares that ""major combat operations in Iraq have ended"".",https://en.wikipedia.org/wiki/2003_invasion_of_Iraq
2003-05-02,Friday,False,,,0,0,0,neutral,,
2003-05-03,Saturday,False,,,0,0,0,neutral,,
2003-05-04,Sunday,False,,,0,0,0,neutral,,
2003-05-05,Monday,False,,,0,0,0,neutral,,
2003-05-06,Tuesday,False,,,0,0,0,neutral,,
2003-05-07,Wednesday,False,,,0,0,0,neutral,,
2003-05-08,Thursday,True,Buddha Purnima,general,0,0,0,neutral,,
2003-05-09,Friday,False,,,0,0,0,neutral,,
2003-05-10,Saturday,False,,,0,0,0,neutral,,
2003-05-11,Sunday,False,,,0,0,0,neutral,,
2003-05-12,Monday,False,,,0,0,0,neutral,,
2003-05-13,Tuesday,False,,,0,0,0,neutral,,
2003-05-14,Wednesday,False,,,0,0,0,neutral,,
2003-05-15,Thursday,True,Milad-un-Nabi,muslim,0,0,0,neutral,,
2003-05-16,Friday,False,,,0,0,0,neutral,,
2003-05-17,Saturday,False,,,0,0,0,neutral,,
2003-05-18,Sunday,False,,,0,0,0,neutral,,
2003-05-19,Monday,False,,,0,0,0,neutral,,
2003-05-20,Tuesday,False,,,0,0,0,neutral,,
2003-05-21,Wednesday,False,,,0,0,0,neutral,,
2003-05-22,Thursday,False,,,0,0,0,neutral,,
2003-05-23,Friday,False,,,0,0,0,neutral,,
2003-05-24,Saturday,False,,,0,0,0,neutral,,
2003-05-25,Sunday,False,,,0,0,0,neutral,,
2003-05-26,Monday,False,,,0,0,0,neutral,,
2003-05-27,Tuesday,False,,,0,0,0,neutral,,
2003-05-28,Wednesday,False,,,0,0,0,neutral,,
2003-05-29,Thursday,False,,,0,0,0,neutral,,
2003-05-30,Friday,False,,,0,0,0,neutral,,
2003-05-31,Saturday,False,,,0,0,0,neutral,,
2003-06-01,Sunday,False,,,0,0,0,neutral,,
2003-06-02,Monday,False,,,0,0,0,neutral,,
2003-06-03,Tuesday,False,,,0,0,0,neutral,,
2003-06-04,Wednesday,False,,,0,0,0,neutral,,
2003-06-05,Thursday,False,,,0,0,0,neutral,,
2003-06-06,Friday,False,,,0,0,0,neutral,,
2003-06-07,Saturday,False,,,0,0,0,neutral,,
2003-06-08,Sunday,False,,,0,0,0,neutral,,
2003-06-09,Monday,False,,,0,0,0,neutral,,
2003-06-10,Tuesday,False,,,0,0,0,neutral,,
2003-06-11,Wednesday,False,,,0,0,0,neutral,,
2003-06-12,Thursday,False,,,0,0,0,neutral,,
2003-06-13,Friday,False,,,0,0,0,neutral,,
2003-06-14,Saturday,False,,,0,0,0,neutral,,
2003-06-15,Sunday,False,,,0,0,0,neutral,,
2003-06-16,Monday,False,,,0,0,0,neutral,,
2003-06-17,Tuesday,False,,,0,0,0,neutral,,
2003-06-18,Wednesday,False,,,0,0,0,neutral,,
2003-06-19,Thursday,False,,,0,0,0,neutral,,
2003-06-20,Friday,False,,,0,0,0,neutral,,
2003-06-21,Saturday,False,,,0,0,0,neutral,,
2003-06-22,Sunday,False,,,0,0,0,neutral,,
2003-06-23,Monday,False,,,0,0,0,neutral,,
2003-06-24,Tuesday,False,,,0,0,0,neutral,,
2003-06-25,Wednesday,False,,,0,0,0,neutral,,
2003-06-26,Thursday,False,,,0,0,0,neutral,,
2003-06-27,Friday,False,,,0,0,0,neutral,,
2003-06-28,Saturday,False,,,0,0,0,neutral,,
2003-06-29,Sunday,False,,,0,0,0,neutral,,
2003-06-30,Monday,False,,,0,0,0,neutral,,
2003-07-01,Tuesday,False,,,0,0,0,neutral,,
2003-07-02,Wednesday,False,,,0,0,0,neutral,,
2003-07-03,Thursday,False,,,0,0,0,neutral,,
2003-07-04,Friday,False,,,0,0,0,neutral,,
2003-07-05,Saturday,False,,,0,0,0,neutral,,
2003-07-06,Sunday,False,,,0,0,0,neutral,,
2003-07-07,Monday,False,,,0,0,0,neutral,,
2003-07-08,Tuesday,False,,,0,0,0,neutral,,
2003-07-09,Wednesday,False,,,0,0,0,neutral,,
2003-07-10,Thursday,False,,,0,0,0,neutral,,
2003-07-11,Friday,False,,,0,0,0,neutral,,
2003-07-12,Saturday,False,,,0,0,0,neutral,,
2003-07-13,Sunday,False,,,0,0,0,neutral,,
2003-07-14,Monday,False,,,0,0,0,neutral,,
2003-07-15,Tuesday,False,,,0,0,0,neutral,,
2003-07-16,Wednesday,False,,,0,0,0,neutral,,
2003-07-17,Thursday,False,,,0,0,0,neutral,,
2003-07-18,Friday,False,,,0,0,0,neutral,,
2003-07-19,Saturday,False,,,0,0,0,neutral,,
2003-07-20,Sunday,False,,,0,0,0,neutral,,
2003-07-21,Monday,False,,,0,0,0,neutral,,
2003-07-22,Tuesday,False,,,0,0,0,neutral,,
2003-07-23,Wednesday,False,,,0,0,0,neutral,,
2003-07-24,Thursday,False,,,0,0,0,neutral,,
2003-07-25,Friday,False,,,0,0,0,neutral,,
2003-07-26,Saturday,False,,,0,0,0,neutral,,
2003-07-27,Sunday,False,,,0,0,0,neutral,,
2003-07-28,Monday,False,,,0,0,0,neutral,,
2003-07-29,Tuesday,False,,,0,0,0,neutral,,
2003-07-30,Wednesday,False,,,0,0,0,neutral,,
2003-07-31,Thursday,False,,,0,0,0,neutral,,
2003-08-01,Friday,False,,,0,0,0,neutral,,
2003-08-02,Saturday,False,,,0,0,0,neutral,,
2003-08-03,Sunday,False,,,0,0,0,neutral,,
2003-08-04,Monday,False,,,0,0,0,neutral,,
2003-08-05,Tuesday,False,,,0,0,0,neutral,,
2003-08-06,Wednesday,False,,,0,0,0,neutral,,
2003-08-07,Thursday,False,,,0,0,0,neutral,,
2003-08-08,Friday,False,,,0,0,0,neutral,,
2003-08-09,Saturday,False,,,0,0,0,neutral,,
2003-08-10,Sunday,False,,,0,0,0,neutral,,
2003-08-11,Monday,False,,,0,0,0,neutral,,
2003-08-12,Tuesday,False,,,0,0,0,neutral,,
2003-08-13,Wednesday,False,,,0,0,0,neutral,,
2003-08-14,Thursday,False,,,0,0,0,neutral,,
2003-08-15,Friday,True,Independence Day,general,0,0,0,neutral,,
2003-08-16,Saturday,False,,,0,0,0,neutral,,
2003-08-17,Sunday,False,,,0,0,0,neutral,,
2003-08-18,Monday,False,,,0,0,0,neutral,,
2003-08-19,Tuesday,False,,,0,0,0,neutral,,
2003-08-20,Wednesday,True,Janmashtami,hindu,0,0,0,neutral,,
2003-08-21,Thursday,False,,,0,0,0,neutral,,
2003-08-22,Friday,False,,,0,0,0,neutral,,
2003-08-23,Saturday,False,,,0,0,0,neutral,,
2003-08-24,Sunday,False,,,0,0,0,neutral,,
2003-08-25,Monday,False,,,0,0,0,neutral,,
2003-08-26,Tuesday,False,,,0,0,0,neutral,,
2003-08-27,Wednesday,False,,,0,0,0,neutral,,
2003-08-28,Thursday,False,,,0,0,0,neutral,,
2003-08-29,Friday,False,,,0,0,0,neutral,,
2003-08-30,Saturday,False,,,0,0,0,neutral,,
2003-08-31,Sunday,False,,,0,0,0,neutral,,
2003-09-01,Monday,False,,,0,0,0,neutral,,
2003-09-02,Tuesday,False,,,0,0,0,neutral,,
2003-09-03,Wednesday,False,,,0,0,0,neutral,,
2003-09-04,Thursday,False,,,0,0,0,neutral,,
2003-09-05,Friday,False,,,0,0,0,neutral,,
2003-09-06,Saturday,False,,,0,0,0,neutral,,
2003-09-07,Sunday,False,,,0,0,0,neutral,,
2003-09-08,Monday,False,,,0,0,0,neutral,,
2003-09-09,Tuesday,False,,,0,0,0,neutral,,
2003-09-10,Wednesday,False,,,0,0,0,neutral,,
2003-09-11,Thursday,False,,,0,0,0,neutral,,
2003-09-12,Friday,False,,,0,0,0,neutral,,
2003-09-13,Saturday,False,,,0,0,0,neutral,,
2003-09-14,Sunday,False,,,0,0,0,neutral,,
2003-09-15,Monday,False,,,0,0,0,neutral,,
2003-09-16,Tuesday,False,,,0,0,0,neutral,,
2003-09-17,Wednesday,False,,,0,0,0,neutral,,
2003-09-18,Thursday,False,,,0,0,0,neutral,,
2003-09-19,Friday,False,,,0,0,0,neutral,,
2003-09-20,Saturday,False,,,0,0,0,neutral,,
2003-09-21,Sunday,False,,,0,0,0,neutral,,
2003-09-22,Monday,False,,,0,0,0,neutral,,
2003-09-23,Tuesday,False,,,0,0,0,neutral,,
2003-09-24,Wednesday,False,,,0,0,0,neutral,,
2003-09-25,Thursday,False,,,0,0,0,neutral,,
2003-09-26,Friday,False,,,0,0,0,neutral,,
2003-09-27,Saturday,False,,,0,0,0,neutral,,
2003-09-28,Sunday,False,,,0,0,0,neutral,,
2003-09-29,Monday,False,,,0,0,0,neutral,,
2003-09-30,Tuesday,False,,,0,0,0,neutral,,
2003-10-01,Wednesday,False,,,0,0,0,neutral,,
2003-10-02,Thursday,True,Gandhi Jayanti,general,0,0,0,neutral,,
2003-10-03,Friday,False,,,0,0,0,neutral,,
2003-10-04,Saturday,False,,,0,0,0,neutral,,
2003-10-05,Sunday,True,Dussehra,hindu,0,0,0,neutral,,
2003-10-06,Monday,False,,,0,0,0,neutral,,
2003-10-07,Tuesday,False,,,0,0,0,neutral,,
2003-10-08,Wednesday,False,,,0,0,0,neutral,,
2003-10-09,Thursday,False,,,0,0,0,neutral,,
2003-10-10,Friday,False,,,0,0,0,neutral,,
2003-10-11,Saturday,False,,,0,0,0,neutral,,
2003-10-12,Sunday,False,,,0,0,0,neutral,,
2003-10-13,Monday,False,,,0,0,0,neutral,,
2003-10-14,Tuesday,False,,,0,0,0,neutral,,
2003-10-15,Wednesday,False,,,0,0,0,neutral,,
2003-10-16,Thursday,False,,,0,0,0,neutral,,
2003-10-17,Friday,False,,,0,0,0,neutral,,
2003-10-18,Saturday,False,,,0,0,0,neutral,,
2003-10-19,Sunday,False,,,0,0,0,neutral,,
2003-10-20,Monday,False,,,0,0,0,neutral,,
2003-10-21,Tuesday,False,,,0,0,0,neutral,,
2003-10-22,Wednesday,False,,,0,0,0,neutral,,
2003-10-23,Thursday,False,,,0,0,0,neutral,,
2003-10-24,Friday,False,,,0,0,0,neutral,,
2003-10-25,Saturday,True,Diwali,hindu,0,0,0,neutral,,
2003-10-26,Sunday,False,,,0,0,0,neutral,,
2003-10-27,Monday,False,,,0,0,0,neutral,,
2003-10-28,Tuesday,False,,,0,0,0,neutral,,
2003-10-29,Wednesday,False,,,0,0,0,neutral,,
2003-10-30,Thursday,False,,,0,0,0,neutral,,
2003-10-31,Friday,False,,,0,0,0,neutral,,
2003-11-01,Saturday,False,,,0,0,0,neutral,,
2003-11-02,Sunday,False,,,0,0,0,neutral,,
2003-11-03,Monday,False,,,0,0,0,neutral,,
2003-11-04,Tuesday,False,,,0,0,0,neutral,,
2003-11-05,Wednesday,False,,,0,0,0,neutral,,
2003-11-06,Thursday,False,,,0,0,0,neutral,,
2003-11-07,Friday,False,,,0,0,0,neutral,,
2003-11-08,Saturday,True,Guru Nanak Jayanti,sikh,0,0,0,neutral,,
2003-11-09,Sunday,False,,,0,0,0,neutral,,
2003-11-10,Monday,False,,,0,0,0,neutral,,
2003-11-11,Tuesday,False,,,0,0,0,neutral,,
2003-11-12,Wednesday,False,,,0,0,0,neutral,,
2003-11-13,Thursday,False,,,0,0,0,neutral,,
2003-11-14,Friday,False,,,0,0,0,neutral,,
2003-11-15,Saturday,False,,,0,0,0,neutral,,
2003-11-16,Sunday,False,,,0,0,0,neutral,,
2003-11-17,Monday,False,,,0,0,0,neutral,,
2003-11-18,Tuesday,False,,,0,0,0,neutral,,
2003-11-19,Wednesday,False,,,0,0,0,neutral,,
2003-11-20,Thursday,False,,,0,0,0,neutral,,
2003-11-21,Friday,False,,,0,0,0,neutral,,
2003-11-22,Saturday,False,,,0,0,0,neutral,,
2003-11-23,Sunday,False,,,0,0,0,neutral,,
2003-11-24,Monday,False,,,0,0,0,neutral,,
2003-11-25,Tuesday,False,,,0,0,0,neutral,,
2003-11-26,Wednesday,True,Id-ul-Fitr,general,0,0,0,neutral,,
2003-11-27,Thursday,False,,,0,0,0,neutral,,
2003-11-28,Friday,False,,,0,0,0,neutral,,
2003-11-29,Saturday,False,,,0,0,0,neutral,,
2003-11-30,Sunday,False,,,0,0,0,neutral,,
2003-12-01,Monday,False,,,0,0,0,neutral,,
2003-12-02,Tuesday,False,,,0,0,0,neutral,,
2003-12-03,Wednesday,False,,,0,0,0,neutral,,
2003-12-04,Thursday,False,,,0,0,0,neutral,,
2003-12-05,Friday,False,,,0,0,0,neutral,,
2003-12-06,Saturday,False,,,0,0,0,neutral,,
2003-12-07,Sunday,False,,,0,0,0,neutral,,
2003-12-08,Monday,False,,,0,0,0,neutral,,
2003-12-09,Tuesday,False,,,0,0,0,neutral,,
2003-12-10,Wednesday,False,,,0,0,0,neutral,,
2003-12-11,Thursday,False,,,0,0,0,neutral,,
2003-12-12,Friday,False,,,0,0,0,neutral,,
2003-12-13,Saturday,False,,,0,0,0,neutral,,
2003-12-14,Sunday,False,,,0,0,0,neutral,,
2003-12-15,Monday,False,,,0,0,0,neutral,,
2003-12-16,Tuesday,False,,,0,0,0,neutral,,
2003-12-17,Wednesday,False,,,0,0,0,neutral,,
2003-12-18,Thursday,False,,,0,0,0,neutral,,
2003-12-19,Friday,False,,,0,0,0,neutral,,
2003-12-20,Saturday,False,,,0,0,0,neutral,,
2003-12-21,Sunday,False,,,0,0,0,neutral,,
2003-12-22,Monday,False,,,0,0,0,neutral,,
2003-12-23,Tuesday,False,,,0,0,0,neutral,,
2003-12-24,Wednesday,False,,,0,0,0,neutral,,
2003-12-25,Thursday,True,Christmas,christian,0,0,0,neutral,,
2003-12-26,Friday,False,,,0,0,0,neutral,,
2003-12-27,Saturday,False,,,0,0,0,neutral,,
2003-12-28,Sunday,False,,,0,0,0,neutral,,
2003-12-29,Monday,False,,,0,0,0,neutral,,
2003-12-30,Tuesday,False,,,0,0,0,neutral,,
2003-12-31,Wednesday,False,,,0,0,0,neutral,,
2004-01-01,Thursday,False,,,1,0,0,neutral,"In a vote of confidence, General Pervez Musharraf wins 658 out of 1,170 votes in the Electoral College of Pakistan, and according to Article 41(8) of the Constitution of Pakistan, is ""deemed to be elected"" to the office of President until October 2007.",https://en.wikipedia.org/wiki/Motion_of_no_confidence
2004-01-02,Friday,False,,,0,0,0,neutral,,
2004-01-03,Saturday,False,,,1,0,1,bad,"Flash Airlines Flight 604 crashes into the Red Sea, resulting in 148 deaths, making it one of the deadliest aviation accidents in Egyptian history.",https://en.wikipedia.org/wiki/Flash_Airlines_Flight_604
2004-01-04,Sunday,False,,,1,1,0,good,"Stardust successfully flies past Comet Wild 2, collecting samples that are returned to Earth.",https://en.wikipedia.org/wiki/Stardust_(spacecraft)
2004-01-05,Monday,False,,,0,0,0,neutral,,
2004-01-06,Tuesday,False,,,0,0,0,neutral,,
2004-01-07,Wednesday,False,,,0,0,0,neutral,,
2004-01-08,Thursday,False,,,1,0,0,neutral,"The RMS Queen Mary 2, then the largest ocean liner ever built, is christened by her namesake's granddaughter, Queen Elizabeth II.",https://en.wikipedia.org/wiki/Queen_Mary_2
2004-01-09,Friday,False,,,0,0,0,neutral,,
2004-01-10,Saturday,False,,,0,0,0,neutral,,
2004-01-11,Sunday,False,,,0,0,0,neutral,,
2004-01-12,Monday,False,,,1,0,0,neutral,"The world's largest ocean liner, RMS Queen Mary 2, makes its maiden voyage.",https://en.wikipedia.org/wiki/Ocean_liner
2004-01-13,Tuesday,False,,,0,0,0,neutral,,
2004-01-14,Wednesday,False,,,1,0,0,neutral,"The national flag of the Republic of Georgia, the so-called ""five cross flag"", is restored to official use after a hiatus of some 500 years.",https://en.wikipedia.org/wiki/Georgia_(country)
2004-01-15,Thursday,False,,,1,0,1,bad,"An inflatable boat carrying illegal Albanian emigrants stalls near the Karaburun Peninsula en route to Brindisi, Italy; exposure to the elements kills 28. This is the second deadliest marine disaster in Albanian history.",https://en.wikipedia.org/wiki/Inflatable_boat
2004-01-16,Friday,False,,,2,1,0,good,"Spirit, a NASA Mars rover, lands successfully on Mars at 04:35 UTC. || Mikheil Saakashvili is elected President of Georgia following the November 2003 Rose Revolution.",https://en.wikipedia.org/wiki/Spirit_(rover) || https://en.wikipedia.org/wiki/Mikheil_Saakashvili
2004-01-17,Saturday,False,,,0,0,0,neutral,,
2004-01-18,Sunday,False,,,0,0,0,neutral,,
2004-01-19,Monday,False,,,0,0,0,neutral,,
2004-01-20,Tuesday,False,,,0,0,0,neutral,,
2004-01-21,Wednesday,False,,,1,0,0,neutral,NASA's MER-A (the Mars Rover Spirit) ceases communication with mission control. The problem lies in the management of its flash memory and is fixed remotely from Earth on February 6.,https://en.wikipedia.org/wiki/NASA
2004-01-22,Thursday,False,,,0,0,0,neutral,,
2004-01-23,Friday,False,,,0,0,0,neutral,,
2004-01-24,Saturday,False,,,0,0,0,neutral,,
2004-01-25,Sunday,False,,,0,0,0,neutral,,
2004-01-26,Monday,True,Republic Day,general,0,0,0,neutral,,
2004-01-27,Tuesday,False,,,0,0,0,neutral,,
2004-01-28,Wednesday,False,,,0,0,0,neutral,,
2004-01-29,Thursday,False,,,0,0,0,neutral,,
2004-01-30,Friday,False,,,0,0,0,neutral,,
2004-01-31,Saturday,False,,,0,0,0,neutral,,
2004-02-01,Sunday,False,,,2,0,1,bad,"Hajj pilgrimage stampede: In a stampede at the Hajj pilgrimage in Saudi Arabia, 251 people are trampled to death and 244 injured. || Double suicide attack in Erbil on the offices of Iraqi Kurdish political parties by members of Jama'at al-Tawhid wal-Jihad",https://en.wikipedia.org/wiki/Incidents_during_the_Hajj || https://en.wikipedia.org/wiki/2004_Erbil_bombings
2004-02-02,Monday,True,Bakrid,muslim,1,1,0,good,"Swiss tennis player Roger Federer becomes the No. 1 ranked men's singles player, a position he will hold for a record 237 weeks.",https://en.wikipedia.org/wiki/Tennis
2004-02-03,Tuesday,False,,,0,0,0,neutral,,
2004-02-04,Wednesday,False,,,1,1,0,good,"Facebook, a mainstream online social networking site, is founded by Mark Zuckerberg and Eduardo Saverin.",https://en.wikipedia.org/wiki/Facebook
2004-02-05,Thursday,False,,,1,0,0,neutral,"Rebels from the Revolutionary Artibonite Resistance Front capture the city of Gonaïves, starting the 2004 Haiti rebellion.",https://en.wikipedia.org/wiki/National_Revolutionary_Front_for_the_Liberation_and_Reconstruction_of_Haiti
2004-02-06,Friday,False,,,0,0,0,neutral,,
2004-02-07,Saturday,False,,,0,0,0,neutral,,
2004-02-08,Sunday,False,,,0,0,0,neutral,,
2004-02-09,Monday,False,,,0,0,0,neutral,,
2004-02-10,Tuesday,False,,,1,0,1,bad,Forty-three people are killed and three are injured when a Fokker 50 crashes near Sharjah International Airport.,https://en.wikipedia.org/wiki/Fokker_50
2004-02-11,Wednesday,False,,,0,0,0,neutral,,
2004-02-12,Thursday,False,,,1,0,0,neutral,The city of San Francisco begins issuing marriage licenses to same-sex couples in response to a directive from Mayor Gavin Newsom.,https://en.wikipedia.org/wiki/San_Francisco
2004-02-13,Friday,False,,,1,0,1,bad,"The Harvard–Smithsonian Center for Astrophysics announces the discovery of the universe's largest known diamond, white dwarf star BPM 37093. Astronomers named this star ""Lucy"" after The Beatles' song ""Lucy in the Sky with Diamonds"".",https://en.wikipedia.org/wiki/Harvard%E2%80%93Smithsonian_Center_for_Astrophysics
2004-02-14,Saturday,False,,,1,0,1,bad,"In a suburb of Moscow, Russia, the roof of the Transvaal water park collapses, killing more than 28 people, and wounding 193 others.",https://en.wikipedia.org/wiki/Moscow
2004-02-15,Sunday,False,,,0,0,0,neutral,,
2004-02-16,Monday,False,,,0,0,0,neutral,,
2004-02-17,Tuesday,False,,,0,0,0,neutral,,
2004-02-18,Wednesday,True,Maha Shivaratri,general,1,1,0,good,"Up to 295 people, 182 of which being rescue workers, die near Nishapur, Iran, when a runaway freight train carrying sulfur, petrol and fertilizer catches fire and explodes.",https://en.wikipedia.org/wiki/Nishapur
2004-02-19,Thursday,False,,,0,0,0,neutral,,
2004-02-20,Friday,False,,,0,0,0,neutral,,
2004-02-21,Saturday,False,,,0,0,0,neutral,,
2004-02-22,Sunday,False,,,0,0,0,neutral,,
2004-02-23,Monday,False,,,0,0,0,neutral,,
2004-02-24,Tuesday,False,,,1,0,1,bad,"The 6.3 Mw Al Hoceima earthquake strikes northern Morocco with a maximum Mercalli intensity of IX (Violent). At least 628 people are killed, 926 are injured, and up to 15,000 are displaced.",https://en.wikipedia.org/wiki/Seismic_magnitude_scales
2004-02-25,Wednesday,False,,,0,0,0,neutral,,
2004-02-26,Thursday,False,,,0,0,0,neutral,,
2004-02-27,Friday,False,,,0,0,0,neutral,,
2004-02-28,Saturday,False,,,0,0,0,neutral,,
2004-02-29,Sunday,False,,,0,0,0,neutral,,
2004-03-01,Monday,False,,,0,0,0,neutral,,
2004-03-02,Tuesday,True,Muharram,muslim,2,0,2,bad,"A bombing of a SuperFerry by Abu Sayyaf in the Philippines' worst terrorist attack kills more than 100 passengers. || Shoko Asahara, the leader of the Japanese doomsday cult Aum Shinrikyo, is sentenced to death for masterminding the 1995 Tokyo subway sarin attack.",https://en.wikipedia.org/wiki/MV_SuperFerry_14 || https://en.wikipedia.org/wiki/Shoko_Asahara
2004-03-03,Wednesday,False,,,1,0,1,bad,"War in Iraq: Al-Qaeda carries out the Ashoura Massacre in Iraq, killing 170 and wounding over 500.",https://en.wikipedia.org/wiki/Iraq_War
2004-03-04,Thursday,False,,,1,0,0,neutral,Jean-Bertrand Aristide is removed as president of Haiti following a coup.,https://en.wikipedia.org/wiki/Jean-Bertrand_Aristide
2004-03-05,Friday,False,,,0,0,0,neutral,,
2004-03-06,Saturday,False,,,0,0,0,neutral,,
2004-03-07,Sunday,False,,,1,0,0,neutral,A new constitution is signed by Iraq's Governing Council.,https://en.wikipedia.org/wiki/Transitional_Administrative_Law_(Iraq)
2004-03-08,Monday,False,,,0,0,0,neutral,,
2004-03-09,Tuesday,False,,,0,0,0,neutral,,
2004-03-10,Wednesday,False,,,0,0,0,neutral,,
2004-03-11,Thursday,False,,,1,0,1,bad,"Madrid train bombings: Simultaneous explosions on rush hour trains in Madrid, Spain kill 191 people.",https://en.wikipedia.org/wiki/2004_Madrid_train_bombings
2004-03-12,Friday,False,,,1,1,0,good,"President of South Korea, Roh Moo-hyun, is impeached by its National Assembly, the first such impeachment in the nation's history.",https://en.wikipedia.org/wiki/President_of_South_Korea
2004-03-13,Saturday,False,,,0,0,0,neutral,,
2004-03-14,Sunday,False,,,0,0,0,neutral,,
2004-03-15,Monday,False,,,0,0,0,neutral,,
2004-03-16,Tuesday,False,,,0,0,0,neutral,,
2004-03-17,Wednesday,False,,,1,0,1,bad,Unrest in Kosovo: More than 22 are killed and 200 wounded. Thirty-five Serbian Orthodox shrines in Kosovo and two mosques in Serbia are destroyed.,https://en.wikipedia.org/wiki/2004_unrest_in_Kosovo
2004-03-18,Thursday,False,,,0,0,0,neutral,,
2004-03-19,Friday,False,,,3,1,2,bad,"Catalina affair: A Swedish DC-3 shot down by a Soviet MiG-15 in 1952 over the Baltic Sea is finally recovered after years of work. || March 19 Shooting Incident: The Republic of China (Taiwan) president Chen Shui-bian is shot just before the country's presidential election on March 20. || The Konginkangas bus disaster kills 23 and injures 14 people in Äänekoski, Finland.",https://en.wikipedia.org/wiki/Catalina_affair || https://en.wikipedia.org/wiki/March_19_shooting_incident || https://en.wikipedia.org/wiki/Konginkangas_bus_disaster
2004-03-20,Saturday,False,,,0,0,0,neutral,,
2004-03-21,Sunday,False,,,0,0,0,neutral,,
2004-03-22,Monday,False,,,1,0,1,bad,"Ahmed Yassin, co-founder and leader of the Palestinian Sunni Islamist group Hamas, two bodyguards, and nine civilian bystanders are killed in the Gaza Strip when hit by Israeli Air Force Hellfire missiles.",https://en.wikipedia.org/wiki/Ahmed_Yassin
2004-03-23,Tuesday,False,,,0,0,0,neutral,,
2004-03-24,Wednesday,False,,,0,0,0,neutral,,
2004-03-25,Thursday,False,,,0,0,0,neutral,,
2004-03-26,Friday,False,,,0,0,0,neutral,,
2004-03-27,Saturday,False,,,1,1,0,good,"HMS Scylla, a decommissioned Leander-class frigate, is sunk as an artificial reef off Cornwall, the first of its kind in Europe.",https://en.wikipedia.org/wiki/HMS_Scylla_(F71)
2004-03-28,Sunday,False,,,0,0,0,neutral,,
2004-03-29,Monday,False,,,2,0,0,neutral,"Bulgaria, Estonia, Latvia, Lithuania, Romania, Slovakia, and Slovenia join NATO as full members. || The Council on Tall Buildings and Urban Habitat certifies Taipei 101 as the world's tallest building, based on the building having been topped out on 1 July 2003, even though the building was not completed until 31 December 2004.",https://en.wikipedia.org/wiki/Bulgaria || https://en.wikipedia.org/wiki/Council_on_Vertical_Urbanism
2004-03-30,Tuesday,False,,,0,0,0,neutral,,
2004-03-31,Wednesday,False,,,1,0,1,bad,Islamic terrorists involved in the 2004 Madrid train bombings are trapped by the police in their apartment and kill themselves.,https://en.wikipedia.org/wiki/Islamic_terrorism
2004-04-01,Thursday,False,,,0,0,0,neutral,,
2004-04-02,Friday,False,,,1,0,1,bad,"Iraq War in Anbar Province: In Fallujah, Iraq, four American private military contractors working for Blackwater USA, are killed after being ambushed.",https://en.wikipedia.org/wiki/Anbar_campaign_(2003%E2%80%932011)
2004-04-03,Saturday,True,Mahavir Jayanti,general,1,1,0,good,Google launches its Email service Gmail.,https://en.wikipedia.org/wiki/Google
2004-04-04,Sunday,False,,,1,0,1,bad,Islamist terrorists involved in the 11 March 2004 Madrid attacks attempt to bomb the Spanish high-speed train AVE near Madrid; the attack is thwarted.,https://en.wikipedia.org/wiki/Islamism
2004-04-05,Monday,False,,,0,0,0,neutral,,
2004-04-06,Tuesday,False,,,1,1,0,good,Rolandas Paksas becomes the first president of Lithuania to be peacefully removed from office by impeachment.,https://en.wikipedia.org/wiki/Rolandas_Paksas
2004-04-07,Wednesday,False,,,0,0,0,neutral,,
2004-04-08,Thursday,False,,,0,0,0,neutral,,
2004-04-09,Friday,True,Good Friday,christian,0,0,0,neutral,,
2004-04-10,Saturday,False,,,0,0,0,neutral,,
2004-04-11,Sunday,False,,,0,0,0,neutral,,
2004-04-12,Monday,False,,,0,0,0,neutral,,
2004-04-13,Tuesday,False,,,0,0,0,neutral,,
2004-04-14,Wednesday,False,,,0,0,0,neutral,,
2004-04-15,Thursday,False,,,0,0,0,neutral,,
2004-04-16,Friday,False,,,0,0,0,neutral,,
2004-04-17,Saturday,False,,,0,0,0,neutral,,
2004-04-18,Sunday,False,,,1,0,1,bad,"The United States lifts economic sanctions imposed on Libya 18 years previously, as a reward for its cooperation in eliminating weapons of mass destruction.",https://en.wikipedia.org/wiki/Economic_sanctions
2004-04-19,Monday,False,,,0,0,0,neutral,,
2004-04-20,Tuesday,False,,,1,0,0,neutral,"The March for Women's Lives brings over one million protesters, mostly pro-choice, to Washington D.C. to protest the Partial-Birth Abortion Ban Act of 2003, and other restrictions on abortion.",https://en.wikipedia.org/wiki/March_for_Women's_Lives_(2004)
2004-04-21,Wednesday,False,,,1,0,1,bad,"Five suicide car bombers target police stations in and around Basra, killing 74 people and wounding 160.",https://en.wikipedia.org/wiki/2004_Basra_police_station_bombings
2004-04-22,Thursday,False,,,0,0,0,neutral,,
2004-04-23,Friday,False,,,0,0,0,neutral,,
2004-04-24,Saturday,False,,,0,0,0,neutral,,
2004-04-25,Sunday,False,,,0,0,0,neutral,,
2004-04-26,Monday,False,,,0,0,0,neutral,,
2004-04-27,Tuesday,False,,,1,0,0,neutral,CBS News releases evidence of the Abu Ghraib torture and prisoner abuse. The photographs show rape and abuse from the American troops over Iraqi detainees.,https://en.wikipedia.org/wiki/CBS_News
2004-04-28,Wednesday,False,,,1,0,1,bad,"The Nicoll Highway in Singapore collapsed, killing four workers.",https://en.wikipedia.org/wiki/Nicoll_Highway
2004-04-29,Thursday,False,,,1,0,0,neutral,"The final Oldsmobile is built in Lansing, Michigan, ending 107 years of vehicle production.",https://en.wikipedia.org/wiki/Oldsmobile
2004-04-30,Friday,False,,,1,0,1,bad,U.S. media release graphic photos of American soldiers committing war crimes against Iraqi prisoners at Abu Ghraib prison.,https://en.wikipedia.org/wiki/Abu_Ghraib_torture_and_prisoner_abuse
2004-05-01,Saturday,False,,,1,0,0,neutral,"Cyprus, Czech Republic, Estonia, Hungary, Latvia, Lithuania, Malta, Poland, Slovakia, and Slovenia join the European Union, celebrated at the residence of the Irish President in Dublin.",https://en.wikipedia.org/wiki/Cyprus
2004-05-02,Sunday,False,,,1,0,1,bad,"The Yelwa massacre concludes. It began on 4 February 2004 when armed Muslims killed 78 Christians at Yelwa, Nigeria. In response, about 630 Muslims were killed by Christians on May 2.",https://en.wikipedia.org/wiki/Yelwa_massacre
2004-05-03,Monday,True,Milad-un-Nabi,muslim,0,0,0,neutral,,
2004-05-04,Tuesday,False,,,0,0,0,neutral,,
2004-05-05,Wednesday,False,,,0,0,0,neutral,,
2004-05-06,Thursday,False,,,1,0,0,neutral,The final episode of the television sitcom Friends was aired.,https://en.wikipedia.org/wiki/The_Last_One_(Friends)
2004-05-07,Friday,False,,,1,1,0,good,American businessman Nick Berg is beheaded by Islamist militants. The act is recorded on videotape and released on the Internet.,https://en.wikipedia.org/wiki/Killing_of_Nick_Berg
2004-05-08,Saturday,False,,,0,0,0,neutral,,
2004-05-09,Sunday,False,,,0,0,0,neutral,,
2004-05-10,Monday,False,,,0,0,0,neutral,,
2004-05-11,Tuesday,False,,,0,0,0,neutral,,
2004-05-12,Wednesday,False,,,0,0,0,neutral,,
2004-05-13,Thursday,False,,,0,0,0,neutral,,
2004-05-14,Friday,False,,,0,0,0,neutral,,
2004-05-15,Saturday,False,,,0,0,0,neutral,,
2004-05-16,Sunday,False,,,0,0,0,neutral,,
2004-05-17,Monday,False,,,0,0,0,neutral,,
2004-05-18,Tuesday,False,,,0,0,0,neutral,,
2004-05-19,Wednesday,False,,,0,0,0,neutral,,
2004-05-20,Thursday,False,,,0,0,0,neutral,,
2004-05-21,Friday,False,,,0,0,0,neutral,,
2004-05-22,Saturday,False,,,0,0,0,neutral,,
2004-05-23,Sunday,False,,,0,0,0,neutral,,
2004-05-24,Monday,False,,,0,0,0,neutral,,
2004-05-25,Tuesday,False,,,0,0,0,neutral,,
2004-05-26,Wednesday,True,Buddha Purnima,general,0,0,0,neutral,,
2004-05-27,Thursday,False,,,0,0,0,neutral,,
2004-05-28,Friday,False,,,0,0,0,neutral,,
2004-05-29,Saturday,False,,,0,0,0,neutral,,
2004-05-30,Sunday,False,,,0,0,0,neutral,,
2004-05-31,Monday,False,,,0,0,0,neutral,,
2004-06-01,Tuesday,False,,,0,0,0,neutral,,
2004-06-02,Wednesday,False,,,0,0,0,neutral,,
2004-06-03,Thursday,False,,,0,0,0,neutral,,
2004-06-04,Friday,False,,,0,0,0,neutral,,
2004-06-05,Saturday,False,,,0,0,0,neutral,,
2004-06-06,Sunday,False,,,0,0,0,neutral,,
2004-06-07,Monday,False,,,0,0,0,neutral,,
2004-06-08,Tuesday,False,,,0,0,0,neutral,,
2004-06-09,Wednesday,False,,,0,0,0,neutral,,
2004-06-10,Thursday,False,,,0,0,0,neutral,,
2004-06-11,Friday,False,,,0,0,0,neutral,,
2004-06-12,Saturday,False,,,0,0,0,neutral,,
2004-06-13,Sunday,False,,,0,0,0,neutral,,
2004-06-14,Monday,False,,,0,0,0,neutral,,
2004-06-15,Tuesday,False,,,0,0,0,neutral,,
2004-06-16,Wednesday,False,,,0,0,0,neutral,,
2004-06-17,Thursday,False,,,0,0,0,neutral,,
2004-06-18,Friday,False,,,0,0,0,neutral,,
2004-06-19,Saturday,False,,,0,0,0,neutral,,
2004-06-20,Sunday,False,,,0,0,0,neutral,,
2004-06-21,Monday,False,,,0,0,0,neutral,,
2004-06-22,Tuesday,False,,,0,0,0,neutral,,
2004-06-23,Wednesday,False,,,0,0,0,neutral,,
2004-06-24,Thursday,False,,,0,0,0,neutral,,
2004-06-25,Friday,False,,,0,0,0,neutral,,
2004-06-26,Saturday,False,,,0,0,0,neutral,,
2004-06-27,Sunday,False,,,0,0,0,neutral,,
2004-06-28,Monday,False,,,0,0,0,neutral,,
2004-06-29,Tuesday,False,,,0,0,0,neutral,,
2004-06-30,Wednesday,False,,,0,0,0,neutral,,
2004-07-01,Thursday,False,,,0,0,0,neutral,,
2004-07-02,Friday,False,,,0,0,0,neutral,,
2004-07-03,Saturday,False,,,0,0,0,neutral,,
2004-07-04,Sunday,False,,,0,0,0,neutral,,
2004-07-05,Monday,False,,,0,0,0,neutral,,
2004-07-06,Tuesday,False,,,0,0,0,neutral,,
2004-07-07,Wednesday,False,,,0,0,0,neutral,,
2004-07-08,Thursday,False,,,0,0,0,neutral,,
2004-07-09,Friday,False,,,0,0,0,neutral,,
2004-07-10,Saturday,False,,,0,0,0,neutral,,
2004-07-11,Sunday,False,,,0,0,0,neutral,,
2004-07-12,Monday,False,,,0,0,0,neutral,,
2004-07-13,Tuesday,False,,,0,0,0,neutral,,
2004-07-14,Wednesday,False,,,0,0,0,neutral,,
2004-07-15,Thursday,False,,,0,0,0,neutral,,
2004-07-16,Friday,False,,,0,0,0,neutral,,
2004-07-17,Saturday,False,,,0,0,0,neutral,,
2004-07-18,Sunday,False,,,0,0,0,neutral,,
2004-07-19,Monday,False,,,0,0,0,neutral,,
2004-07-20,Tuesday,False,,,0,0,0,neutral,,
2004-07-21,Wednesday,False,,,0,0,0,neutral,,
2004-07-22,Thursday,False,,,0,0,0,neutral,,
2004-07-23,Friday,False,,,0,0,0,neutral,,
2004-07-24,Saturday,False,,,0,0,0,neutral,,
2004-07-25,Sunday,False,,,0,0,0,neutral,,
2004-07-26,Monday,False,,,0,0,0,neutral,,
2004-07-27,Tuesday,False,,,0,0,0,neutral,,
2004-07-28,Wednesday,False,,,0,0,0,neutral,,
2004-07-29,Thursday,False,,,0,0,0,neutral,,
2004-07-30,Friday,False,,,0,0,0,neutral,,
2004-07-31,Saturday,False,,,0,0,0,neutral,,
2004-08-01,Sunday,False,,,0,0,0,neutral,,
2004-08-02,Monday,False,,,0,0,0,neutral,,
2004-08-03,Tuesday,False,,,0,0,0,neutral,,
2004-08-04,Wednesday,False,,,0,0,0,neutral,,
2004-08-05,Thursday,False,,,0,0,0,neutral,,
2004-08-06,Friday,False,,,0,0,0,neutral,,
2004-08-07,Saturday,False,,,0,0,0,neutral,,
2004-08-08,Sunday,False,,,0,0,0,neutral,,
2004-08-09,Monday,False,,,0,0,0,neutral,,
2004-08-10,Tuesday,False,,,0,0,0,neutral,,
2004-08-11,Wednesday,False,,,0,0,0,neutral,,
2004-08-12,Thursday,False,,,0,0,0,neutral,,
2004-08-13,Friday,False,,,0,0,0,neutral,,
2004-08-14,Saturday,False,,,0,0,0,neutral,,
2004-08-15,Sunday,True,Independence Day,general,0,0,0,neutral,,
2004-08-16,Monday,False,,,0,0,0,neutral,,
2004-08-17,Tuesday,False,,,0,0,0,neutral,,
2004-08-18,Wednesday,False,,,0,0,0,neutral,,
2004-08-19,Thursday,False,,,0,0,0,neutral,,
2004-08-20,Friday,False,,,0,0,0,neutral,,
2004-08-21,Saturday,False,,,0,0,0,neutral,,
2004-08-22,Sunday,False,,,0,0,0,neutral,,
2004-08-23,Monday,False,,,0,0,0,neutral,,
2004-08-24,Tuesday,False,,,0,0,0,neutral,,
2004-08-25,Wednesday,False,,,0,0,0,neutral,,
2004-08-26,Thursday,False,,,0,0,0,neutral,,
2004-08-27,Friday,False,,,0,0,0,neutral,,
2004-08-28,Saturday,False,,,0,0,0,neutral,,
2004-08-29,Sunday,False,,,0,0,0,neutral,,
2004-08-30,Monday,False,,,0,0,0,neutral,,
2004-08-31,Tuesday,False,,,0,0,0,neutral,,
2004-09-01,Wednesday,False,,,0,0,0,neutral,,
2004-09-02,Thursday,False,,,0,0,0,neutral,,
2004-09-03,Friday,False,,,0,0,0,neutral,,
2004-09-04,Saturday,False,,,0,0,0,neutral,,
2004-09-05,Sunday,False,,,0,0,0,neutral,,
2004-09-06,Monday,False,,,0,0,0,neutral,,
2004-09-07,Tuesday,True,Janmashtami,hindu,0,0,0,neutral,,
2004-09-08,Wednesday,False,,,0,0,0,neutral,,
2004-09-09,Thursday,False,,,0,0,0,neutral,,
2004-09-10,Friday,False,,,0,0,0,neutral,,
2004-09-11,Saturday,False,,,0,0,0,neutral,,
2004-09-12,Sunday,False,,,0,0,0,neutral,,
2004-09-13,Monday,False,,,0,0,0,neutral,,
2004-09-14,Tuesday,False,,,0,0,0,neutral,,
2004-09-15,Wednesday,False,,,0,0,0,neutral,,
2004-09-16,Thursday,False,,,0,0,0,neutral,,
2004-09-17,Friday,False,,,0,0,0,neutral,,
2004-09-18,Saturday,False,,,0,0,0,neutral,,
2004-09-19,Sunday,False,,,0,0,0,neutral,,
2004-09-20,Monday,False,,,0,0,0,neutral,,
2004-09-21,Tuesday,False,,,0,0,0,neutral,,
2004-09-22,Wednesday,False,,,0,0,0,neutral,,
2004-09-23,Thursday,False,,,0,0,0,neutral,,
2004-09-24,Friday,False,,,0,0,0,neutral,,
2004-09-25,Saturday,False,,,0,0,0,neutral,,
2004-09-26,Sunday,False,,,0,0,0,neutral,,
2004-09-27,Monday,False,,,0,0,0,neutral,,
2004-09-28,Tuesday,False,,,0,0,0,neutral,,
2004-09-29,Wednesday,False,,,0,0,0,neutral,,
2004-09-30,Thursday,False,,,0,0,0,neutral,,
2004-10-01,Friday,False,,,0,0,0,neutral,,
2004-10-02,Saturday,True,Gandhi Jayanti,general,0,0,0,neutral,,
2004-10-03,Sunday,False,,,0,0,0,neutral,,
2004-10-04,Monday,False,,,0,0,0,neutral,,
2004-10-05,Tuesday,False,,,0,0,0,neutral,,
2004-10-06,Wednesday,False,,,0,0,0,neutral,,
2004-10-07,Thursday,False,,,0,0,0,neutral,,
2004-10-08,Friday,False,,,0,0,0,neutral,,
2004-10-09,Saturday,False,,,0,0,0,neutral,,
2004-10-10,Sunday,False,,,0,0,0,neutral,,
2004-10-11,Monday,False,,,0,0,0,neutral,,
2004-10-12,Tuesday,False,,,0,0,0,neutral,,
2004-10-13,Wednesday,False,,,0,0,0,neutral,,
2004-10-14,Thursday,False,,,0,0,0,neutral,,
2004-10-15,Friday,False,,,0,0,0,neutral,,
2004-10-16,Saturday,False,,,0,0,0,neutral,,
2004-10-17,Sunday,False,,,0,0,0,neutral,,
2004-10-18,Monday,False,,,0,0,0,neutral,,
2004-10-19,Tuesday,False,,,0,0,0,neutral,,
2004-10-20,Wednesday,False,,,0,0,0,neutral,,
2004-10-21,Thursday,False,,,0,0,0,neutral,,
2004-10-22,Friday,True,Dussehra,hindu,0,0,0,neutral,,
2004-10-23,Saturday,False,,,0,0,0,neutral,,
2004-10-24,Sunday,False,,,0,0,0,neutral,,
2004-10-25,Monday,False,,,0,0,0,neutral,,
2004-10-26,Tuesday,False,,,0,0,0,neutral,,
2004-10-27,Wednesday,False,,,0,0,0,neutral,,
2004-10-28,Thursday,False,,,0,0,0,neutral,,
2004-10-29,Friday,False,,,0,0,0,neutral,,
2004-10-30,Saturday,False,,,0,0,0,neutral,,
2004-10-31,Sunday,False,,,0,0,0,neutral,,
2004-11-01,Monday,False,,,0,0,0,neutral,,
2004-11-02,Tuesday,False,,,0,0,0,neutral,,
2004-11-03,Wednesday,False,,,0,0,0,neutral,,
2004-11-04,Thursday,False,,,0,0,0,neutral,,
2004-11-05,Friday,False,,,0,0,0,neutral,,
2004-11-06,Saturday,False,,,0,0,0,neutral,,
2004-11-07,Sunday,False,,,0,0,0,neutral,,
2004-11-08,Monday,False,,,0,0,0,neutral,,
2004-11-09,Tuesday,False,,,0,0,0,neutral,,
2004-11-10,Wednesday,False,,,0,0,0,neutral,,
2004-11-11,Thursday,False,,,0,0,0,neutral,,
2004-11-12,Friday,True,Diwali,hindu,0,0,0,neutral,,
2004-11-13,Saturday,False,,,0,0,0,neutral,,
2004-11-14,Sunday,True,Id-ul-Fitr,general,0,0,0,neutral,,
2004-11-15,Monday,False,,,0,0,0,neutral,,
2004-11-16,Tuesday,False,,,0,0,0,neutral,,
2004-11-17,Wednesday,False,,,0,0,0,neutral,,
2004-11-18,Thursday,False,,,0,0,0,neutral,,
2004-11-19,Friday,False,,,0,0,0,neutral,,
2004-11-20,Saturday,False,,,0,0,0,neutral,,
2004-11-21,Sunday,False,,,0,0,0,neutral,,
2004-11-22,Monday,False,,,0,0,0,neutral,,
2004-11-23,Tuesday,False,,,0,0,0,neutral,,
2004-11-24,Wednesday,False,,,0,0,0,neutral,,
2004-11-25,Thursday,False,,,0,0,0,neutral,,
2004-11-26,Friday,True,Guru Nanak Jayanti,sikh,0,0,0,neutral,,
2004-11-27,Saturday,False,,,0,0,0,neutral,,
2004-11-28,Sunday,False,,,0,0,0,neutral,,
2004-11-29,Monday,False,,,0,0,0,neutral,,
2004-11-30,Tuesday,False,,,0,0,0,neutral,,
2004-12-01,Wednesday,False,,,0,0,0,neutral,,
2004-12-02,Thursday,False,,,0,0,0,neutral,,
2004-12-03,Friday,False,,,0,0,0,neutral,,
2004-12-04,Saturday,False,,,0,0,0,neutral,,
2004-12-05,Sunday,False,,,0,0,0,neutral,,
2004-12-06,Monday,False,,,0,0,0,neutral,,
2004-12-07,Tuesday,False,,,0,0,0,neutral,,
2004-12-08,Wednesday,False,,,0,0,0,neutral,,
2004-12-09,Thursday,False,,,0,0,0,neutral,,
2004-12-10,Friday,False,,,0,0,0,neutral,,
2004-12-11,Saturday,False,,,0,0,0,neutral,,
2004-12-12,Sunday,False,,,0,0,0,neutral,,
2004-12-13,Monday,False,,,0,0,0,neutral,,
2004-12-14,Tuesday,False,,,0,0,0,neutral,,
2004-12-15,Wednesday,False,,,0,0,0,neutral,,
2004-12-16,Thursday,False,,,0,0,0,neutral,,
2004-12-17,Friday,False,,,0,0,0,neutral,,
2004-12-18,Saturday,False,,,0,0,0,neutral,,
2004-12-19,Sunday,False,,,0,0,0,neutral,,
2004-12-20,Monday,False,,,0,0,0,neutral,,
2004-12-21,Tuesday,False,,,0,0,0,neutral,,
2004-12-22,Wednesday,False,,,0,0,0,neutral,,
2004-12-23,Thursday,False,,,0,0,0,neutral,,
2004-12-24,Friday,False,,,0,0,0,neutral,,
2004-12-25,Saturday,True,Christmas,christian,0,0,0,neutral,,
2004-12-26,Sunday,False,,,0,0,0,neutral,,
2004-12-27,Monday,False,,,0,0,0,neutral,,
2004-12-28,Tuesday,False,,,0,0,0,neutral,,
2004-12-29,Wednesday,False,,,0,0,0,neutral,,
2004-12-30,Thursday,False,,,0,0,0,neutral,,
2004-12-31,Friday,False,,,0,0,0,neutral,,
2005-01-01,Saturday,False,,,0,0,0,neutral,,
2005-01-02,Sunday,False,,,0,0,0,neutral,,
2005-01-03,Monday,False,,,0,0,0,neutral,,
2005-01-04,Tuesday,False,,,0,0,0,neutral,,
2005-01-05,Wednesday,False,,,0,0,0,neutral,,
2005-01-06,Thursday,False,,,1,0,1,bad,"The dwarf planet Eris is discovered by Palomar Observatory-based astronomers, later motivating the International Astronomical Union (IAU) to define the term planet for the first time.",https://en.wikipedia.org/wiki/Eris_(dwarf_planet)
2005-01-07,Friday,False,,,2,0,1,bad,"Edgar Ray Killen is indicted for the 1964 murders of Chaney, Goodman, and Schwerner during the American Civil Rights Movement. || A train collision in Graniteville, South Carolina, United States, releases about 60 tons of chlorine gas.",https://en.wikipedia.org/wiki/Edgar_Ray_Killen || https://en.wikipedia.org/wiki/Graniteville_train_crash
2005-01-08,Saturday,False,,,1,0,1,bad,"The nuclear sub USS San Francisco collides at full speed with an undersea mountain south of Guam. One man is killed, but the sub surfaces and is repaired.",https://en.wikipedia.org/wiki/USS_San_Francisco_(SSN-711)
2005-01-09,Sunday,False,,,1,0,0,neutral,"ESA's SMART-1 lunar orbiter discovers elements such as calcium, aluminum, silicon, iron, and other surface elements on the Moon.",https://en.wikipedia.org/wiki/European_Space_Agency
2005-01-10,Monday,False,,,0,0,0,neutral,,
2005-01-11,Tuesday,False,,,0,0,0,neutral,,
2005-01-12,Wednesday,False,,,1,1,0,good,Deep Impact launches from Cape Canaveral on a Delta II rocket.,https://en.wikipedia.org/wiki/Deep_Impact_(spacecraft)
2005-01-13,Thursday,False,,,0,0,0,neutral,,
2005-01-14,Friday,False,,,0,0,0,neutral,,
2005-01-15,Saturday,False,,,2,0,1,bad,"Mahmoud Abbas wins the election to succeed Yasser Arafat as President of the Palestinian National Authority, replacing interim president Rawhi Fattouh. || The Sudan People's Liberation Movement and the Government of Sudan sign the Comprehensive Peace Agreement to end the Second Sudanese Civil War.",https://en.wikipedia.org/wiki/Mahmoud_Abbas || https://en.wikipedia.org/wiki/Sudan_People's_Liberation_Movement
2005-01-16,Sunday,False,,,0,0,0,neutral,,
2005-01-17,Monday,False,,,0,0,0,neutral,,
2005-01-18,Tuesday,False,,,1,0,0,neutral,"The Airbus A380, the world's largest commercial jet, is unveiled at a ceremony in Toulouse, France",https://en.wikipedia.org/wiki/Airbus_A380
2005-01-19,Wednesday,False,,,0,0,0,neutral,,
2005-01-20,Thursday,False,,,0,0,0,neutral,,
2005-01-21,Friday,True,Bakrid,muslim,1,0,1,bad,"In Belmopan, Belize, the unrest over the government's new taxes erupts into riots.",https://en.wikipedia.org/wiki/Belmopan
2005-01-22,Saturday,False,,,0,0,0,neutral,,
2005-01-23,Sunday,False,,,0,0,0,neutral,,
2005-01-24,Monday,False,,,0,0,0,neutral,,
2005-01-25,Tuesday,False,,,1,0,0,neutral,"A stampede at the Mandhradevi temple in Maharashtra, India kills at least 258.",https://en.wikipedia.org/wiki/Mandher_Devi_temple_stampede
2005-01-26,Wednesday,True,Republic Day,general,0,0,0,neutral,,
2005-01-27,Thursday,False,,,0,0,0,neutral,,
2005-01-28,Friday,False,,,0,0,0,neutral,,
2005-01-29,Saturday,False,,,1,0,1,bad,"The first direct commercial flights from mainland China (from Guangzhou) to Taiwan since 1949 arrived in Taipei. Shortly afterwards, a China Airlines flight lands in Beijing.",https://en.wikipedia.org/wiki/Mainland_China
2005-01-30,Sunday,False,,,0,0,0,neutral,,
2005-01-31,Monday,False,,,0,0,0,neutral,,
2005-02-01,Tuesday,False,,,1,0,0,neutral,"King Gyanendra of Nepal carries out a coup d'état to capture the democracy, becoming Chairman of the Councils of ministers.",https://en.wikipedia.org/wiki/Gyanendra_Shah
2005-02-02,Wednesday,False,,,1,0,0,neutral,"The Government of Canada introduces the Civil Marriage Act. This legislation would become law on July 20, 2005, legalizing same-sex marriage.",https://en.wikipedia.org/wiki/Government_of_Canada
2005-02-03,Thursday,False,,,1,0,1,bad,One hundred five people are killed when Kam Air Flight 904 crashes in the Pamir Mountains in Afghanistan.,https://en.wikipedia.org/wiki/Kam_Air_Flight_904
2005-02-04,Friday,False,,,0,0,0,neutral,,
2005-02-05,Saturday,False,,,0,0,0,neutral,,
2005-02-06,Sunday,False,,,0,0,0,neutral,,
2005-02-07,Monday,False,,,0,0,0,neutral,,
2005-02-08,Tuesday,False,,,0,0,0,neutral,,
2005-02-09,Wednesday,False,,,0,0,0,neutral,,
2005-02-10,Thursday,False,,,0,0,0,neutral,,
2005-02-11,Friday,False,,,0,0,0,neutral,,
2005-02-12,Saturday,False,,,0,0,0,neutral,,
2005-02-13,Sunday,False,,,0,0,0,neutral,,
2005-02-14,Monday,False,,,3,1,2,bad,"In Beirut, 23 people, including former Prime Minister Rafic Hariri, are killed when the equivalent of around 1,000 kg of TNT is detonated while Hariri's motorcade drives through the city. || Seven people are killed and 151 wounded in a series of bombings by suspected al-Qaeda-linked militants that hit Makati, Davao City, and General Santos, all in the Philippines. || YouTube is launched by a group of college students, eventually becoming the largest video sharing website in the world and a main source for viral videos.",https://en.wikipedia.org/wiki/Beirut || https://en.wikipedia.org/wiki/Al-Qaeda || https://en.wikipedia.org/wiki/YouTube
2005-02-15,Tuesday,False,,,2,0,0,neutral,"The Kyoto Protocol comes into force, following its ratification by Russia. || The National Hockey League cancels the entire 2004–05 regular season and playoffs.",https://en.wikipedia.org/wiki/Kyoto_Protocol || https://en.wikipedia.org/wiki/National_Hockey_League
2005-02-16,Wednesday,False,,,0,0,0,neutral,,
2005-02-17,Thursday,False,,,0,0,0,neutral,,
2005-02-18,Friday,False,,,0,0,0,neutral,,
2005-02-19,Saturday,True,Muharram,muslim,0,0,0,neutral,,
2005-02-20,Sunday,False,,,1,1,0,good,"Spain becomes the first country to vote in a referendum on ratification of the proposed Constitution of the European Union, passing it by a substantial margin, but on a low turnout.",https://en.wikipedia.org/wiki/2005_Spanish_European_Constitution_referendum
2005-02-21,Monday,False,,,0,0,0,neutral,,
2005-02-22,Tuesday,False,,,1,0,1,bad,"The 6.4 Mw  Zarand earthquake shakes the Kerman province of Iran with a maximum Mercalli intensity of VIII (Severe), leaving 612 people dead and 1,411 injured.",https://en.wikipedia.org/wiki/2005_Zarand_earthquake
2005-02-23,Wednesday,False,,,0,0,0,neutral,,
2005-02-24,Thursday,False,,,0,0,0,neutral,,
2005-02-25,Friday,False,,,0,0,0,neutral,,
2005-02-26,Saturday,False,,,0,0,0,neutral,,
2005-02-27,Sunday,False,,,0,0,0,neutral,,
2005-02-28,Monday,False,,,0,0,0,neutral,,
2005-03-01,Tuesday,False,,,1,0,0,neutral,"In Roper v. Simmons, the U.S. Supreme Court rules that the execution of juveniles found guilty of any crime is unconstitutional.",https://en.wikipedia.org/wiki/Roper_v._Simmons
2005-03-02,Wednesday,False,,,0,0,0,neutral,,
2005-03-03,Thursday,False,,,0,0,0,neutral,,
2005-03-04,Friday,False,,,0,0,0,neutral,,
2005-03-05,Saturday,False,,,0,0,0,neutral,,
2005-03-06,Sunday,False,,,0,0,0,neutral,,
2005-03-07,Monday,False,,,0,0,0,neutral,,
2005-03-08,Tuesday,True,Maha Shivaratri,general,3,2,1,bad,"James Roszko murders four Royal Canadian Mounted Police constables during a drug bust at his property in Rochfort Bridge, Alberta, then commits suicide. This is the deadliest peace-time incident for the RCMP since 1885 and the North-West Rebellion. || Steve Fossett becomes the first person to fly an airplane non-stop around the world solo without refueling. || Margaret Wilson is elected as Speaker of the New Zealand House of Representatives, beginning a period lasting until August 23, 2006, where all the highest political offices (including Elizabeth II as Head of State), were occupied by women, making New Zealand the first country for this to occur.",https://en.wikipedia.org/wiki/Mayerthorpe_tragedy || https://en.wikipedia.org/wiki/Steve_Fossett || https://en.wikipedia.org/wiki/Margaret_Wilson
2005-03-09,Wednesday,False,,,0,0,0,neutral,,
2005-03-10,Thursday,False,,,0,0,0,neutral,,
2005-03-11,Friday,False,,,0,0,0,neutral,,
2005-03-12,Saturday,False,,,0,0,0,neutral,,
2005-03-13,Sunday,False,,,0,0,0,neutral,,
2005-03-14,Monday,False,,,0,0,0,neutral,,
2005-03-15,Tuesday,False,,,0,0,0,neutral,,
2005-03-16,Wednesday,False,,,1,0,0,neutral,Israel officially hands over Jericho to Palestinian control.,https://en.wikipedia.org/wiki/Israel
2005-03-17,Thursday,False,,,0,0,0,neutral,,
2005-03-18,Friday,False,,,0,0,0,neutral,,
2005-03-19,Saturday,False,,,0,0,0,neutral,,
2005-03-20,Sunday,False,,,0,0,0,neutral,,
2005-03-21,Monday,False,,,0,0,0,neutral,,
2005-03-22,Tuesday,False,,,0,0,0,neutral,,
2005-03-23,Wednesday,False,,,0,0,0,neutral,,
2005-03-24,Thursday,False,,,0,0,0,neutral,,
2005-03-25,Friday,True,Good Friday,christian,0,0,0,neutral,,
2005-03-26,Saturday,False,,,1,0,0,neutral,"Around 200,000 to 300,000 Taiwanese demonstrate in Taipei in opposition to the Anti-Secession Law of  China.",https://en.wikipedia.org/wiki/Taiwan
2005-03-27,Sunday,False,,,0,0,0,neutral,,
2005-03-28,Monday,False,,,1,0,1,bad,An earthquake shakes northern Sumatra with a magnitude of 8.6 and killing over 1000 people.,https://en.wikipedia.org/wiki/2005_Nias%E2%80%93Simeulue_earthquake
2005-03-29,Tuesday,False,,,0,0,0,neutral,,
2005-03-30,Wednesday,False,,,0,0,0,neutral,,
2005-03-31,Thursday,False,,,0,0,0,neutral,,
2005-04-01,Friday,False,,,0,0,0,neutral,,
2005-04-02,Saturday,False,,,1,0,1,bad,The dwarf planet Makemake is discovered by a team led by astronomer Michael E. Brown at the Palomar Observatory.,https://en.wikipedia.org/wiki/Dwarf_planet
2005-04-03,Sunday,False,,,0,0,0,neutral,,
2005-04-04,Monday,False,,,0,0,0,neutral,,
2005-04-05,Tuesday,False,,,0,0,0,neutral,,
2005-04-06,Wednesday,False,,,1,0,0,neutral,Kurdish leader Jalal Talabani becomes Iraqi president; Shiite Arab Ibrahim al-Jaafari is named premier the next day.,https://en.wikipedia.org/wiki/Jalal_Talabani
2005-04-07,Thursday,False,,,1,1,0,good,First release of Git distributed version control system.,https://en.wikipedia.org/wiki/Git
2005-04-08,Friday,False,,,1,0,0,neutral,"A solar eclipse occurs, visible over areas of the Pacific Ocean and Latin American countries such as Costa Rica, Panama, Colombia and Venezuela.",https://en.wikipedia.org/wiki/Solar_eclipse_of_April_8%2C_2005
2005-04-09,Saturday,False,,,0,0,0,neutral,,
2005-04-10,Sunday,False,,,0,0,0,neutral,,
2005-04-11,Monday,False,,,0,0,0,neutral,,
2005-04-12,Tuesday,False,,,0,0,0,neutral,,
2005-04-13,Wednesday,False,,,0,0,0,neutral,,
2005-04-14,Thursday,False,,,1,0,0,neutral,The Oregon Supreme Court nullifies marriage licenses issued to same-sex couples a year earlier by Multnomah County.,https://en.wikipedia.org/wiki/Oregon_Supreme_Court
2005-04-15,Friday,False,,,0,0,0,neutral,,
2005-04-16,Saturday,False,,,0,0,0,neutral,,
2005-04-17,Sunday,False,,,0,0,0,neutral,,
2005-04-18,Monday,False,,,1,1,0,good,Cardinal Joseph Ratzinger is inaugurated as the 265th Pope of the Catholic Church taking the name Pope Benedict XVI.,https://en.wikipedia.org/wiki/Cardinal_(Catholic_Church)
2005-04-19,Tuesday,False,,,1,0,0,neutral,Cardinal Joseph Ratzinger is elected to the papacy and becomes Pope Benedict XVI.,https://en.wikipedia.org/wiki/2005_conclave
2005-04-20,Wednesday,False,,,3,1,1,bad,"The final piece of the Obelisk of Axum is returned to Ethiopia after being stolen by the invading Italian army in 1937. || A seven-car commuter train derails and crashes into an apartment building near Amagasaki Station in Japan, killing 107, including the driver. || Bulgaria and Romania sign the Treaty of Accession 2005 to join the European Union.",https://en.wikipedia.org/wiki/Obelisk_of_Axum || https://en.wikipedia.org/wiki/Amagasaki_derailment || https://en.wikipedia.org/wiki/Bulgaria
2005-04-21,Thursday,False,,,0,0,0,neutral,,
2005-04-22,Friday,True,Mahavir Jayanti; Milad-un-Nabi,muslim,1,0,1,bad,Japan's Prime Minister Junichiro Koizumi apologizes for Japan's war record.,https://en.wikipedia.org/wiki/Junichiro_Koizumi
2005-04-23,Saturday,False,,,0,0,0,neutral,,
2005-04-24,Sunday,False,,,1,0,0,neutral,"Cedar Revolution: Under international pressure, Syria withdraws the last of its 14,000 troop military garrison in Lebanon, ending its 29-year military domination of that country (Syrian occupation of Lebanon).",https://en.wikipedia.org/wiki/Cedar_Revolution
2005-04-25,Monday,False,,,1,0,0,neutral,Airbus A380 aircraft has its maiden test flight.,https://en.wikipedia.org/wiki/Airbus_A380
2005-04-26,Tuesday,False,,,1,1,0,good,"The first YouTube video, titled ""Me at the zoo"", was published by co-founder Jawed Karim.",https://en.wikipedia.org/wiki/YouTube
2005-04-27,Wednesday,False,,,0,0,0,neutral,,
2005-04-28,Thursday,False,,,0,0,0,neutral,,
2005-04-29,Friday,False,,,0,0,0,neutral,,
2005-04-30,Saturday,False,,,0,0,0,neutral,,
2005-05-01,Sunday,False,,,0,0,0,neutral,,
2005-05-02,Monday,False,,,0,0,0,neutral,,
2005-05-03,Tuesday,False,,,0,0,0,neutral,,
2005-05-04,Wednesday,False,,,0,0,0,neutral,,
2005-05-05,Thursday,False,,,0,0,0,neutral,,
2005-05-06,Friday,False,,,0,0,0,neutral,,
2005-05-07,Saturday,False,,,0,0,0,neutral,,
2005-05-08,Sunday,False,,,0,0,0,neutral,,
2005-05-09,Monday,False,,,0,0,0,neutral,,
2005-05-10,Tuesday,False,,,1,0,0,neutral,"A hand grenade thrown by Vladimir Arutyunian lands about 20 m from U.S. President George W. Bush while he is giving a speech to a crowd in Tbilisi, Georgia, but it malfunctions and does not detonate.",https://en.wikipedia.org/wiki/Grenade
2005-05-11,Wednesday,False,,,0,0,0,neutral,,
2005-05-12,Thursday,False,,,0,0,0,neutral,,
2005-05-13,Friday,False,,,0,0,0,neutral,,
2005-05-14,Saturday,False,,,0,0,0,neutral,,
2005-05-15,Sunday,False,,,0,0,0,neutral,,
2005-05-16,Monday,False,,,0,0,0,neutral,,
2005-05-17,Tuesday,False,,,0,0,0,neutral,,
2005-05-18,Wednesday,False,,,0,0,0,neutral,,
2005-05-19,Thursday,False,,,0,0,0,neutral,,
2005-05-20,Friday,False,,,0,0,0,neutral,,
2005-05-21,Saturday,False,,,0,0,0,neutral,,
2005-05-22,Sunday,False,,,0,0,0,neutral,,
2005-05-23,Monday,True,Buddha Purnima,general,0,0,0,neutral,,
2005-05-24,Tuesday,False,,,0,0,0,neutral,,
2005-05-25,Wednesday,False,,,0,0,0,neutral,,
2005-05-26,Thursday,False,,,0,0,0,neutral,,
2005-05-27,Friday,False,,,0,0,0,neutral,,
2005-05-28,Saturday,False,,,0,0,0,neutral,,
2005-05-29,Sunday,False,,,0,0,0,neutral,,
2005-05-30,Monday,False,,,0,0,0,neutral,,
2005-05-31,Tuesday,False,,,0,0,0,neutral,,
2005-06-01,Wednesday,False,,,0,0,0,neutral,,
2005-06-02,Thursday,False,,,0,0,0,neutral,,
2005-06-03,Friday,False,,,0,0,0,neutral,,
2005-06-04,Saturday,False,,,0,0,0,neutral,,
2005-06-05,Sunday,False,,,0,0,0,neutral,,
2005-06-06,Monday,False,,,0,0,0,neutral,,
2005-06-07,Tuesday,False,,,0,0,0,neutral,,
2005-06-08,Wednesday,False,,,0,0,0,neutral,,
2005-06-09,Thursday,False,,,0,0,0,neutral,,
2005-06-10,Friday,False,,,0,0,0,neutral,,
2005-06-11,Saturday,False,,,0,0,0,neutral,,
2005-06-12,Sunday,False,,,0,0,0,neutral,,
2005-06-13,Monday,False,,,0,0,0,neutral,,
2005-06-14,Tuesday,False,,,0,0,0,neutral,,
2005-06-15,Wednesday,False,,,0,0,0,neutral,,
2005-06-16,Thursday,False,,,0,0,0,neutral,,
2005-06-17,Friday,False,,,0,0,0,neutral,,
2005-06-18,Saturday,False,,,0,0,0,neutral,,
2005-06-19,Sunday,False,,,0,0,0,neutral,,
2005-06-20,Monday,False,,,0,0,0,neutral,,
2005-06-21,Tuesday,False,,,0,0,0,neutral,,
2005-06-22,Wednesday,False,,,0,0,0,neutral,,
2005-06-23,Thursday,False,,,0,0,0,neutral,,
2005-06-24,Friday,False,,,0,0,0,neutral,,
2005-06-25,Saturday,False,,,0,0,0,neutral,,
2005-06-26,Sunday,False,,,0,0,0,neutral,,
2005-06-27,Monday,False,,,0,0,0,neutral,,
2005-06-28,Tuesday,False,,,0,0,0,neutral,,
2005-06-29,Wednesday,False,,,0,0,0,neutral,,
2005-06-30,Thursday,False,,,0,0,0,neutral,,
2005-07-01,Friday,False,,,0,0,0,neutral,,
2005-07-02,Saturday,False,,,0,0,0,neutral,,
2005-07-03,Sunday,False,,,0,0,0,neutral,,
2005-07-04,Monday,False,,,0,0,0,neutral,,
2005-07-05,Tuesday,False,,,0,0,0,neutral,,
2005-07-06,Wednesday,False,,,0,0,0,neutral,,
2005-07-07,Thursday,False,,,0,0,0,neutral,,
2005-07-08,Friday,False,,,0,0,0,neutral,,
2005-07-09,Saturday,False,,,0,0,0,neutral,,
2005-07-10,Sunday,False,,,0,0,0,neutral,,
2005-07-11,Monday,False,,,0,0,0,neutral,,
2005-07-12,Tuesday,False,,,0,0,0,neutral,,
2005-07-13,Wednesday,False,,,0,0,0,neutral,,
2005-07-14,Thursday,False,,,0,0,0,neutral,,
2005-07-15,Friday,False,,,0,0,0,neutral,,
2005-07-16,Saturday,False,,,0,0,0,neutral,,
2005-07-17,Sunday,False,,,0,0,0,neutral,,
2005-07-18,Monday,False,,,0,0,0,neutral,,
2005-07-19,Tuesday,False,,,0,0,0,neutral,,
2005-07-20,Wednesday,False,,,0,0,0,neutral,,
2005-07-21,Thursday,False,,,0,0,0,neutral,,
2005-07-22,Friday,False,,,0,0,0,neutral,,
2005-07-23,Saturday,False,,,0,0,0,neutral,,
2005-07-24,Sunday,False,,,0,0,0,neutral,,
2005-07-25,Monday,False,,,0,0,0,neutral,,
2005-07-26,Tuesday,False,,,0,0,0,neutral,,
2005-07-27,Wednesday,False,,,0,0,0,neutral,,
2005-07-28,Thursday,False,,,0,0,0,neutral,,
2005-07-29,Friday,False,,,0,0,0,neutral,,
2005-07-30,Saturday,False,,,0,0,0,neutral,,
2005-07-31,Sunday,False,,,0,0,0,neutral,,
2005-08-01,Monday,False,,,0,0,0,neutral,,
2005-08-02,Tuesday,False,,,0,0,0,neutral,,
2005-08-03,Wednesday,False,,,0,0,0,neutral,,
2005-08-04,Thursday,False,,,0,0,0,neutral,,
2005-08-05,Friday,False,,,0,0,0,neutral,,
2005-08-06,Saturday,False,,,0,0,0,neutral,,
2005-08-07,Sunday,False,,,0,0,0,neutral,,
2005-08-08,Monday,False,,,0,0,0,neutral,,
2005-08-09,Tuesday,False,,,0,0,0,neutral,,
2005-08-10,Wednesday,False,,,0,0,0,neutral,,
2005-08-11,Thursday,False,,,0,0,0,neutral,,
2005-08-12,Friday,False,,,0,0,0,neutral,,
2005-08-13,Saturday,False,,,0,0,0,neutral,,
2005-08-14,Sunday,False,,,0,0,0,neutral,,
2005-08-15,Monday,True,Independence Day,general,0,0,0,neutral,,
2005-08-16,Tuesday,False,,,0,0,0,neutral,,
2005-08-17,Wednesday,False,,,0,0,0,neutral,,
2005-08-18,Thursday,False,,,0,0,0,neutral,,
2005-08-19,Friday,False,,,0,0,0,neutral,,
2005-08-20,Saturday,False,,,0,0,0,neutral,,
2005-08-21,Sunday,False,,,0,0,0,neutral,,
2005-08-22,Monday,False,,,0,0,0,neutral,,
2005-08-23,Tuesday,False,,,0,0,0,neutral,,
2005-08-24,Wednesday,False,,,0,0,0,neutral,,
2005-08-25,Thursday,False,,,0,0,0,neutral,,
2005-08-26,Friday,False,,,0,0,0,neutral,,
2005-08-27,Saturday,True,Janmashtami,hindu,0,0,0,neutral,,
2005-08-28,Sunday,False,,,0,0,0,neutral,,
2005-08-29,Monday,False,,,0,0,0,neutral,,
2005-08-30,Tuesday,False,,,0,0,0,neutral,,
2005-08-31,Wednesday,False,,,0,0,0,neutral,,
2005-09-01,Thursday,False,,,0,0,0,neutral,,
2005-09-02,Friday,False,,,0,0,0,neutral,,
2005-09-03,Saturday,False,,,0,0,0,neutral,,
2005-09-04,Sunday,False,,,0,0,0,neutral,,
2005-09-05,Monday,False,,,0,0,0,neutral,,
2005-09-06,Tuesday,False,,,0,0,0,neutral,,
2005-09-07,Wednesday,False,,,0,0,0,neutral,,
2005-09-08,Thursday,False,,,0,0,0,neutral,,
2005-09-09,Friday,False,,,0,0,0,neutral,,
2005-09-10,Saturday,False,,,0,0,0,neutral,,
2005-09-11,Sunday,False,,,0,0,0,neutral,,
2005-09-12,Monday,False,,,0,0,0,neutral,,
2005-09-13,Tuesday,False,,,0,0,0,neutral,,
2005-09-14,Wednesday,False,,,0,0,0,neutral,,
2005-09-15,Thursday,False,,,0,0,0,neutral,,
2005-09-16,Friday,False,,,0,0,0,neutral,,
2005-09-17,Saturday,False,,,0,0,0,neutral,,
2005-09-18,Sunday,False,,,0,0,0,neutral,,
2005-09-19,Monday,False,,,0,0,0,neutral,,
2005-09-20,Tuesday,False,,,0,0,0,neutral,,
2005-09-21,Wednesday,False,,,0,0,0,neutral,,
2005-09-22,Thursday,False,,,0,0,0,neutral,,
2005-09-23,Friday,False,,,0,0,0,neutral,,
2005-09-24,Saturday,False,,,0,0,0,neutral,,
2005-09-25,Sunday,False,,,0,0,0,neutral,,
2005-09-26,Monday,False,,,0,0,0,neutral,,
2005-09-27,Tuesday,False,,,0,0,0,neutral,,
2005-09-28,Wednesday,False,,,0,0,0,neutral,,
2005-09-29,Thursday,False,,,0,0,0,neutral,,
2005-09-30,Friday,False,,,0,0,0,neutral,,
2005-10-01,Saturday,False,,,0,0,0,neutral,,
2005-10-02,Sunday,True,Gandhi Jayanti,general,0,0,0,neutral,,
2005-10-03,Monday,False,,,0,0,0,neutral,,
2005-10-04,Tuesday,False,,,0,0,0,neutral,,
2005-10-05,Wednesday,False,,,0,0,0,neutral,,
2005-10-06,Thursday,False,,,0,0,0,neutral,,
2005-10-07,Friday,False,,,0,0,0,neutral,,
2005-10-08,Saturday,False,,,0,0,0,neutral,,
2005-10-09,Sunday,False,,,0,0,0,neutral,,
2005-10-10,Monday,False,,,0,0,0,neutral,,
2005-10-11,Tuesday,False,,,0,0,0,neutral,,
2005-10-12,Wednesday,True,Dussehra,hindu,0,0,0,neutral,,
2005-10-13,Thursday,False,,,0,0,0,neutral,,
2005-10-14,Friday,False,,,0,0,0,neutral,,
2005-10-15,Saturday,False,,,0,0,0,neutral,,
2005-10-16,Sunday,False,,,0,0,0,neutral,,
2005-10-17,Monday,False,,,0,0,0,neutral,,
2005-10-18,Tuesday,False,,,0,0,0,neutral,,
2005-10-19,Wednesday,False,,,0,0,0,neutral,,
2005-10-20,Thursday,False,,,0,0,0,neutral,,
2005-10-21,Friday,False,,,0,0,0,neutral,,
2005-10-22,Saturday,False,,,0,0,0,neutral,,
2005-10-23,Sunday,False,,,0,0,0,neutral,,
2005-10-24,Monday,False,,,0,0,0,neutral,,
2005-10-25,Tuesday,False,,,0,0,0,neutral,,
2005-10-26,Wednesday,False,,,0,0,0,neutral,,
2005-10-27,Thursday,False,,,0,0,0,neutral,,
2005-10-28,Friday,False,,,0,0,0,neutral,,
2005-10-29,Saturday,False,,,0,0,0,neutral,,
2005-10-30,Sunday,False,,,0,0,0,neutral,,
2005-10-31,Monday,False,,,0,0,0,neutral,,
2005-11-01,Tuesday,True,Diwali,hindu,0,0,0,neutral,,
2005-11-02,Wednesday,False,,,0,0,0,neutral,,
2005-11-03,Thursday,True,Id-ul-Fitr,general,0,0,0,neutral,,
2005-11-04,Friday,False,,,0,0,0,neutral,,
2005-11-05,Saturday,False,,,0,0,0,neutral,,
2005-11-06,Sunday,False,,,0,0,0,neutral,,
2005-11-07,Monday,False,,,0,0,0,neutral,,
2005-11-08,Tuesday,False,,,0,0,0,neutral,,
2005-11-09,Wednesday,False,,,0,0,0,neutral,,
2005-11-10,Thursday,False,,,0,0,0,neutral,,
2005-11-11,Friday,False,,,0,0,0,neutral,,
2005-11-12,Saturday,False,,,0,0,0,neutral,,
2005-11-13,Sunday,False,,,0,0,0,neutral,,
2005-11-14,Monday,False,,,0,0,0,neutral,,
2005-11-15,Tuesday,True,Guru Nanak Jayanti,sikh,0,0,0,neutral,,
2005-11-16,Wednesday,False,,,0,0,0,neutral,,
2005-11-17,Thursday,False,,,0,0,0,neutral,,
2005-11-18,Friday,False,,,0,0,0,neutral,,
2005-11-19,Saturday,False,,,0,0,0,neutral,,
2005-11-20,Sunday,False,,,0,0,0,neutral,,
2005-11-21,Monday,False,,,0,0,0,neutral,,
2005-11-22,Tuesday,False,,,0,0,0,neutral,,
2005-11-23,Wednesday,False,,,0,0,0,neutral,,
2005-11-24,Thursday,False,,,0,0,0,neutral,,
2005-11-25,Friday,False,,,0,0,0,neutral,,
2005-11-26,Saturday,False,,,0,0,0,neutral,,
2005-11-27,Sunday,False,,,0,0,0,neutral,,
2005-11-28,Monday,False,,,0,0,0,neutral,,
2005-11-29,Tuesday,False,,,0,0,0,neutral,,
2005-11-30,Wednesday,False,,,0,0,0,neutral,,
2005-12-01,Thursday,False,,,0,0,0,neutral,,
2005-12-02,Friday,False,,,0,0,0,neutral,,
2005-12-03,Saturday,False,,,0,0,0,neutral,,
2005-12-04,Sunday,False,,,0,0,0,neutral,,
2005-12-05,Monday,False,,,0,0,0,neutral,,
2005-12-06,Tuesday,False,,,0,0,0,neutral,,
2005-12-07,Wednesday,False,,,0,0,0,neutral,,
2005-12-08,Thursday,False,,,0,0,0,neutral,,
2005-12-09,Friday,False,,,0,0,0,neutral,,
2005-12-10,Saturday,False,,,0,0,0,neutral,,
2005-12-11,Sunday,False,,,0,0,0,neutral,,
2005-12-12,Monday,False,,,0,0,0,neutral,,
2005-12-13,Tuesday,False,,,0,0,0,neutral,,
2005-12-14,Wednesday,False,,,0,0,0,neutral,,
2005-12-15,Thursday,False,,,0,0,0,neutral,,
2005-12-16,Friday,False,,,0,0,0,neutral,,
2005-12-17,Saturday,False,,,0,0,0,neutral,,
2005-12-18,Sunday,False,,,0,0,0,neutral,,
2005-12-19,Monday,False,,,0,0,0,neutral,,
2005-12-20,Tuesday,False,,,0,0,0,neutral,,
2005-12-21,Wednesday,False,,,0,0,0,neutral,,
2005-12-22,Thursday,False,,,0,0,0,neutral,,
2005-12-23,Friday,False,,,0,0,0,neutral,,
2005-12-24,Saturday,False,,,0,0,0,neutral,,
2005-12-25,Sunday,True,Christmas,christian,0,0,0,neutral,,
2005-12-26,Monday,False,,,0,0,0,neutral,,
2005-12-27,Tuesday,False,,,0,0,0,neutral,,
2005-12-28,Wednesday,False,,,0,0,0,neutral,,
2005-12-29,Thursday,False,,,0,0,0,neutral,,
2005-12-30,Friday,False,,,0,0,0,neutral,,
2005-12-31,Saturday,False,,,0,0,0,neutral,,
2006-01-01,Sunday,False,,,0,0,0,neutral,,
2006-01-02,Monday,False,,,0,0,0,neutral,,
2006-01-03,Tuesday,False,,,0,0,0,neutral,,
2006-01-04,Wednesday,False,,,0,0,0,neutral,,
2006-01-05,Thursday,False,,,0,0,0,neutral,,
2006-01-06,Friday,False,,,0,0,0,neutral,,
2006-01-07,Saturday,False,,,0,0,0,neutral,,
2006-01-08,Sunday,False,,,0,0,0,neutral,,
2006-01-09,Monday,False,,,0,0,0,neutral,,
2006-01-10,Tuesday,False,,,0,0,0,neutral,,
2006-01-11,Wednesday,True,Bakrid,muslim,0,0,0,neutral,,
2006-01-12,Thursday,False,,,1,0,0,neutral,"A stampede during the Stoning of the Devil ritual on the last day at the Hajj in Mina, Saudi Arabia, kills at least 362 Muslim pilgrims.",https://en.wikipedia.org/wiki/Incidents_during_the_Hajj
2006-01-13,Friday,False,,,0,0,0,neutral,,
2006-01-14,Saturday,False,,,0,0,0,neutral,,
2006-01-15,Sunday,False,,,0,0,0,neutral,,
2006-01-16,Monday,False,,,1,0,0,neutral,"Ehud Olmert becomes acting Prime Minister of Israel after the incumbent, Ariel Sharon, suffers a second, apparently more serious stroke.",https://en.wikipedia.org/wiki/Ehud_Olmert
2006-01-17,Tuesday,False,,,1,1,0,good,Ellen Johnson Sirleaf is sworn in as Liberia's new president. She becomes Africa's first female elected head of state.,https://en.wikipedia.org/wiki/Ellen_Johnson_Sirleaf
2006-01-18,Wednesday,False,,,0,0,0,neutral,,
2006-01-19,Thursday,False,,,1,0,1,bad,"A Slovak Air Force Antonov An-24 crashes near Hejce, Hungary, killing 42.",https://en.wikipedia.org/wiki/Slovak_Air_Force
2006-01-20,Friday,False,,,0,0,0,neutral,,
2006-01-21,Saturday,False,,,0,0,0,neutral,,
2006-01-22,Sunday,False,,,1,1,0,good,"Evo Morales is inaugurated as President of Bolivia, becoming the country's first indigenous president.",https://en.wikipedia.org/wiki/Evo_Morales
2006-01-23,Monday,False,,,0,0,0,neutral,,
2006-01-24,Tuesday,False,,,0,0,0,neutral,,
2006-01-25,Wednesday,False,,,1,0,0,neutral,Mexican professional wrestler Juana Barraza is arrested in connection with the serial killing of at least ten elderly women.,https://en.wikipedia.org/wiki/Lucha_libre
2006-01-26,Thursday,True,Republic Day,general,0,0,0,neutral,,
2006-01-27,Friday,False,,,0,0,0,neutral,,
2006-01-28,Saturday,False,,,1,0,1,bad,"The roof of one of the buildings at the Katowice International Fair in Poland collapses due to the weight of snow, killing 65 and injuring more than 170 others.",https://en.wikipedia.org/wiki/Katowice_International_Fair
2006-01-29,Sunday,False,,,0,0,0,neutral,,
2006-01-30,Monday,False,,,1,0,1,bad,"The Goleta postal facility shootings occur, killing seven people before the perpetrator took her own life.",https://en.wikipedia.org/wiki/Goleta_postal_facility_shootings
2006-01-31,Tuesday,False,,,0,0,0,neutral,,
2006-02-01,Wednesday,False,,,0,0,0,neutral,,
2006-02-02,Thursday,False,,,0,0,0,neutral,,
2006-02-03,Friday,False,,,0,0,0,neutral,,
2006-02-04,Saturday,False,,,0,0,0,neutral,,
2006-02-05,Sunday,False,,,0,0,0,neutral,,
2006-02-06,Monday,False,,,1,0,0,neutral,Stephen Harper becomes Prime Minister of Canada.,https://en.wikipedia.org/wiki/Stephen_Harper
2006-02-07,Tuesday,False,,,0,0,0,neutral,,
2006-02-08,Wednesday,False,,,0,0,0,neutral,,
2006-02-09,Thursday,True,Muharram,muslim,0,0,0,neutral,,
2006-02-10,Friday,False,,,0,0,0,neutral,,
2006-02-11,Saturday,False,,,0,0,0,neutral,,
2006-02-12,Sunday,False,,,0,0,0,neutral,,
2006-02-13,Monday,False,,,0,0,0,neutral,,
2006-02-14,Tuesday,False,,,0,0,0,neutral,,
2006-02-15,Wednesday,False,,,1,0,0,neutral,The last Mobile army surgical hospital (MASH) is decommissioned by the United States Army.,https://en.wikipedia.org/wiki/Mobile_Army_Surgical_Hospital
2006-02-16,Thursday,False,,,0,0,0,neutral,,
2006-02-17,Friday,False,,,1,0,0,neutral,"A massive mudslide occurs in Southern Leyte, Philippines; the official death toll is set at 1,126.",https://en.wikipedia.org/wiki/2006_Southern_Leyte_mudslide
2006-02-18,Saturday,False,,,0,0,0,neutral,,
2006-02-19,Sunday,False,,,1,0,1,bad,"A methane explosion in a coal mine near Nueva Rosita, Mexico, kills 65 miners.",https://en.wikipedia.org/wiki/Methane
2006-02-20,Monday,False,,,0,0,0,neutral,,
2006-02-21,Tuesday,False,,,0,0,0,neutral,,
2006-02-22,Wednesday,False,,,2,0,1,bad,"At approximately 6:44 a.m.  local Iraqi time, explosions occurred at the al-Askari Shrine in Samarra, Iraq. The attack on the shrine, one of the holiest sites in Shia Islam, caused the escalation of sectarian tensions in Iraq into a full-scale civil war. || The Securitas depot robbery was the UK's largest heist. Almost £53m (about $92.5 million or €78 million) was stolen from a Securitas depot in Tonbridge, Kent.",https://en.wikipedia.org/wiki/UTC%2B03%3A00 || https://en.wikipedia.org/wiki/Securitas_depot_robbery
2006-02-23,Thursday,False,,,0,0,0,neutral,,
2006-02-24,Friday,False,,,1,0,0,neutral,Philippine President Gloria Macapagal Arroyo declares Proclamation 1017 placing the country in a state of emergency in attempt to subdue a possible military coup.,https://en.wikipedia.org/wiki/President_of_the_Philippines
2006-02-25,Saturday,False,,,0,0,0,neutral,,
2006-02-26,Sunday,True,Maha Shivaratri,general,0,0,0,neutral,,
2006-02-27,Monday,False,,,1,0,1,bad,"The terrorist organisation Lashkar-e-Taiba coordinates a series of bombings in Varanasi, India.",https://en.wikipedia.org/wiki/Lashkar-e-Taiba
2006-02-28,Tuesday,False,,,0,0,0,neutral,,
2006-03-01,Wednesday,False,,,1,0,0,neutral,"English-language Wikipedia reaches its one millionth article, Jordanhill railway station.",https://en.wikipedia.org/wiki/English_Wikipedia
2006-03-02,Thursday,False,,,0,0,0,neutral,,
2006-03-03,Friday,False,,,1,0,1,bad,"In Monterrey, Mexico, a man identified as Diego Santoy Riveroll committed a double murder against two children, followed by an attempted murder of his ex-partner, Erika. The incident is popularly known as the Cumbres case.",https://en.wikipedia.org/wiki/Monterrey
2006-03-04,Saturday,False,,,0,0,0,neutral,,
2006-03-05,Sunday,False,,,1,0,0,neutral,The Mars Reconnaissance Orbiter arrives at Mars.,https://en.wikipedia.org/wiki/Mars_Reconnaissance_Orbiter
2006-03-06,Monday,False,,,0,0,0,neutral,,
2006-03-07,Tuesday,False,,,0,0,0,neutral,,
2006-03-08,Wednesday,False,,,0,0,0,neutral,,
2006-03-09,Thursday,False,,,0,0,0,neutral,,
2006-03-10,Friday,False,,,0,0,0,neutral,,
2006-03-11,Saturday,False,,,1,1,0,good,Michelle Bachelet is inaugurated as the first female president of Chile.,https://en.wikipedia.org/wiki/Michelle_Bachelet
2006-03-12,Sunday,False,,,0,0,0,neutral,,
2006-03-13,Monday,False,,,0,0,0,neutral,,
2006-03-14,Tuesday,False,,,2,0,0,neutral,"The 2006 Chadian coup d'état attempt ends in failure. || Operation Bringing Home the Goods: Israeli troops raid an American-supervised Palestinian prison in Jericho to capture six Palestinian prisoners, including PFLP chief Ahmad Sa'adat.",https://en.wikipedia.org/wiki/2006_Chadian_coup_attempt || https://en.wikipedia.org/wiki/Operation_Bringing_Home_the_Goods
2006-03-15,Wednesday,False,,,0,0,0,neutral,,
2006-03-16,Thursday,False,,,0,0,0,neutral,,
2006-03-17,Friday,False,,,0,0,0,neutral,,
2006-03-18,Saturday,False,,,0,0,0,neutral,,
2006-03-19,Sunday,False,,,0,0,0,neutral,,
2006-03-20,Monday,False,,,1,0,1,bad,Over 150 Chadian soldiers are killed in eastern Chad by members of the rebel UFDC. The rebel movement sought to overthrow Chadian president Idriss Déby.,https://en.wikipedia.org/wiki/Chadian_National_Army
2006-03-21,Tuesday,False,,,1,1,0,good,The social media site Twitter (now officially named X) is founded.,https://en.wikipedia.org/wiki/Social_media
2006-03-22,Wednesday,False,,,1,0,1,bad,"Three Christian Peacemaker Team (CPT) hostages are freed by British forces in Baghdad after 118 days of captivity and the murder of their colleague from the U.S., Tom Fox.",https://en.wikipedia.org/wiki/Community_Peacemaker_Teams
2006-03-23,Thursday,False,,,0,0,0,neutral,,
2006-03-24,Friday,False,,,0,0,0,neutral,,
2006-03-25,Saturday,False,,,2,0,2,bad,"Capitol Hill massacre: A gunman kills six people before taking his own life at a party in Seattle's Capitol Hill neighborhood. || Protesters demanding a new election in Belarus, following the rigged 2006 Belarusian presidential election, clash with riot police. Opposition leader Aleksander Kozulin is among several protesters arrested.",https://en.wikipedia.org/wiki/Capitol_Hill_massacre || https://en.wikipedia.org/wiki/Belarus
2006-03-26,Sunday,False,,,0,0,0,neutral,,
2006-03-27,Monday,False,,,0,0,0,neutral,,
2006-03-28,Tuesday,False,,,1,1,0,good,"At least one million union members, students and unemployed take to the streets in France in protest at the government's proposed First Employment Contract law.",https://en.wikipedia.org/wiki/2006_youth_protests_in_France
2006-03-29,Wednesday,False,,,0,0,0,neutral,,
2006-03-30,Thursday,False,,,1,0,0,neutral,"Cyclone Glenda, one of the strongest tropical cyclones in the Australian region makes landfall near Onslow, Western Australia.",https://en.wikipedia.org/wiki/Cyclone_Glenda
2006-03-31,Friday,False,,,0,0,0,neutral,,
2006-04-01,Saturday,False,,,0,0,0,neutral,,
2006-04-02,Sunday,False,,,0,0,0,neutral,,
2006-04-03,Monday,False,,,1,0,0,neutral,"Serious Organised Crime Agency (SOCA) of the Government of the United Kingdom is enforced, but later merged into National Crime Agency on 7 October 2013.",https://en.wikipedia.org/wiki/Serious_Organised_Crime_Agency
2006-04-04,Tuesday,False,,,1,0,1,bad,Over 60 tornadoes break out in the United States; Tennessee is hardest hit with 29 people killed.,https://en.wikipedia.org/wiki/Tornado
2006-04-05,Wednesday,False,,,0,0,0,neutral,,
2006-04-06,Thursday,False,,,0,0,0,neutral,,
2006-04-07,Friday,False,,,0,0,0,neutral,,
2006-04-08,Saturday,False,,,0,0,0,neutral,,
2006-04-09,Sunday,False,,,0,0,0,neutral,,
2006-04-10,Monday,False,,,0,0,0,neutral,,
2006-04-11,Tuesday,True,Mahavir Jayanti; Milad-un-Nabi,muslim,1,1,0,good,Iranian president Mahmoud Ahmadinejad announces Iran's claim to have successfully enriched uranium.,https://en.wikipedia.org/wiki/President_of_Iran
2006-04-12,Wednesday,False,,,0,0,0,neutral,,
2006-04-13,Thursday,False,,,1,0,1,bad,The United Front for Democratic Change's attack on the Chadian capital of N'Djamena is repelled by the Chadian army,https://en.wikipedia.org/wiki/United_Front_for_Democratic_Change
2006-04-14,Friday,True,Good Friday,christian,1,0,1,bad,Twin blasts triggered by crude bombs during Asr prayer in the Jama Masjid mosque in Delhi injure 13 people.,https://en.wikipedia.org/wiki/2006_Jama_Masjid_bombings
2006-04-15,Saturday,False,,,0,0,0,neutral,,
2006-04-16,Sunday,False,,,0,0,0,neutral,,
2006-04-17,Monday,False,,,0,0,0,neutral,,
2006-04-18,Tuesday,False,,,1,0,1,bad,Bombings in the Egyptian resort city of Dahab kill 23 people and injure about 80.,https://en.wikipedia.org/wiki/2006_Dahab_bombings
2006-04-19,Wednesday,False,,,0,0,0,neutral,,
2006-04-20,Thursday,False,,,0,0,0,neutral,,
2006-04-21,Friday,False,,,0,0,0,neutral,,
2006-04-22,Saturday,False,,,0,0,0,neutral,,
2006-04-23,Sunday,False,,,1,0,1,bad,"A Palestinian suicide bomber detonates an explosive device in a Tel Aviv restaurant, killing 11 people and injuring 70.",https://en.wikipedia.org/wiki/Palestinians
2006-04-24,Monday,False,,,0,0,0,neutral,,
2006-04-25,Tuesday,False,,,1,0,0,neutral,Construction begins on the Freedom Tower (later renamed One World Trade Center) in New York City.,https://en.wikipedia.org/wiki/One_World_Trade_Center
2006-04-26,Wednesday,False,,,0,0,0,neutral,,
2006-04-27,Thursday,False,,,0,0,0,neutral,,
2006-04-28,Friday,False,,,0,0,0,neutral,,
2006-04-29,Saturday,False,,,0,0,0,neutral,,
2006-04-30,Sunday,False,,,0,0,0,neutral,,
2006-05-01,Monday,False,,,0,0,0,neutral,,
2006-05-02,Tuesday,False,,,0,0,0,neutral,,
2006-05-03,Wednesday,False,,,1,0,1,bad,"Armavia Flight 967 crashes into the Black Sea near Sochi International Airport in Sochi, Russia, killing 113 people.",https://en.wikipedia.org/wiki/Armavia_Flight_967
2006-05-04,Thursday,False,,,0,0,0,neutral,,
2006-05-05,Friday,False,,,1,1,0,good,The government of Sudan signs an accord with the Sudan Liberation Army.,https://en.wikipedia.org/wiki/Sudan
2006-05-06,Saturday,False,,,0,0,0,neutral,,
2006-05-07,Sunday,False,,,0,0,0,neutral,,
2006-05-08,Monday,False,,,0,0,0,neutral,,
2006-05-09,Tuesday,False,,,0,0,0,neutral,,
2006-05-10,Wednesday,False,,,0,0,0,neutral,,
2006-05-11,Thursday,False,,,0,0,0,neutral,,
2006-05-12,Friday,False,,,0,0,0,neutral,,
2006-05-13,Saturday,True,Buddha Purnima,general,0,0,0,neutral,,
2006-05-14,Sunday,False,,,0,0,0,neutral,,
2006-05-15,Monday,False,,,0,0,0,neutral,,
2006-05-16,Tuesday,False,,,0,0,0,neutral,,
2006-05-17,Wednesday,False,,,0,0,0,neutral,,
2006-05-18,Thursday,False,,,0,0,0,neutral,,
2006-05-19,Friday,False,,,0,0,0,neutral,,
2006-05-20,Saturday,False,,,0,0,0,neutral,,
2006-05-21,Sunday,False,,,0,0,0,neutral,,
2006-05-22,Monday,False,,,0,0,0,neutral,,
2006-05-23,Tuesday,False,,,0,0,0,neutral,,
2006-05-24,Wednesday,False,,,0,0,0,neutral,,
2006-05-25,Thursday,False,,,0,0,0,neutral,,
2006-05-26,Friday,False,,,0,0,0,neutral,,
2006-05-27,Saturday,False,,,0,0,0,neutral,,
2006-05-28,Sunday,False,,,0,0,0,neutral,,
2006-05-29,Monday,False,,,0,0,0,neutral,,
2006-05-30,Tuesday,False,,,0,0,0,neutral,,
2006-05-31,Wednesday,False,,,0,0,0,neutral,,
2006-06-01,Thursday,False,,,0,0,0,neutral,,
2006-06-02,Friday,False,,,0,0,0,neutral,,
2006-06-03,Saturday,False,,,0,0,0,neutral,,
2006-06-04,Sunday,False,,,0,0,0,neutral,,
2006-06-05,Monday,False,,,0,0,0,neutral,,
2006-06-06,Tuesday,False,,,0,0,0,neutral,,
2006-06-07,Wednesday,False,,,0,0,0,neutral,,
2006-06-08,Thursday,False,,,0,0,0,neutral,,
2006-06-09,Friday,False,,,0,0,0,neutral,,
2006-06-10,Saturday,False,,,0,0,0,neutral,,
2006-06-11,Sunday,False,,,0,0,0,neutral,,
2006-06-12,Monday,False,,,0,0,0,neutral,,
2006-06-13,Tuesday,False,,,0,0,0,neutral,,
2006-06-14,Wednesday,False,,,0,0,0,neutral,,
2006-06-15,Thursday,False,,,0,0,0,neutral,,
2006-06-16,Friday,False,,,0,0,0,neutral,,
2006-06-17,Saturday,False,,,0,0,0,neutral,,
2006-06-18,Sunday,False,,,0,0,0,neutral,,
2006-06-19,Monday,False,,,0,0,0,neutral,,
2006-06-20,Tuesday,False,,,0,0,0,neutral,,
2006-06-21,Wednesday,False,,,0,0,0,neutral,,
2006-06-22,Thursday,False,,,0,0,0,neutral,,
2006-06-23,Friday,False,,,0,0,0,neutral,,
2006-06-24,Saturday,False,,,0,0,0,neutral,,
2006-06-25,Sunday,False,,,0,0,0,neutral,,
2006-06-26,Monday,False,,,0,0,0,neutral,,
2006-06-27,Tuesday,False,,,0,0,0,neutral,,
2006-06-28,Wednesday,False,,,0,0,0,neutral,,
2006-06-29,Thursday,False,,,0,0,0,neutral,,
2006-06-30,Friday,False,,,0,0,0,neutral,,
2006-07-01,Saturday,False,,,0,0,0,neutral,,
2006-07-02,Sunday,False,,,0,0,0,neutral,,
2006-07-03,Monday,False,,,0,0,0,neutral,,
2006-07-04,Tuesday,False,,,0,0,0,neutral,,
2006-07-05,Wednesday,False,,,0,0,0,neutral,,
2006-07-06,Thursday,False,,,0,0,0,neutral,,
2006-07-07,Friday,False,,,0,0,0,neutral,,
2006-07-08,Saturday,False,,,0,0,0,neutral,,
2006-07-09,Sunday,False,,,0,0,0,neutral,,
2006-07-10,Monday,False,,,0,0,0,neutral,,
2006-07-11,Tuesday,False,,,0,0,0,neutral,,
2006-07-12,Wednesday,False,,,0,0,0,neutral,,
2006-07-13,Thursday,False,,,0,0,0,neutral,,
2006-07-14,Friday,False,,,0,0,0,neutral,,
2006-07-15,Saturday,False,,,0,0,0,neutral,,
2006-07-16,Sunday,False,,,0,0,0,neutral,,
2006-07-17,Monday,False,,,0,0,0,neutral,,
2006-07-18,Tuesday,False,,,0,0,0,neutral,,
2006-07-19,Wednesday,False,,,0,0,0,neutral,,
2006-07-20,Thursday,False,,,0,0,0,neutral,,
2006-07-21,Friday,False,,,0,0,0,neutral,,
2006-07-22,Saturday,False,,,0,0,0,neutral,,
2006-07-23,Sunday,False,,,0,0,0,neutral,,
2006-07-24,Monday,False,,,0,0,0,neutral,,
2006-07-25,Tuesday,False,,,0,0,0,neutral,,
2006-07-26,Wednesday,False,,,0,0,0,neutral,,
2006-07-27,Thursday,False,,,0,0,0,neutral,,
2006-07-28,Friday,False,,,0,0,0,neutral,,
2006-07-29,Saturday,False,,,0,0,0,neutral,,
2006-07-30,Sunday,False,,,0,0,0,neutral,,
2006-07-31,Monday,False,,,0,0,0,neutral,,
2006-08-01,Tuesday,False,,,0,0,0,neutral,,
2006-08-02,Wednesday,False,,,0,0,0,neutral,,
2006-08-03,Thursday,False,,,0,0,0,neutral,,
2006-08-04,Friday,False,,,0,0,0,neutral,,
2006-08-05,Saturday,False,,,0,0,0,neutral,,
2006-08-06,Sunday,False,,,0,0,0,neutral,,
2006-08-07,Monday,False,,,0,0,0,neutral,,
2006-08-08,Tuesday,False,,,0,0,0,neutral,,
2006-08-09,Wednesday,False,,,0,0,0,neutral,,
2006-08-10,Thursday,False,,,0,0,0,neutral,,
2006-08-11,Friday,False,,,0,0,0,neutral,,
2006-08-12,Saturday,False,,,0,0,0,neutral,,
2006-08-13,Sunday,False,,,0,0,0,neutral,,
2006-08-14,Monday,False,,,0,0,0,neutral,,
2006-08-15,Tuesday,True,Independence Day,general,0,0,0,neutral,,
2006-08-16,Wednesday,True,Janmashtami,hindu,0,0,0,neutral,,
2006-08-17,Thursday,False,,,0,0,0,neutral,,
2006-08-18,Friday,False,,,0,0,0,neutral,,
2006-08-19,Saturday,False,,,0,0,0,neutral,,
2006-08-20,Sunday,False,,,0,0,0,neutral,,
2006-08-21,Monday,False,,,0,0,0,neutral,,
2006-08-22,Tuesday,False,,,0,0,0,neutral,,
2006-08-23,Wednesday,False,,,0,0,0,neutral,,
2006-08-24,Thursday,False,,,0,0,0,neutral,,
2006-08-25,Friday,False,,,0,0,0,neutral,,
2006-08-26,Saturday,False,,,0,0,0,neutral,,
2006-08-27,Sunday,False,,,0,0,0,neutral,,
2006-08-28,Monday,False,,,0,0,0,neutral,,
2006-08-29,Tuesday,False,,,0,0,0,neutral,,
2006-08-30,Wednesday,False,,,0,0,0,neutral,,
2006-08-31,Thursday,False,,,0,0,0,neutral,,
2006-09-01,Friday,False,,,0,0,0,neutral,,
2006-09-02,Saturday,False,,,0,0,0,neutral,,
2006-09-03,Sunday,False,,,0,0,0,neutral,,
2006-09-04,Monday,False,,,0,0,0,neutral,,
2006-09-05,Tuesday,False,,,0,0,0,neutral,,
2006-09-06,Wednesday,False,,,0,0,0,neutral,,
2006-09-07,Thursday,False,,,0,0,0,neutral,,
2006-09-08,Friday,False,,,0,0,0,neutral,,
2006-09-09,Saturday,False,,,0,0,0,neutral,,
2006-09-10,Sunday,False,,,0,0,0,neutral,,
2006-09-11,Monday,False,,,0,0,0,neutral,,
2006-09-12,Tuesday,False,,,0,0,0,neutral,,
2006-09-13,Wednesday,False,,,0,0,0,neutral,,
2006-09-14,Thursday,False,,,0,0,0,neutral,,
2006-09-15,Friday,False,,,0,0,0,neutral,,
2006-09-16,Saturday,False,,,0,0,0,neutral,,
2006-09-17,Sunday,False,,,0,0,0,neutral,,
2006-09-18,Monday,False,,,0,0,0,neutral,,
2006-09-19,Tuesday,False,,,0,0,0,neutral,,
2006-09-20,Wednesday,False,,,0,0,0,neutral,,
2006-09-21,Thursday,False,,,0,0,0,neutral,,
2006-09-22,Friday,False,,,0,0,0,neutral,,
2006-09-23,Saturday,False,,,0,0,0,neutral,,
2006-09-24,Sunday,False,,,0,0,0,neutral,,
2006-09-25,Monday,False,,,0,0,0,neutral,,
2006-09-26,Tuesday,False,,,0,0,0,neutral,,
2006-09-27,Wednesday,False,,,0,0,0,neutral,,
2006-09-28,Thursday,False,,,0,0,0,neutral,,
2006-09-29,Friday,False,,,0,0,0,neutral,,
2006-09-30,Saturday,False,,,0,0,0,neutral,,
2006-10-01,Sunday,False,,,0,0,0,neutral,,
2006-10-02,Monday,True,Dussehra; Gandhi Jayanti,hindu,0,0,0,neutral,,
2006-10-03,Tuesday,False,,,0,0,0,neutral,,
2006-10-04,Wednesday,False,,,0,0,0,neutral,,
2006-10-05,Thursday,False,,,0,0,0,neutral,,
2006-10-06,Friday,False,,,0,0,0,neutral,,
2006-10-07,Saturday,False,,,0,0,0,neutral,,
2006-10-08,Sunday,False,,,0,0,0,neutral,,
2006-10-09,Monday,False,,,0,0,0,neutral,,
2006-10-10,Tuesday,False,,,0,0,0,neutral,,
2006-10-11,Wednesday,False,,,0,0,0,neutral,,
2006-10-12,Thursday,False,,,0,0,0,neutral,,
2006-10-13,Friday,False,,,0,0,0,neutral,,
2006-10-14,Saturday,False,,,0,0,0,neutral,,
2006-10-15,Sunday,False,,,0,0,0,neutral,,
2006-10-16,Monday,False,,,0,0,0,neutral,,
2006-10-17,Tuesday,False,,,0,0,0,neutral,,
2006-10-18,Wednesday,False,,,0,0,0,neutral,,
2006-10-19,Thursday,False,,,0,0,0,neutral,,
2006-10-20,Friday,False,,,0,0,0,neutral,,
2006-10-21,Saturday,True,Diwali,hindu,0,0,0,neutral,,
2006-10-22,Sunday,False,,,0,0,0,neutral,,
2006-10-23,Monday,False,,,0,0,0,neutral,,
2006-10-24,Tuesday,True,Id-ul-Fitr,general,0,0,0,neutral,,
2006-10-25,Wednesday,False,,,0,0,0,neutral,,
2006-10-26,Thursday,False,,,0,0,0,neutral,,
2006-10-27,Friday,False,,,0,0,0,neutral,,
2006-10-28,Saturday,False,,,0,0,0,neutral,,
2006-10-29,Sunday,False,,,0,0,0,neutral,,
2006-10-30,Monday,False,,,0,0,0,neutral,,
2006-10-31,Tuesday,False,,,0,0,0,neutral,,
2006-11-01,Wednesday,False,,,0,0,0,neutral,,
2006-11-02,Thursday,False,,,0,0,0,neutral,,
2006-11-03,Friday,False,,,0,0,0,neutral,,
2006-11-04,Saturday,False,,,0,0,0,neutral,,
2006-11-05,Sunday,True,Guru Nanak Jayanti,sikh,0,0,0,neutral,,
2006-11-06,Monday,False,,,0,0,0,neutral,,
2006-11-07,Tuesday,False,,,0,0,0,neutral,,
2006-11-08,Wednesday,False,,,0,0,0,neutral,,
2006-11-09,Thursday,False,,,0,0,0,neutral,,
2006-11-10,Friday,False,,,0,0,0,neutral,,
2006-11-11,Saturday,False,,,0,0,0,neutral,,
2006-11-12,Sunday,False,,,0,0,0,neutral,,
2006-11-13,Monday,False,,,0,0,0,neutral,,
2006-11-14,Tuesday,False,,,0,0,0,neutral,,
2006-11-15,Wednesday,False,,,0,0,0,neutral,,
2006-11-16,Thursday,False,,,0,0,0,neutral,,
2006-11-17,Friday,False,,,0,0,0,neutral,,
2006-11-18,Saturday,False,,,0,0,0,neutral,,
2006-11-19,Sunday,False,,,0,0,0,neutral,,
2006-11-20,Monday,False,,,0,0,0,neutral,,
2006-11-21,Tuesday,False,,,0,0,0,neutral,,
2006-11-22,Wednesday,False,,,0,0,0,neutral,,
2006-11-23,Thursday,False,,,0,0,0,neutral,,
2006-11-24,Friday,False,,,0,0,0,neutral,,
2006-11-25,Saturday,False,,,0,0,0,neutral,,
2006-11-26,Sunday,False,,,0,0,0,neutral,,
2006-11-27,Monday,False,,,0,0,0,neutral,,
2006-11-28,Tuesday,False,,,0,0,0,neutral,,
2006-11-29,Wednesday,False,,,0,0,0,neutral,,
2006-11-30,Thursday,False,,,0,0,0,neutral,,
2006-12-01,Friday,False,,,0,0,0,neutral,,
2006-12-02,Saturday,False,,,0,0,0,neutral,,
2006-12-03,Sunday,False,,,0,0,0,neutral,,
2006-12-04,Monday,False,,,0,0,0,neutral,,
2006-12-05,Tuesday,False,,,0,0,0,neutral,,
2006-12-06,Wednesday,False,,,0,0,0,neutral,,
2006-12-07,Thursday,False,,,0,0,0,neutral,,
2006-12-08,Friday,False,,,0,0,0,neutral,,
2006-12-09,Saturday,False,,,0,0,0,neutral,,
2006-12-10,Sunday,False,,,0,0,0,neutral,,
2006-12-11,Monday,False,,,0,0,0,neutral,,
2006-12-12,Tuesday,False,,,0,0,0,neutral,,
2006-12-13,Wednesday,False,,,0,0,0,neutral,,
2006-12-14,Thursday,False,,,0,0,0,neutral,,
2006-12-15,Friday,False,,,0,0,0,neutral,,
2006-12-16,Saturday,False,,,0,0,0,neutral,,
2006-12-17,Sunday,False,,,0,0,0,neutral,,
2006-12-18,Monday,False,,,0,0,0,neutral,,
2006-12-19,Tuesday,False,,,0,0,0,neutral,,
2006-12-20,Wednesday,False,,,0,0,0,neutral,,
2006-12-21,Thursday,False,,,0,0,0,neutral,,
2006-12-22,Friday,False,,,0,0,0,neutral,,
2006-12-23,Saturday,False,,,0,0,0,neutral,,
2006-12-24,Sunday,False,,,0,0,0,neutral,,
2006-12-25,Monday,True,Christmas,christian,0,0,0,neutral,,
2006-12-26,Tuesday,False,,,0,0,0,neutral,,
2006-12-27,Wednesday,False,,,0,0,0,neutral,,
2006-12-28,Thursday,False,,,0,0,0,neutral,,
2006-12-29,Friday,False,,,0,0,0,neutral,,
2006-12-30,Saturday,False,,,0,0,0,neutral,,
2006-12-31,Sunday,True,Bakrid,muslim,0,0,0,neutral,,
2007-01-01,Monday,False,,,2,0,1,bad,"Bulgaria and Romania join the EU. || Adam Air Flight 574 breaks apart in mid-air and crashes near the Makassar Strait, Indonesia, killing all 102 people on board.",https://en.wikipedia.org/wiki/Bulgaria || https://en.wikipedia.org/wiki/Adam_Air_Flight_574
2007-01-02,Tuesday,False,,,0,0,0,neutral,,
2007-01-03,Wednesday,False,,,0,0,0,neutral,,
2007-01-04,Thursday,False,,,0,0,0,neutral,,
2007-01-05,Friday,False,,,0,0,0,neutral,,
2007-01-06,Saturday,False,,,0,0,0,neutral,,
2007-01-07,Sunday,False,,,0,0,0,neutral,,
2007-01-08,Monday,False,,,0,0,0,neutral,,
2007-01-09,Tuesday,False,,,0,0,0,neutral,,
2007-01-10,Wednesday,False,,,1,0,0,neutral,A general strike begins in Guinea in an attempt to get President Lansana Conté to resign.,https://en.wikipedia.org/wiki/2007_Guinean_general_strike
2007-01-11,Thursday,False,,,1,0,0,neutral,The Doomsday Clock is set to five minutes to midnight in response to North Korea's nuclear testing.,https://en.wikipedia.org/wiki/Doomsday_Clock
2007-01-12,Friday,False,,,1,0,0,neutral,"Comet C/2006 P1 (McNaught), one of the brightest comets ever observed is at its zenith visible during the day.",https://en.wikipedia.org/wiki/Comet_McNaught
2007-01-13,Saturday,False,,,0,0,0,neutral,,
2007-01-14,Sunday,False,,,0,0,0,neutral,,
2007-01-15,Monday,False,,,1,0,0,neutral,Apple CEO Steve Jobs introduces the original iPhone at a Macworld keynote in San Francisco.,https://en.wikipedia.org/wiki/Apple_Inc.
2007-01-16,Tuesday,False,,,1,1,0,good,"The 110th United States Congress convenes, electing Nancy Pelosi as the first female Speaker of the House in U.S. history.",https://en.wikipedia.org/wiki/110th_United_States_Congress
2007-01-17,Wednesday,False,,,0,0,0,neutral,,
2007-01-18,Thursday,False,,,1,0,0,neutral,The strongest storm in the United Kingdom in 17 years kills 14 people and Germany sees the worst storm since 1999 with 13 deaths. Cyclone Kyrill causes at least 44 deaths across 20 countries in Western Europe.,https://en.wikipedia.org/wiki/1999
2007-01-19,Friday,False,,,2,1,1,bad,"Turkish-Armenian journalist Hrant Dink is assassinated in front of his newspaper's Istanbul office by 17-year-old Turkish ultra-nationalist Ogün Samast. || Four-man Team N2i, using only skis and kites, completes a 1,093-mile (1,759 km) trek to reach the Antarctic pole of inaccessibility for the first time since 1965 and for the first time ever without mechanical assistance.",https://en.wikipedia.org/wiki/Hrant_Dink || https://en.wikipedia.org/wiki/Henry_Cookson
2007-01-20,Saturday,False,,,0,0,0,neutral,,
2007-01-21,Sunday,False,,,0,0,0,neutral,,
2007-01-22,Monday,False,,,1,0,1,bad,"At least 88 people are killed when two car bombs explode in the Bab Al-Sharqi market in central Baghdad, Iraq.",https://en.wikipedia.org/wiki/22_January_2007_Baghdad_bombings
2007-01-23,Tuesday,False,,,0,0,0,neutral,,
2007-01-24,Wednesday,False,,,0,0,0,neutral,,
2007-01-25,Thursday,False,,,0,0,0,neutral,,
2007-01-26,Friday,True,Republic Day,general,0,0,0,neutral,,
2007-01-27,Saturday,False,,,0,0,0,neutral,,
2007-01-28,Sunday,False,,,0,0,0,neutral,,
2007-01-29,Monday,False,,,0,0,0,neutral,,
2007-01-30,Tuesday,True,Muharram,muslim,1,0,0,neutral,"Microsoft Corporation releases Windows Vista, a major release of the operating system Microsoft Windows and the NT based kernel.",https://en.wikipedia.org/wiki/Microsoft
2007-01-31,Wednesday,False,,,1,0,0,neutral,"Emergency officials in Boston mistakenly identified battery-powered LED placards depicting characters from Aqua Teen Hunger Force as Improvised explosive devices (IEDs), causing a panic.",https://en.wikipedia.org/wiki/Aqua_Teen_Hunger_Force
2007-02-01,Thursday,False,,,1,0,0,neutral,The National Weather Service in the United States switches from the Fujita scale to the new Enhanced Fujita scale to measure the intensity and strength of tornadoes.,https://en.wikipedia.org/wiki/National_Weather_Service
2007-02-02,Friday,False,,,1,0,1,bad,"Police officer Filippo Raciti is killed when a clash breaks out in the Sicily derby between Catania and Palermo, in the Serie A, the top flight of Italian football. This event led to major changes in stadium regulations in Italy.",https://en.wikipedia.org/wiki/Catania_football_riot
2007-02-03,Saturday,False,,,1,0,1,bad,A Baghdad market bombing kills at least 135 people and injures a further 339.,https://en.wikipedia.org/wiki/February_2007_Al-Saydiya_market_bombing
2007-02-04,Sunday,False,,,0,0,0,neutral,,
2007-02-05,Monday,False,,,0,0,0,neutral,,
2007-02-06,Tuesday,False,,,0,0,0,neutral,,
2007-02-07,Wednesday,False,,,0,0,0,neutral,,
2007-02-08,Thursday,False,,,0,0,0,neutral,,
2007-02-09,Friday,False,,,0,0,0,neutral,,
2007-02-10,Saturday,False,,,0,0,0,neutral,,
2007-02-11,Sunday,False,,,0,0,0,neutral,,
2007-02-12,Monday,False,,,0,0,0,neutral,,
2007-02-13,Tuesday,False,,,1,0,0,neutral,Taiwan opposition leader Ma Ying-jeou resigns as the chairman of the Kuomintang party after being indicted on charges of embezzlement during his tenure as the mayor of Taipei; Ma also announces his candidacy for the 2008 presidential election.,https://en.wikipedia.org/wiki/Taiwan
2007-02-14,Wednesday,False,,,0,0,0,neutral,,
2007-02-15,Thursday,False,,,0,0,0,neutral,,
2007-02-16,Friday,True,Maha Shivaratri,general,0,0,0,neutral,,
2007-02-17,Saturday,False,,,0,0,0,neutral,,
2007-02-18,Sunday,False,,,0,0,0,neutral,,
2007-02-19,Monday,False,,,0,0,0,neutral,,
2007-02-20,Tuesday,False,,,0,0,0,neutral,,
2007-02-21,Wednesday,False,,,0,0,0,neutral,,
2007-02-22,Thursday,False,,,0,0,0,neutral,,
2007-02-23,Friday,False,,,1,0,0,neutral,"A train derails on an evening express service near Grayrigg, Cumbria, England, killing one person and injuring 88. This results in hundreds of points being checked over the UK after a few similar accidents.",https://en.wikipedia.org/wiki/Grayrigg_derailment
2007-02-24,Saturday,False,,,1,1,0,good,"Japan launches its fourth spy satellite, stepping up its ability to monitor potential threats such as North Korea.",https://en.wikipedia.org/wiki/Reconnaissance_satellite
2007-02-25,Sunday,False,,,0,0,0,neutral,,
2007-02-26,Monday,False,,,0,0,0,neutral,,
2007-02-27,Tuesday,False,,,2,0,1,bad,"Reform of the House of Lords: The British House of Commons votes to make the upper chamber, the House of Lords, 100% elected. || Garuda Indonesia Flight 200 crashes at Adisutjipto International Airport in the Special Region of Yogyakarta, Indonesia, killing 21 people.",https://en.wikipedia.org/wiki/Reform_of_the_House_of_Lords || https://en.wikipedia.org/wiki/Garuda_Indonesia_Flight_200
2007-02-28,Wednesday,False,,,0,0,0,neutral,,
2007-03-01,Thursday,False,,,1,0,0,neutral,"Tornadoes break out across the southern United States, killing at least 20 people, including eight at Enterprise High School.",https://en.wikipedia.org/wiki/Tornado
2007-03-02,Friday,False,,,1,0,0,neutral,"Chinese stock bubble of 2007: The Shanghai Stock Exchange falls 9%, the largest daily fall in ten years, following speculation about a crackdown on illegal share offerings and trading, and fears about accelerating inflation.",https://en.wikipedia.org/wiki/Chinese_stock_bubble_of_2007
2007-03-03,Saturday,False,,,0,0,0,neutral,,
2007-03-04,Sunday,False,,,0,0,0,neutral,,
2007-03-05,Monday,False,,,0,0,0,neutral,,
2007-03-06,Tuesday,False,,,0,0,0,neutral,,
2007-03-07,Wednesday,False,,,0,0,0,neutral,,
2007-03-08,Thursday,False,,,0,0,0,neutral,,
2007-03-09,Friday,False,,,0,0,0,neutral,,
2007-03-10,Saturday,False,,,0,0,0,neutral,,
2007-03-11,Sunday,False,,,0,0,0,neutral,,
2007-03-12,Monday,False,,,0,0,0,neutral,,
2007-03-13,Tuesday,False,,,0,0,0,neutral,,
2007-03-14,Wednesday,False,,,1,0,1,bad,"The Nandigram violence in Nandigram, West Bengal, results in the deaths of at least 14 people.",https://en.wikipedia.org/wiki/Nandigram_violence
2007-03-15,Thursday,False,,,0,0,0,neutral,,
2007-03-16,Friday,False,,,0,0,0,neutral,,
2007-03-17,Saturday,False,,,0,0,0,neutral,,
2007-03-18,Sunday,False,,,0,0,0,neutral,,
2007-03-19,Monday,False,,,0,0,0,neutral,,
2007-03-20,Tuesday,False,,,0,0,0,neutral,,
2007-03-21,Wednesday,False,,,0,0,0,neutral,,
2007-03-22,Thursday,False,,,0,0,0,neutral,,
2007-03-23,Friday,False,,,0,0,0,neutral,,
2007-03-24,Saturday,False,,,0,0,0,neutral,,
2007-03-25,Sunday,False,,,0,0,0,neutral,,
2007-03-26,Monday,False,,,0,0,0,neutral,,
2007-03-27,Tuesday,False,,,0,0,0,neutral,,
2007-03-28,Wednesday,False,,,0,0,0,neutral,,
2007-03-29,Thursday,False,,,0,0,0,neutral,,
2007-03-30,Friday,False,,,0,0,0,neutral,,
2007-03-31,Saturday,True,Mahavir Jayanti,general,1,1,0,good,"Conventional-Train World Speed Record: A French TGV train on the LGV Est high speed line sets an official new world speed record of 574.8 km/h (159.6 m/s, 357.2 mph).",https://en.wikipedia.org/wiki/TGV_world_speed_record
2007-04-01,Sunday,True,Milad-un-Nabi,muslim,0,0,0,neutral,,
2007-04-02,Monday,False,,,0,0,0,neutral,,
2007-04-03,Tuesday,False,,,0,0,0,neutral,,
2007-04-04,Wednesday,False,,,0,0,0,neutral,,
2007-04-05,Thursday,False,,,1,0,1,bad,The cruise ship MS Sea Diamond strikes a volcanic reef near Nea Kameni and sinks the next day.  Two passengers were never recovered and are presumed dead.,https://en.wikipedia.org/wiki/Cruise_ship
2007-04-06,Friday,True,Good Friday,christian,0,0,0,neutral,,
2007-04-07,Saturday,False,,,0,0,0,neutral,,
2007-04-08,Sunday,False,,,0,0,0,neutral,,
2007-04-09,Monday,False,,,0,0,0,neutral,,
2007-04-10,Tuesday,False,,,0,0,0,neutral,,
2007-04-11,Wednesday,False,,,1,0,1,bad,Algiers bombings: Two bombings in Algiers kill 33 people and wound a further 222 others.,https://en.wikipedia.org/wiki/2007_Algiers_Government_Palace_bombings
2007-04-12,Thursday,False,,,1,0,1,bad,"A suicide bomber penetrates the Green Zone and detonates in a cafeteria within a parliament building, killing Iraqi MP Mohammed Awad and wounding more than twenty other people.",https://en.wikipedia.org/wiki/2007_Iraqi_Parliament_bombing
2007-04-13,Friday,False,,,0,0,0,neutral,,
2007-04-14,Saturday,False,,,0,0,0,neutral,,
2007-04-15,Sunday,False,,,0,0,0,neutral,,
2007-04-16,Monday,False,,,1,0,1,bad,Virginia Tech shooting: Seung-Hui Cho murders 32 people and injures 17 before committing suicide.,https://en.wikipedia.org/wiki/Virginia_Tech_shooting
2007-04-17,Tuesday,False,,,0,0,0,neutral,,
2007-04-18,Wednesday,False,,,0,0,0,neutral,,
2007-04-19,Thursday,False,,,0,0,0,neutral,,
2007-04-20,Friday,False,,,1,1,0,good,Boris Yeltsin's funeral: The first to be sanctioned by the Russian Orthodox Church for a head of state since the funeral of Emperor Alexander III in 1894.,https://en.wikipedia.org/wiki/Death_and_state_funeral_of_Boris_Yeltsin
2007-04-21,Saturday,False,,,0,0,0,neutral,,
2007-04-22,Sunday,False,,,0,0,0,neutral,,
2007-04-23,Monday,False,,,0,0,0,neutral,,
2007-04-24,Tuesday,False,,,0,0,0,neutral,,
2007-04-25,Wednesday,False,,,2,0,1,bad,"Estonian authorities remove the Bronze Soldier, a Soviet Red Army war memorial in Tallinn, amid political controversy with Russia. || Israeli archaeologists discover the tomb of Herod the Great south of Jerusalem.",https://en.wikipedia.org/wiki/Estonia || https://en.wikipedia.org/wiki/Israel
2007-04-26,Thursday,False,,,0,0,0,neutral,,
2007-04-27,Friday,False,,,0,0,0,neutral,,
2007-04-28,Saturday,False,,,1,0,1,bad,"Johnson Space Center shooting: William Phillips barricades himself with a handgun in NASA's Johnson Space Center in Houston, Texas before killing a male hostage and himself.",https://en.wikipedia.org/wiki/Johnson_Space_Center_shooting
2007-04-29,Sunday,False,,,0,0,0,neutral,,
2007-04-30,Monday,False,,,0,0,0,neutral,,
2007-05-01,Tuesday,False,,,0,0,0,neutral,,
2007-05-02,Wednesday,True,Buddha Purnima,general,0,0,0,neutral,,
2007-05-03,Thursday,False,,,1,0,0,neutral,"The three-year-old British girl Madeleine McCann disappears in Praia da Luz, Portugal, starting ""the most heavily reported missing-person case in modern history"".",https://en.wikipedia.org/wiki/Disappearance_of_Madeleine_McCann
2007-05-04,Friday,False,,,1,1,0,good,"Greensburg, Kansas is almost completely destroyed by the 2007 Greensburg tornado, a 1.7-mile wide EF5 tornado. It was the first-ever tornado to be rated as such with the new Enhanced Fujita scale.",https://en.wikipedia.org/wiki/Greensburg%2C_Kansas
2007-05-05,Saturday,False,,,1,0,1,bad,"Kenya Airways Flight 507 crashes after takeoff from Douala International Airport in Douala, Cameroon, killing all 114 aboard, making it the deadliest aircraft disaster in Cameroon.",https://en.wikipedia.org/wiki/Kenya_Airways_Flight_507
2007-05-06,Sunday,False,,,0,0,0,neutral,,
2007-05-07,Monday,False,,,0,0,0,neutral,,
2007-05-08,Tuesday,False,,,0,0,0,neutral,,
2007-05-09,Wednesday,False,,,0,0,0,neutral,,
2007-05-10,Thursday,False,,,0,0,0,neutral,,
2007-05-11,Friday,False,,,0,0,0,neutral,,
2007-05-12,Saturday,False,,,0,0,0,neutral,,
2007-05-13,Sunday,False,,,0,0,0,neutral,,
2007-05-14,Monday,False,,,0,0,0,neutral,,
2007-05-15,Tuesday,False,,,0,0,0,neutral,,
2007-05-16,Wednesday,False,,,0,0,0,neutral,,
2007-05-17,Thursday,False,,,0,0,0,neutral,,
2007-05-18,Friday,False,,,0,0,0,neutral,,
2007-05-19,Saturday,False,,,0,0,0,neutral,,
2007-05-20,Sunday,False,,,0,0,0,neutral,,
2007-05-21,Monday,False,,,0,0,0,neutral,,
2007-05-22,Tuesday,False,,,0,0,0,neutral,,
2007-05-23,Wednesday,False,,,0,0,0,neutral,,
2007-05-24,Thursday,False,,,0,0,0,neutral,,
2007-05-25,Friday,False,,,0,0,0,neutral,,
2007-05-26,Saturday,False,,,0,0,0,neutral,,
2007-05-27,Sunday,False,,,0,0,0,neutral,,
2007-05-28,Monday,False,,,0,0,0,neutral,,
2007-05-29,Tuesday,False,,,0,0,0,neutral,,
2007-05-30,Wednesday,False,,,0,0,0,neutral,,
2007-05-31,Thursday,False,,,0,0,0,neutral,,
2007-06-01,Friday,False,,,0,0,0,neutral,,
2007-06-02,Saturday,False,,,0,0,0,neutral,,
2007-06-03,Sunday,False,,,0,0,0,neutral,,
2007-06-04,Monday,False,,,0,0,0,neutral,,
2007-06-05,Tuesday,False,,,0,0,0,neutral,,
2007-06-06,Wednesday,False,,,0,0,0,neutral,,
2007-06-07,Thursday,False,,,0,0,0,neutral,,
2007-06-08,Friday,False,,,0,0,0,neutral,,
2007-06-09,Saturday,False,,,0,0,0,neutral,,
2007-06-10,Sunday,False,,,0,0,0,neutral,,
2007-06-11,Monday,False,,,0,0,0,neutral,,
2007-06-12,Tuesday,False,,,0,0,0,neutral,,
2007-06-13,Wednesday,False,,,0,0,0,neutral,,
2007-06-14,Thursday,False,,,0,0,0,neutral,,
2007-06-15,Friday,False,,,0,0,0,neutral,,
2007-06-16,Saturday,False,,,0,0,0,neutral,,
2007-06-17,Sunday,False,,,0,0,0,neutral,,
2007-06-18,Monday,False,,,0,0,0,neutral,,
2007-06-19,Tuesday,False,,,0,0,0,neutral,,
2007-06-20,Wednesday,False,,,0,0,0,neutral,,
2007-06-21,Thursday,False,,,0,0,0,neutral,,
2007-06-22,Friday,False,,,0,0,0,neutral,,
2007-06-23,Saturday,False,,,0,0,0,neutral,,
2007-06-24,Sunday,False,,,0,0,0,neutral,,
2007-06-25,Monday,False,,,0,0,0,neutral,,
2007-06-26,Tuesday,False,,,0,0,0,neutral,,
2007-06-27,Wednesday,False,,,0,0,0,neutral,,
2007-06-28,Thursday,False,,,0,0,0,neutral,,
2007-06-29,Friday,False,,,0,0,0,neutral,,
2007-06-30,Saturday,False,,,0,0,0,neutral,,
2007-07-01,Sunday,False,,,0,0,0,neutral,,
2007-07-02,Monday,False,,,0,0,0,neutral,,
2007-07-03,Tuesday,False,,,0,0,0,neutral,,
2007-07-04,Wednesday,False,,,0,0,0,neutral,,
2007-07-05,Thursday,False,,,0,0,0,neutral,,
2007-07-06,Friday,False,,,0,0,0,neutral,,
2007-07-07,Saturday,False,,,0,0,0,neutral,,
2007-07-08,Sunday,False,,,0,0,0,neutral,,
2007-07-09,Monday,False,,,0,0,0,neutral,,
2007-07-10,Tuesday,False,,,0,0,0,neutral,,
2007-07-11,Wednesday,False,,,0,0,0,neutral,,
2007-07-12,Thursday,False,,,0,0,0,neutral,,
2007-07-13,Friday,False,,,0,0,0,neutral,,
2007-07-14,Saturday,False,,,0,0,0,neutral,,
2007-07-15,Sunday,False,,,0,0,0,neutral,,
2007-07-16,Monday,False,,,0,0,0,neutral,,
2007-07-17,Tuesday,False,,,0,0,0,neutral,,
2007-07-18,Wednesday,False,,,0,0,0,neutral,,
2007-07-19,Thursday,False,,,0,0,0,neutral,,
2007-07-20,Friday,False,,,0,0,0,neutral,,
2007-07-21,Saturday,False,,,0,0,0,neutral,,
2007-07-22,Sunday,False,,,0,0,0,neutral,,
2007-07-23,Monday,False,,,0,0,0,neutral,,
2007-07-24,Tuesday,False,,,0,0,0,neutral,,
2007-07-25,Wednesday,False,,,0,0,0,neutral,,
2007-07-26,Thursday,False,,,0,0,0,neutral,,
2007-07-27,Friday,False,,,0,0,0,neutral,,
2007-07-28,Saturday,False,,,0,0,0,neutral,,
2007-07-29,Sunday,False,,,0,0,0,neutral,,
2007-07-30,Monday,False,,,0,0,0,neutral,,
2007-07-31,Tuesday,False,,,0,0,0,neutral,,
2007-08-01,Wednesday,False,,,0,0,0,neutral,,
2007-08-02,Thursday,False,,,0,0,0,neutral,,
2007-08-03,Friday,False,,,0,0,0,neutral,,
2007-08-04,Saturday,False,,,0,0,0,neutral,,
2007-08-05,Sunday,False,,,0,0,0,neutral,,
2007-08-06,Monday,False,,,0,0,0,neutral,,
2007-08-07,Tuesday,False,,,0,0,0,neutral,,
2007-08-08,Wednesday,False,,,0,0,0,neutral,,
2007-08-09,Thursday,False,,,0,0,0,neutral,,
2007-08-10,Friday,False,,,0,0,0,neutral,,
2007-08-11,Saturday,False,,,0,0,0,neutral,,
2007-08-12,Sunday,False,,,0,0,0,neutral,,
2007-08-13,Monday,False,,,0,0,0,neutral,,
2007-08-14,Tuesday,False,,,0,0,0,neutral,,
2007-08-15,Wednesday,True,Independence Day,general,0,0,0,neutral,,
2007-08-16,Thursday,False,,,0,0,0,neutral,,
2007-08-17,Friday,False,,,0,0,0,neutral,,
2007-08-18,Saturday,False,,,0,0,0,neutral,,
2007-08-19,Sunday,False,,,0,0,0,neutral,,
2007-08-20,Monday,False,,,0,0,0,neutral,,
2007-08-21,Tuesday,False,,,0,0,0,neutral,,
2007-08-22,Wednesday,False,,,0,0,0,neutral,,
2007-08-23,Thursday,False,,,0,0,0,neutral,,
2007-08-24,Friday,False,,,0,0,0,neutral,,
2007-08-25,Saturday,False,,,0,0,0,neutral,,
2007-08-26,Sunday,False,,,0,0,0,neutral,,
2007-08-27,Monday,False,,,0,0,0,neutral,,
2007-08-28,Tuesday,False,,,0,0,0,neutral,,
2007-08-29,Wednesday,False,,,0,0,0,neutral,,
2007-08-30,Thursday,False,,,0,0,0,neutral,,
2007-08-31,Friday,False,,,0,0,0,neutral,,
2007-09-01,Saturday,False,,,0,0,0,neutral,,
2007-09-02,Sunday,False,,,0,0,0,neutral,,
2007-09-03,Monday,False,,,0,0,0,neutral,,
2007-09-04,Tuesday,True,Janmashtami,hindu,0,0,0,neutral,,
2007-09-05,Wednesday,False,,,0,0,0,neutral,,
2007-09-06,Thursday,False,,,0,0,0,neutral,,
2007-09-07,Friday,False,,,0,0,0,neutral,,
2007-09-08,Saturday,False,,,0,0,0,neutral,,
2007-09-09,Sunday,False,,,0,0,0,neutral,,
2007-09-10,Monday,False,,,0,0,0,neutral,,
2007-09-11,Tuesday,False,,,0,0,0,neutral,,
2007-09-12,Wednesday,False,,,0,0,0,neutral,,
2007-09-13,Thursday,False,,,0,0,0,neutral,,
2007-09-14,Friday,False,,,0,0,0,neutral,,
2007-09-15,Saturday,False,,,0,0,0,neutral,,
2007-09-16,Sunday,False,,,0,0,0,neutral,,
2007-09-17,Monday,False,,,0,0,0,neutral,,
2007-09-18,Tuesday,False,,,0,0,0,neutral,,
2007-09-19,Wednesday,False,,,0,0,0,neutral,,
2007-09-20,Thursday,False,,,0,0,0,neutral,,
2007-09-21,Friday,False,,,0,0,0,neutral,,
2007-09-22,Saturday,False,,,0,0,0,neutral,,
2007-09-23,Sunday,False,,,0,0,0,neutral,,
2007-09-24,Monday,False,,,0,0,0,neutral,,
2007-09-25,Tuesday,False,,,0,0,0,neutral,,
2007-09-26,Wednesday,False,,,0,0,0,neutral,,
2007-09-27,Thursday,False,,,0,0,0,neutral,,
2007-09-28,Friday,False,,,0,0,0,neutral,,
2007-09-29,Saturday,False,,,0,0,0,neutral,,
2007-09-30,Sunday,False,,,0,0,0,neutral,,
2007-10-01,Monday,False,,,0,0,0,neutral,,
2007-10-02,Tuesday,True,Gandhi Jayanti,general,0,0,0,neutral,,
2007-10-03,Wednesday,False,,,0,0,0,neutral,,
2007-10-04,Thursday,False,,,0,0,0,neutral,,
2007-10-05,Friday,False,,,0,0,0,neutral,,
2007-10-06,Saturday,False,,,0,0,0,neutral,,
2007-10-07,Sunday,False,,,0,0,0,neutral,,
2007-10-08,Monday,False,,,0,0,0,neutral,,
2007-10-09,Tuesday,False,,,0,0,0,neutral,,
2007-10-10,Wednesday,False,,,0,0,0,neutral,,
2007-10-11,Thursday,False,,,0,0,0,neutral,,
2007-10-12,Friday,False,,,0,0,0,neutral,,
2007-10-13,Saturday,True,Id-ul-Fitr,general,0,0,0,neutral,,
2007-10-14,Sunday,False,,,0,0,0,neutral,,
2007-10-15,Monday,False,,,0,0,0,neutral,,
2007-10-16,Tuesday,False,,,0,0,0,neutral,,
2007-10-17,Wednesday,False,,,0,0,0,neutral,,
2007-10-18,Thursday,False,,,0,0,0,neutral,,
2007-10-19,Friday,False,,,0,0,0,neutral,,
2007-10-20,Saturday,False,,,0,0,0,neutral,,
2007-10-21,Sunday,True,Dussehra,hindu,0,0,0,neutral,,
2007-10-22,Monday,False,,,0,0,0,neutral,,
2007-10-23,Tuesday,False,,,0,0,0,neutral,,
2007-10-24,Wednesday,False,,,0,0,0,neutral,,
2007-10-25,Thursday,False,,,0,0,0,neutral,,
2007-10-26,Friday,False,,,0,0,0,neutral,,
2007-10-27,Saturday,False,,,0,0,0,neutral,,
2007-10-28,Sunday,False,,,0,0,0,neutral,,
2007-10-29,Monday,False,,,0,0,0,neutral,,
2007-10-30,Tuesday,False,,,0,0,0,neutral,,
2007-10-31,Wednesday,False,,,0,0,0,neutral,,
2007-11-01,Thursday,False,,,0,0,0,neutral,,
2007-11-02,Friday,False,,,0,0,0,neutral,,
2007-11-03,Saturday,False,,,0,0,0,neutral,,
2007-11-04,Sunday,False,,,0,0,0,neutral,,
2007-11-05,Monday,False,,,0,0,0,neutral,,
2007-11-06,Tuesday,False,,,0,0,0,neutral,,
2007-11-07,Wednesday,False,,,0,0,0,neutral,,
2007-11-08,Thursday,False,,,0,0,0,neutral,,
2007-11-09,Friday,True,Diwali,hindu,0,0,0,neutral,,
2007-11-10,Saturday,False,,,0,0,0,neutral,,
2007-11-11,Sunday,False,,,0,0,0,neutral,,
2007-11-12,Monday,False,,,0,0,0,neutral,,
2007-11-13,Tuesday,False,,,0,0,0,neutral,,
2007-11-14,Wednesday,False,,,0,0,0,neutral,,
2007-11-15,Thursday,False,,,0,0,0,neutral,,
2007-11-16,Friday,False,,,0,0,0,neutral,,
2007-11-17,Saturday,False,,,0,0,0,neutral,,
2007-11-18,Sunday,False,,,0,0,0,neutral,,
2007-11-19,Monday,False,,,0,0,0,neutral,,
2007-11-20,Tuesday,False,,,0,0,0,neutral,,
2007-11-21,Wednesday,False,,,0,0,0,neutral,,
2007-11-22,Thursday,False,,,0,0,0,neutral,,
2007-11-23,Friday,False,,,0,0,0,neutral,,
2007-11-24,Saturday,True,Guru Nanak Jayanti,sikh,0,0,0,neutral,,
2007-11-25,Sunday,False,,,0,0,0,neutral,,
2007-11-26,Monday,False,,,0,0,0,neutral,,
2007-11-27,Tuesday,False,,,0,0,0,neutral,,
2007-11-28,Wednesday,False,,,0,0,0,neutral,,
2007-11-29,Thursday,False,,,0,0,0,neutral,,
2007-11-30,Friday,False,,,0,0,0,neutral,,
2007-12-01,Saturday,False,,,0,0,0,neutral,,
2007-12-02,Sunday,False,,,0,0,0,neutral,,
2007-12-03,Monday,False,,,0,0,0,neutral,,
2007-12-04,Tuesday,False,,,0,0,0,neutral,,
2007-12-05,Wednesday,False,,,0,0,0,neutral,,
2007-12-06,Thursday,False,,,0,0,0,neutral,,
2007-12-07,Friday,False,,,0,0,0,neutral,,
2007-12-08,Saturday,False,,,0,0,0,neutral,,
2007-12-09,Sunday,False,,,0,0,0,neutral,,
2007-12-10,Monday,False,,,0,0,0,neutral,,
2007-12-11,Tuesday,False,,,0,0,0,neutral,,
2007-12-12,Wednesday,False,,,0,0,0,neutral,,
2007-12-13,Thursday,False,,,0,0,0,neutral,,
2007-12-14,Friday,False,,,0,0,0,neutral,,
2007-12-15,Saturday,False,,,0,0,0,neutral,,
2007-12-16,Sunday,False,,,0,0,0,neutral,,
2007-12-17,Monday,False,,,0,0,0,neutral,,
2007-12-18,Tuesday,False,,,0,0,0,neutral,,
2007-12-19,Wednesday,False,,,0,0,0,neutral,,
2007-12-20,Thursday,True,Bakrid,muslim,0,0,0,neutral,,
2007-12-21,Friday,False,,,0,0,0,neutral,,
2007-12-22,Saturday,False,,,0,0,0,neutral,,
2007-12-23,Sunday,False,,,0,0,0,neutral,,
2007-12-24,Monday,False,,,0,0,0,neutral,,
2007-12-25,Tuesday,True,Christmas,christian,0,0,0,neutral,,
2007-12-26,Wednesday,False,,,0,0,0,neutral,,
2007-12-27,Thursday,False,,,0,0,0,neutral,,
2007-12-28,Friday,False,,,0,0,0,neutral,,
2007-12-29,Saturday,False,,,0,0,0,neutral,,
2007-12-30,Sunday,False,,,0,0,0,neutral,,
2007-12-31,Monday,False,,,0,0,0,neutral,,
2008-01-01,Tuesday,False,,,0,0,0,neutral,,
2008-01-02,Wednesday,False,,,0,0,0,neutral,,
2008-01-03,Thursday,False,,,0,0,0,neutral,,
2008-01-04,Friday,False,,,0,0,0,neutral,,
2008-01-05,Saturday,False,,,0,0,0,neutral,,
2008-01-06,Sunday,False,,,0,0,0,neutral,,
2008-01-07,Monday,False,,,0,0,0,neutral,,
2008-01-08,Tuesday,False,,,0,0,0,neutral,,
2008-01-09,Wednesday,False,,,0,0,0,neutral,,
2008-01-10,Thursday,False,,,0,0,0,neutral,,
2008-01-11,Friday,False,,,1,0,1,bad,"British Airways Flight 38 crashes short of the runway at Heathrow Airport, injuring 47.",https://en.wikipedia.org/wiki/British_Airways_Flight_38
2008-01-12,Saturday,False,,,0,0,0,neutral,,
2008-01-13,Sunday,False,,,0,0,0,neutral,,
2008-01-14,Monday,False,,,0,0,0,neutral,,
2008-01-15,Tuesday,False,,,0,0,0,neutral,,
2008-01-16,Wednesday,False,,,1,0,1,bad,"A Let L-410 Turbolet crashes in the Los Roques Archipelago in Venezuela, killing 14 people.",https://en.wikipedia.org/wiki/Let_L-410_Turbolet
2008-01-17,Thursday,False,,,0,0,0,neutral,,
2008-01-18,Friday,False,,,1,0,0,neutral,The Euphronios Krater is unveiled in Rome after being returned to Italy by the Metropolitan Museum of Art.,https://en.wikipedia.org/wiki/Euphronios_Krater
2008-01-19,Saturday,True,Muharram,muslim,0,0,0,neutral,,
2008-01-20,Sunday,False,,,0,0,0,neutral,,
2008-01-21,Monday,False,,,0,0,0,neutral,,
2008-01-22,Tuesday,False,,,0,0,0,neutral,,
2008-01-23,Wednesday,False,,,0,0,0,neutral,,
2008-01-24,Thursday,False,,,0,0,0,neutral,,
2008-01-25,Friday,False,,,0,0,0,neutral,,
2008-01-26,Saturday,True,Republic Day,general,0,0,0,neutral,,
2008-01-27,Sunday,False,,,0,0,0,neutral,,
2008-01-28,Monday,False,,,0,0,0,neutral,,
2008-01-29,Tuesday,False,,,1,0,0,neutral,"An Egyptian court rules that people who do not adhere to one of the three government-recognised religions, while not allowed to list any belief outside of those three, are still eligible to receive government identity documents.",https://en.wikipedia.org/wiki/Religion_in_Egypt
2008-01-30,Wednesday,False,,,0,0,0,neutral,,
2008-01-31,Thursday,False,,,0,0,0,neutral,,
2008-02-01,Friday,False,,,0,0,0,neutral,,
2008-02-02,Saturday,False,,,0,0,0,neutral,,
2008-02-03,Sunday,False,,,0,0,0,neutral,,
2008-02-04,Monday,False,,,1,0,0,neutral,"Civic mobilizations in Colombia against FARC, under the name A million voices against the FARC.",https://en.wikipedia.org/wiki/Colombia
2008-02-05,Tuesday,False,,,1,0,1,bad,A major tornado outbreak across the Southern United States kills 57.,https://en.wikipedia.org/wiki/2008_Super_Tuesday_tornado_outbreak
2008-02-06,Wednesday,False,,,0,0,0,neutral,,
2008-02-07,Thursday,False,,,0,0,0,neutral,,
2008-02-08,Friday,False,,,0,0,0,neutral,,
2008-02-09,Saturday,False,,,0,0,0,neutral,,
2008-02-10,Sunday,False,,,0,0,0,neutral,,
2008-02-11,Monday,False,,,1,0,1,bad,Rebel East Timorese soldiers seriously wound President José Ramos-Horta. Rebel leader Alfredo Reinado is killed in the attack.,https://en.wikipedia.org/wiki/Timor-Leste
2008-02-12,Tuesday,False,,,0,0,0,neutral,,
2008-02-13,Wednesday,False,,,1,0,0,neutral,Australian Prime Minister Kevin Rudd makes a historic apology to the Indigenous Australians and the Stolen Generations.,https://en.wikipedia.org/wiki/Kevin_Rudd
2008-02-14,Thursday,False,,,1,0,1,bad,"Northern Illinois University shooting: A gunman opens fire in a lecture hall of Northern Illinois University in DeKalb County, Illinois, resulting in six fatalities (including the gunman) and 21 injuries.",https://en.wikipedia.org/wiki/2008_Northern_Illinois_University_shooting
2008-02-15,Friday,False,,,0,0,0,neutral,,
2008-02-16,Saturday,False,,,0,0,0,neutral,,
2008-02-17,Sunday,False,,,1,1,0,good,Kosovo declares independence from Serbia.,https://en.wikipedia.org/wiki/Kosovo
2008-02-18,Monday,False,,,0,0,0,neutral,,
2008-02-19,Tuesday,False,,,0,0,0,neutral,,
2008-02-20,Wednesday,False,,,0,0,0,neutral,,
2008-02-21,Thursday,False,,,0,0,0,neutral,,
2008-02-22,Friday,False,,,0,0,0,neutral,,
2008-02-23,Saturday,False,,,1,0,1,bad,"A United States Air Force B-2 Spirit bomber crashes on Guam, marking  the first operational loss of a B-2.",https://en.wikipedia.org/wiki/United_States_Air_Force
2008-02-24,Sunday,False,,,1,0,0,neutral,Fidel Castro retires as the President of Cuba and the Council of Ministers after 32 years. He remained as head of the Communist Party for another three years.,https://en.wikipedia.org/wiki/Fidel_Castro
2008-02-25,Monday,False,,,0,0,0,neutral,,
2008-02-26,Tuesday,False,,,1,1,0,good,"The New York Philharmonic performs in Pyongyang, North Korea; this is the first event of its kind to take place in North Korea.",https://en.wikipedia.org/wiki/New_York_Philharmonic
2008-02-27,Wednesday,False,,,0,0,0,neutral,,
2008-02-28,Thursday,False,,,0,0,0,neutral,,
2008-02-29,Friday,False,,,0,0,0,neutral,,
2008-03-01,Saturday,False,,,1,0,1,bad,"The Armenian police clash with peaceful opposition rally protesting against allegedly fraudulent presidential elections, as a result ten people are killed.",https://en.wikipedia.org/wiki/Police_of_Armenia
2008-03-02,Sunday,False,,,1,0,1,bad,"Jemaah Islamiyah terrorist Mas Selamat Kastari escapes from a detention center in Singapore, hiding in Johor, Malaysia until he was recaptured over a year later.",https://en.wikipedia.org/wiki/Jemaah_Islamiyah
2008-03-03,Monday,False,,,0,0,0,neutral,,
2008-03-04,Tuesday,False,,,2,0,0,neutral,"The United Kingdom's Ministry of Defence withdraws Prince Harry from a tour of Afghanistan after news of his deployment is leaked to foreign media. || Misha Defonseca admits to fabricating her memoir, Misha: A Mémoire of the Holocaust Years, in which she claims to have lived with a pack of wolves in the woods during the Holocaust.",https://en.wikipedia.org/wiki/Ministry_of_Defence_(United_Kingdom) || https://en.wikipedia.org/wiki/Misha_Defonseca
2008-03-05,Wednesday,False,,,0,0,0,neutral,,
2008-03-06,Thursday,True,Maha Shivaratri,general,1,0,1,bad,A suicide bomber kills 68 people (including first responders) in Baghdad on the same day that a gunman kills eight students in Jerusalem.,https://en.wikipedia.org/wiki/6_March_2008_Baghdad_bombing
2008-03-07,Friday,False,,,0,0,0,neutral,,
2008-03-08,Saturday,False,,,0,0,0,neutral,,
2008-03-09,Sunday,False,,,0,0,0,neutral,,
2008-03-10,Monday,False,,,0,0,0,neutral,,
2008-03-11,Tuesday,False,,,1,1,0,good,"Space Shuttle Endeavour launches on STS-123, carrying the first component of the Japanese Kibō module to the International Space Station.",https://en.wikipedia.org/wiki/Space_Shuttle_Endeavour
2008-03-12,Wednesday,False,,,0,0,0,neutral,,
2008-03-13,Thursday,False,,,0,0,0,neutral,,
2008-03-14,Friday,False,,,1,0,1,bad,"A series of riots, protests, and demonstrations erupt in Lhasa and subsequently spread elsewhere in Tibet.",https://en.wikipedia.org/wiki/2008_Tibetan_unrest
2008-03-15,Saturday,False,,,1,0,0,neutral,"Stockpiles of obsolete ammunition explode at an ex-military ammunition depot in the village of Gërdec, Albania, killing 26 people.",https://en.wikipedia.org/wiki/2008_G%C3%ABrdec_explosions
2008-03-16,Sunday,False,,,0,0,0,neutral,,
2008-03-17,Monday,False,,,0,0,0,neutral,,
2008-03-18,Tuesday,False,,,0,0,0,neutral,,
2008-03-19,Wednesday,False,,,1,0,0,neutral,GRB 080319B: A cosmic burst that is the farthest object visible to the naked eye is briefly observed.,https://en.wikipedia.org/wiki/GRB_080319B
2008-03-20,Thursday,False,,,0,0,0,neutral,,
2008-03-21,Friday,True,Good Friday; Milad-un-Nabi,muslim,0,0,0,neutral,,
2008-03-22,Saturday,False,,,0,0,0,neutral,,
2008-03-23,Sunday,False,,,1,1,0,good,"Official opening of Rajiv Gandhi International Airport in Hyderabad, India",https://en.wikipedia.org/wiki/Rajiv_Gandhi_International_Airport
2008-03-24,Monday,False,,,1,1,0,good,"Bhutan officially becomes a democracy, with its first ever general election.",https://en.wikipedia.org/wiki/Bhutan
2008-03-25,Tuesday,False,,,0,0,0,neutral,,
2008-03-26,Wednesday,False,,,0,0,0,neutral,,
2008-03-27,Thursday,False,,,0,0,0,neutral,,
2008-03-28,Friday,False,,,0,0,0,neutral,,
2008-03-29,Saturday,False,,,0,0,0,neutral,,
2008-03-30,Sunday,False,,,1,0,0,neutral,Drolma Kyi arrested by Chinese authorities.,https://en.wikipedia.org/wiki/Drolma_Kyi
2008-03-31,Monday,False,,,2,0,0,neutral,"ATA Airlines, once one of the ten largest U.S. passenger airlines and largest charter airline, files for bankruptcy for the second time in five years and ceases all operations. || Texas law enforcement cordons off the FLDS's YFZ Ranch. Eventually 533 women and children will be taken into state custody.",https://en.wikipedia.org/wiki/ATA_Airlines || https://en.wikipedia.org/wiki/Texas
2008-04-01,Tuesday,False,,,0,0,0,neutral,,
2008-04-02,Wednesday,False,,,0,0,0,neutral,,
2008-04-03,Thursday,False,,,0,0,0,neutral,,
2008-04-04,Friday,False,,,0,0,0,neutral,,
2008-04-05,Saturday,False,,,0,0,0,neutral,,
2008-04-06,Sunday,False,,,1,0,0,neutral,The 2008 Egyptian general strike starts led by Egyptian workers later to be adopted by April 6 Youth Movement and Egyptian activists.,https://en.wikipedia.org/wiki/2008_Egyptian_general_strike
2008-04-07,Monday,False,,,0,0,0,neutral,,
2008-04-08,Tuesday,False,,,0,0,0,neutral,,
2008-04-09,Wednesday,False,,,0,0,0,neutral,,
2008-04-10,Thursday,False,,,0,0,0,neutral,,
2008-04-11,Friday,False,,,1,0,1,bad,"Kata Air Transport Flight 007 crashes while attempting an emergency landing at Chișinău International Airport, killing eight.",https://en.wikipedia.org/wiki/Kata_Air_Transport_Flight_007
2008-04-12,Saturday,False,,,0,0,0,neutral,,
2008-04-13,Sunday,False,,,0,0,0,neutral,,
2008-04-14,Monday,False,,,0,0,0,neutral,,
2008-04-15,Tuesday,False,,,0,0,0,neutral,,
2008-04-16,Wednesday,False,,,1,0,0,neutral,The U.S. Supreme Court rules in the Baze v. Rees decision that execution by lethal injection does not violate the Eighth Amendment ban against cruel and unusual punishment.,https://en.wikipedia.org/wiki/Supreme_Court_of_the_United_States
2008-04-17,Thursday,False,,,0,0,0,neutral,,
2008-04-18,Friday,True,Mahavir Jayanti,general,0,0,0,neutral,,
2008-04-19,Saturday,False,,,0,0,0,neutral,,
2008-04-20,Sunday,False,,,0,0,0,neutral,,
2008-04-21,Monday,False,,,0,0,0,neutral,,
2008-04-22,Tuesday,False,,,0,0,0,neutral,,
2008-04-23,Wednesday,False,,,0,0,0,neutral,,
2008-04-24,Thursday,False,,,0,0,0,neutral,,
2008-04-25,Friday,False,,,0,0,0,neutral,,
2008-04-26,Saturday,False,,,0,0,0,neutral,,
2008-04-27,Sunday,False,,,0,0,0,neutral,,
2008-04-28,Monday,False,,,1,1,0,good,Danica Patrick wins the Indy Japan 300 becoming the first female driver in history to win an Indy car race.,https://en.wikipedia.org/wiki/Danica_Patrick
2008-04-29,Tuesday,False,,,0,0,0,neutral,,
2008-04-30,Wednesday,False,,,1,0,0,neutral,"Two skeletal remains found near Yekaterinburg are confirmed by Russian scientists to be the remains of Alexei and Anastasia, two of the children of the last Tsar of Russia, whose entire family was executed at Yekaterinburg by the Bolsheviks.",https://en.wikipedia.org/wiki/Yekaterinburg
2008-05-01,Thursday,False,,,0,0,0,neutral,,
2008-05-02,Friday,False,,,2,0,0,neutral,"Cyclone Nargis makes landfall in Burma killing over 138,000 people and leaving millions of people homeless. || Chaitén Volcano begins erupting in Chile, forcing the evacuation of more than 4,500 people.",https://en.wikipedia.org/wiki/Cyclone_Nargis || https://en.wikipedia.org/wiki/Chait%C3%A9n_(volcano)
2008-05-03,Saturday,False,,,0,0,0,neutral,,
2008-05-04,Sunday,False,,,0,0,0,neutral,,
2008-05-05,Monday,False,,,0,0,0,neutral,,
2008-05-06,Tuesday,False,,,0,0,0,neutral,,
2008-05-07,Wednesday,False,,,0,0,0,neutral,,
2008-05-08,Thursday,False,,,0,0,0,neutral,,
2008-05-09,Friday,False,,,0,0,0,neutral,,
2008-05-10,Saturday,False,,,0,0,0,neutral,,
2008-05-11,Sunday,False,,,0,0,0,neutral,,
2008-05-12,Monday,False,,,0,0,0,neutral,,
2008-05-13,Tuesday,False,,,0,0,0,neutral,,
2008-05-14,Wednesday,False,,,0,0,0,neutral,,
2008-05-15,Thursday,False,,,0,0,0,neutral,,
2008-05-16,Friday,False,,,0,0,0,neutral,,
2008-05-17,Saturday,False,,,0,0,0,neutral,,
2008-05-18,Sunday,False,,,0,0,0,neutral,,
2008-05-19,Monday,False,,,0,0,0,neutral,,
2008-05-20,Tuesday,True,Buddha Purnima,general,0,0,0,neutral,,
2008-05-21,Wednesday,False,,,0,0,0,neutral,,
2008-05-22,Thursday,False,,,0,0,0,neutral,,
2008-05-23,Friday,False,,,0,0,0,neutral,,
2008-05-24,Saturday,False,,,0,0,0,neutral,,
2008-05-25,Sunday,False,,,0,0,0,neutral,,
2008-05-26,Monday,False,,,0,0,0,neutral,,
2008-05-27,Tuesday,False,,,0,0,0,neutral,,
2008-05-28,Wednesday,False,,,0,0,0,neutral,,
2008-05-29,Thursday,False,,,0,0,0,neutral,,
2008-05-30,Friday,False,,,0,0,0,neutral,,
2008-05-31,Saturday,False,,,0,0,0,neutral,,
2008-06-01,Sunday,False,,,0,0,0,neutral,,
2008-06-02,Monday,False,,,0,0,0,neutral,,
2008-06-03,Tuesday,False,,,0,0,0,neutral,,
2008-06-04,Wednesday,False,,,0,0,0,neutral,,
2008-06-05,Thursday,False,,,0,0,0,neutral,,
2008-06-06,Friday,False,,,0,0,0,neutral,,
2008-06-07,Saturday,False,,,0,0,0,neutral,,
2008-06-08,Sunday,False,,,0,0,0,neutral,,
2008-06-09,Monday,False,,,0,0,0,neutral,,
2008-06-10,Tuesday,False,,,0,0,0,neutral,,
2008-06-11,Wednesday,False,,,0,0,0,neutral,,
2008-06-12,Thursday,False,,,0,0,0,neutral,,
2008-06-13,Friday,False,,,0,0,0,neutral,,
2008-06-14,Saturday,False,,,0,0,0,neutral,,
2008-06-15,Sunday,False,,,0,0,0,neutral,,
2008-06-16,Monday,False,,,0,0,0,neutral,,
2008-06-17,Tuesday,False,,,0,0,0,neutral,,
2008-06-18,Wednesday,False,,,0,0,0,neutral,,
2008-06-19,Thursday,False,,,0,0,0,neutral,,
2008-06-20,Friday,False,,,0,0,0,neutral,,
2008-06-21,Saturday,False,,,0,0,0,neutral,,
2008-06-22,Sunday,False,,,0,0,0,neutral,,
2008-06-23,Monday,False,,,0,0,0,neutral,,
2008-06-24,Tuesday,False,,,0,0,0,neutral,,
2008-06-25,Wednesday,False,,,0,0,0,neutral,,
2008-06-26,Thursday,False,,,0,0,0,neutral,,
2008-06-27,Friday,False,,,0,0,0,neutral,,
2008-06-28,Saturday,False,,,0,0,0,neutral,,
2008-06-29,Sunday,False,,,0,0,0,neutral,,
2008-06-30,Monday,False,,,0,0,0,neutral,,
2008-07-01,Tuesday,False,,,0,0,0,neutral,,
2008-07-02,Wednesday,False,,,0,0,0,neutral,,
2008-07-03,Thursday,False,,,0,0,0,neutral,,
2008-07-04,Friday,False,,,0,0,0,neutral,,
2008-07-05,Saturday,False,,,0,0,0,neutral,,
2008-07-06,Sunday,False,,,0,0,0,neutral,,
2008-07-07,Monday,False,,,0,0,0,neutral,,
2008-07-08,Tuesday,False,,,0,0,0,neutral,,
2008-07-09,Wednesday,False,,,0,0,0,neutral,,
2008-07-10,Thursday,False,,,0,0,0,neutral,,
2008-07-11,Friday,False,,,0,0,0,neutral,,
2008-07-12,Saturday,False,,,0,0,0,neutral,,
2008-07-13,Sunday,False,,,0,0,0,neutral,,
2008-07-14,Monday,False,,,0,0,0,neutral,,
2008-07-15,Tuesday,False,,,0,0,0,neutral,,
2008-07-16,Wednesday,False,,,0,0,0,neutral,,
2008-07-17,Thursday,False,,,0,0,0,neutral,,
2008-07-18,Friday,False,,,0,0,0,neutral,,
2008-07-19,Saturday,False,,,0,0,0,neutral,,
2008-07-20,Sunday,False,,,0,0,0,neutral,,
2008-07-21,Monday,False,,,0,0,0,neutral,,
2008-07-22,Tuesday,False,,,0,0,0,neutral,,
2008-07-23,Wednesday,False,,,0,0,0,neutral,,
2008-07-24,Thursday,False,,,0,0,0,neutral,,
2008-07-25,Friday,False,,,0,0,0,neutral,,
2008-07-26,Saturday,False,,,0,0,0,neutral,,
2008-07-27,Sunday,False,,,0,0,0,neutral,,
2008-07-28,Monday,False,,,0,0,0,neutral,,
2008-07-29,Tuesday,False,,,0,0,0,neutral,,
2008-07-30,Wednesday,False,,,0,0,0,neutral,,
2008-07-31,Thursday,False,,,0,0,0,neutral,,
2008-08-01,Friday,False,,,0,0,0,neutral,,
2008-08-02,Saturday,False,,,0,0,0,neutral,,
2008-08-03,Sunday,False,,,0,0,0,neutral,,
2008-08-04,Monday,False,,,0,0,0,neutral,,
2008-08-05,Tuesday,False,,,0,0,0,neutral,,
2008-08-06,Wednesday,False,,,0,0,0,neutral,,
2008-08-07,Thursday,False,,,0,0,0,neutral,,
2008-08-08,Friday,False,,,0,0,0,neutral,,
2008-08-09,Saturday,False,,,0,0,0,neutral,,
2008-08-10,Sunday,False,,,0,0,0,neutral,,
2008-08-11,Monday,False,,,0,0,0,neutral,,
2008-08-12,Tuesday,False,,,0,0,0,neutral,,
2008-08-13,Wednesday,False,,,0,0,0,neutral,,
2008-08-14,Thursday,False,,,0,0,0,neutral,,
2008-08-15,Friday,True,Independence Day,general,0,0,0,neutral,,
2008-08-16,Saturday,False,,,0,0,0,neutral,,
2008-08-17,Sunday,False,,,0,0,0,neutral,,
2008-08-18,Monday,False,,,0,0,0,neutral,,
2008-08-19,Tuesday,False,,,0,0,0,neutral,,
2008-08-20,Wednesday,False,,,0,0,0,neutral,,
2008-08-21,Thursday,False,,,0,0,0,neutral,,
2008-08-22,Friday,False,,,0,0,0,neutral,,
2008-08-23,Saturday,False,,,0,0,0,neutral,,
2008-08-24,Sunday,True,Janmashtami,hindu,0,0,0,neutral,,
2008-08-25,Monday,False,,,0,0,0,neutral,,
2008-08-26,Tuesday,False,,,0,0,0,neutral,,
2008-08-27,Wednesday,False,,,0,0,0,neutral,,
2008-08-28,Thursday,False,,,0,0,0,neutral,,
2008-08-29,Friday,False,,,0,0,0,neutral,,
2008-08-30,Saturday,False,,,0,0,0,neutral,,
2008-08-31,Sunday,False,,,0,0,0,neutral,,
2008-09-01,Monday,False,,,0,0,0,neutral,,
2008-09-02,Tuesday,False,,,0,0,0,neutral,,
2008-09-03,Wednesday,False,,,0,0,0,neutral,,
2008-09-04,Thursday,False,,,0,0,0,neutral,,
2008-09-05,Friday,False,,,0,0,0,neutral,,
2008-09-06,Saturday,False,,,0,0,0,neutral,,
2008-09-07,Sunday,False,,,0,0,0,neutral,,
2008-09-08,Monday,False,,,0,0,0,neutral,,
2008-09-09,Tuesday,False,,,0,0,0,neutral,,
2008-09-10,Wednesday,False,,,0,0,0,neutral,,
2008-09-11,Thursday,False,,,0,0,0,neutral,,
2008-09-12,Friday,False,,,0,0,0,neutral,,
2008-09-13,Saturday,False,,,0,0,0,neutral,,
2008-09-14,Sunday,False,,,0,0,0,neutral,,
2008-09-15,Monday,False,,,0,0,0,neutral,,
2008-09-16,Tuesday,False,,,0,0,0,neutral,,
2008-09-17,Wednesday,False,,,0,0,0,neutral,,
2008-09-18,Thursday,False,,,0,0,0,neutral,,
2008-09-19,Friday,False,,,0,0,0,neutral,,
2008-09-20,Saturday,False,,,0,0,0,neutral,,
2008-09-21,Sunday,False,,,0,0,0,neutral,,
2008-09-22,Monday,False,,,0,0,0,neutral,,
2008-09-23,Tuesday,False,,,0,0,0,neutral,,
2008-09-24,Wednesday,False,,,0,0,0,neutral,,
2008-09-25,Thursday,False,,,0,0,0,neutral,,
2008-09-26,Friday,False,,,0,0,0,neutral,,
2008-09-27,Saturday,False,,,0,0,0,neutral,,
2008-09-28,Sunday,False,,,0,0,0,neutral,,
2008-09-29,Monday,False,,,0,0,0,neutral,,
2008-09-30,Tuesday,False,,,0,0,0,neutral,,
2008-10-01,Wednesday,False,,,0,0,0,neutral,,
2008-10-02,Thursday,True,Gandhi Jayanti; Id-ul-Fitr,general,0,0,0,neutral,,
2008-10-03,Friday,False,,,0,0,0,neutral,,
2008-10-04,Saturday,False,,,0,0,0,neutral,,
2008-10-05,Sunday,False,,,0,0,0,neutral,,
2008-10-06,Monday,False,,,0,0,0,neutral,,
2008-10-07,Tuesday,False,,,0,0,0,neutral,,
2008-10-08,Wednesday,False,,,0,0,0,neutral,,
2008-10-09,Thursday,True,Dussehra,hindu,0,0,0,neutral,,
2008-10-10,Friday,False,,,0,0,0,neutral,,
2008-10-11,Saturday,False,,,0,0,0,neutral,,
2008-10-12,Sunday,False,,,0,0,0,neutral,,
2008-10-13,Monday,False,,,0,0,0,neutral,,
2008-10-14,Tuesday,False,,,0,0,0,neutral,,
2008-10-15,Wednesday,False,,,0,0,0,neutral,,
2008-10-16,Thursday,False,,,0,0,0,neutral,,
2008-10-17,Friday,False,,,0,0,0,neutral,,
2008-10-18,Saturday,False,,,0,0,0,neutral,,
2008-10-19,Sunday,False,,,0,0,0,neutral,,
2008-10-20,Monday,False,,,0,0,0,neutral,,
2008-10-21,Tuesday,False,,,0,0,0,neutral,,
2008-10-22,Wednesday,False,,,0,0,0,neutral,,
2008-10-23,Thursday,False,,,0,0,0,neutral,,
2008-10-24,Friday,False,,,0,0,0,neutral,,
2008-10-25,Saturday,False,,,0,0,0,neutral,,
2008-10-26,Sunday,False,,,0,0,0,neutral,,
2008-10-27,Monday,False,,,0,0,0,neutral,,
2008-10-28,Tuesday,True,Diwali,hindu,0,0,0,neutral,,
2008-10-29,Wednesday,False,,,0,0,0,neutral,,
2008-10-30,Thursday,False,,,0,0,0,neutral,,
2008-10-31,Friday,False,,,0,0,0,neutral,,
2008-11-01,Saturday,False,,,0,0,0,neutral,,
2008-11-02,Sunday,False,,,0,0,0,neutral,,
2008-11-03,Monday,False,,,0,0,0,neutral,,
2008-11-04,Tuesday,False,,,0,0,0,neutral,,
2008-11-05,Wednesday,False,,,0,0,0,neutral,,
2008-11-06,Thursday,False,,,0,0,0,neutral,,
2008-11-07,Friday,False,,,0,0,0,neutral,,
2008-11-08,Saturday,False,,,0,0,0,neutral,,
2008-11-09,Sunday,False,,,0,0,0,neutral,,
2008-11-10,Monday,False,,,0,0,0,neutral,,
2008-11-11,Tuesday,False,,,0,0,0,neutral,,
2008-11-12,Wednesday,False,,,0,0,0,neutral,,
2008-11-13,Thursday,True,Guru Nanak Jayanti,sikh,0,0,0,neutral,,
2008-11-14,Friday,False,,,0,0,0,neutral,,
2008-11-15,Saturday,False,,,0,0,0,neutral,,
2008-11-16,Sunday,False,,,0,0,0,neutral,,
2008-11-17,Monday,False,,,0,0,0,neutral,,
2008-11-18,Tuesday,False,,,0,0,0,neutral,,
2008-11-19,Wednesday,False,,,0,0,0,neutral,,
2008-11-20,Thursday,False,,,0,0,0,neutral,,
2008-11-21,Friday,False,,,0,0,0,neutral,,
2008-11-22,Saturday,False,,,0,0,0,neutral,,
2008-11-23,Sunday,False,,,0,0,0,neutral,,
2008-11-24,Monday,False,,,0,0,0,neutral,,
2008-11-25,Tuesday,False,,,0,0,0,neutral,,
2008-11-26,Wednesday,False,,,0,0,0,neutral,,
2008-11-27,Thursday,False,,,0,0,0,neutral,,
2008-11-28,Friday,False,,,0,0,0,neutral,,
2008-11-29,Saturday,False,,,0,0,0,neutral,,
2008-11-30,Sunday,False,,,0,0,0,neutral,,
2008-12-01,Monday,False,,,0,0,0,neutral,,
2008-12-02,Tuesday,False,,,0,0,0,neutral,,
2008-12-03,Wednesday,False,,,0,0,0,neutral,,
2008-12-04,Thursday,False,,,0,0,0,neutral,,
2008-12-05,Friday,False,,,0,0,0,neutral,,
2008-12-06,Saturday,False,,,0,0,0,neutral,,
2008-12-07,Sunday,False,,,0,0,0,neutral,,
2008-12-08,Monday,False,,,0,0,0,neutral,,
2008-12-09,Tuesday,True,Bakrid,muslim,0,0,0,neutral,,
2008-12-10,Wednesday,False,,,0,0,0,neutral,,
2008-12-11,Thursday,False,,,0,0,0,neutral,,
2008-12-12,Friday,False,,,0,0,0,neutral,,
2008-12-13,Saturday,False,,,0,0,0,neutral,,
2008-12-14,Sunday,False,,,0,0,0,neutral,,
2008-12-15,Monday,False,,,0,0,0,neutral,,
2008-12-16,Tuesday,False,,,0,0,0,neutral,,
2008-12-17,Wednesday,False,,,0,0,0,neutral,,
2008-12-18,Thursday,False,,,0,0,0,neutral,,
2008-12-19,Friday,False,,,0,0,0,neutral,,
2008-12-20,Saturday,False,,,0,0,0,neutral,,
2008-12-21,Sunday,False,,,0,0,0,neutral,,
2008-12-22,Monday,False,,,0,0,0,neutral,,
2008-12-23,Tuesday,False,,,0,0,0,neutral,,
2008-12-24,Wednesday,False,,,0,0,0,neutral,,
2008-12-25,Thursday,True,Christmas,christian,0,0,0,neutral,,
2008-12-26,Friday,False,,,0,0,0,neutral,,
2008-12-27,Saturday,False,,,0,0,0,neutral,,
2008-12-28,Sunday,False,,,0,0,0,neutral,,
2008-12-29,Monday,False,,,0,0,0,neutral,,
2008-12-30,Tuesday,False,,,0,0,0,neutral,,
2008-12-31,Wednesday,False,,,0,0,0,neutral,,
2009-01-01,Thursday,False,,,1,0,0,neutral,"Sixty-six people die in a nightclub fire in Bangkok, Thailand.",https://en.wikipedia.org/wiki/Santika_Club_fire
2009-01-02,Friday,False,,,0,0,0,neutral,,
2009-01-03,Saturday,False,,,1,1,0,good,"The first block of the blockchain of the decentralized payment system Bitcoin, called the Genesis block, is established by the creator of the system, Satoshi Nakamoto.",https://en.wikipedia.org/wiki/Payment_system
2009-01-04,Sunday,False,,,0,0,0,neutral,,
2009-01-05,Monday,False,,,0,0,0,neutral,,
2009-01-06,Tuesday,False,,,0,0,0,neutral,,
2009-01-07,Wednesday,True,Muharram,muslim,0,0,0,neutral,,
2009-01-08,Thursday,False,,,1,0,1,bad,A 6.1-magnitude earthquake in northern Costa Rica kills 15 people and injures 32.,https://en.wikipedia.org/wiki/2009_Cinchona_earthquake
2009-01-09,Friday,False,,,1,1,0,good,"US Airways Flight 1549 ditches safely in the Hudson River after the plane collides with birds less than two minutes after take-off. This becomes known as ""The Miracle on the Hudson"" as all 155 people on board were rescued.",https://en.wikipedia.org/wiki/US_Airways_Flight_1549
2009-01-10,Saturday,False,,,0,0,0,neutral,,
2009-01-11,Sunday,False,,,0,0,0,neutral,,
2009-01-12,Monday,False,,,0,0,0,neutral,,
2009-01-13,Tuesday,False,,,0,0,0,neutral,,
2009-01-14,Wednesday,False,,,0,0,0,neutral,,
2009-01-15,Thursday,False,,,0,0,0,neutral,,
2009-01-16,Friday,False,,,0,0,0,neutral,,
2009-01-17,Saturday,False,,,0,0,0,neutral,,
2009-01-18,Sunday,False,,,0,0,0,neutral,,
2009-01-19,Monday,False,,,0,0,0,neutral,,
2009-01-20,Tuesday,False,,,2,1,0,good,"Barack Obama is inaugurated as the 44th President of the United States of America, becoming the first African-American President of the United States. || A protest movement in Iceland culminates as the 2009 Icelandic financial crisis protests start.",https://en.wikipedia.org/wiki/Barack_Obama || https://en.wikipedia.org/wiki/Iceland
2009-01-21,Wednesday,False,,,1,0,1,bad,"Israel withdraws from the Gaza Strip, officially ending a three-week war it had with Hamas. However, intermittent fire by both sides continues in the weeks to follow.",https://en.wikipedia.org/wiki/Gaza_Strip
2009-01-22,Thursday,False,,,1,0,0,neutral,U.S. President Barack Obama signs an executive order to close the Guantanamo Bay detention camp; congressional opposition will prevent it being implemented.,https://en.wikipedia.org/wiki/Barack_Obama
2009-01-23,Friday,False,,,0,0,0,neutral,,
2009-01-24,Saturday,False,,,1,0,0,neutral,"Cyclone Klaus makes landfall near Bordeaux, France, causing 26 deaths as well as extensive disruptions to public transport and power supplies.",https://en.wikipedia.org/wiki/Cyclone_Klaus
2009-01-25,Sunday,False,,,0,0,0,neutral,,
2009-01-26,Monday,True,Republic Day,general,2,1,1,bad,"Rioting breaks out in Antananarivo, Madagascar, sparking a political crisis that will result in the replacement of President Marc Ravalomanana with Andry Rajoelina. || Nadya Suleman gives birth to the world's first surviving octuplets.",https://en.wikipedia.org/wiki/Antananarivo || https://en.wikipedia.org/wiki/Nadya_Suleman
2009-01-27,Tuesday,False,,,0,0,0,neutral,,
2009-01-28,Wednesday,False,,,0,0,0,neutral,,
2009-01-29,Thursday,False,,,1,0,0,neutral,"Governor of Illinois Rod Blagojevich is removed from office following his conviction of several corruption charges, including solicitation of personal benefit in exchange for an appointment to the United States Senate as a replacement for then-U.S. president-elect Barack Obama.",https://en.wikipedia.org/wiki/Governor_of_Illinois
2009-01-30,Friday,False,,,0,0,0,neutral,,
2009-01-31,Saturday,False,,,1,0,1,bad,"At least 113 people are killed in Kenya and over 200 injured following an oil spillage ignition in Molo, days after a massive fire at a Nakumatt supermarket in Nairobi killed at least 25 people.",https://en.wikipedia.org/wiki/Kenya
2009-02-01,Sunday,False,,,1,1,0,good,"The first cabinet of Jóhanna Sigurðardóttir was formed in Iceland, making her the country's first female prime minister and the world's first openly gay head of government.",https://en.wikipedia.org/wiki/First_cabinet_of_J%C3%B3hanna_Sigur%C3%B0ard%C3%B3ttir
2009-02-02,Monday,False,,,0,0,0,neutral,,
2009-02-03,Tuesday,False,,,0,0,0,neutral,,
2009-02-04,Wednesday,False,,,0,0,0,neutral,,
2009-02-05,Thursday,False,,,0,0,0,neutral,,
2009-02-06,Friday,False,,,0,0,0,neutral,,
2009-02-07,Saturday,False,,,1,0,1,bad,Bushfires in Victoria leave 173 dead in the worst natural disaster in Australia's history.,https://en.wikipedia.org/wiki/Black_Saturday_bushfires
2009-02-08,Sunday,False,,,0,0,0,neutral,,
2009-02-09,Monday,False,,,0,0,0,neutral,,
2009-02-10,Tuesday,False,,,1,0,0,neutral,"The communications satellites Iridium 33 and Kosmos 2251 collide in orbit, destroying both.",https://en.wikipedia.org/wiki/Communications_satellite
2009-02-11,Wednesday,False,,,0,0,0,neutral,,
2009-02-12,Thursday,False,,,1,0,1,bad,"Colgan Air Flight 3407 crashes into a house in Clarence Center, New York while on approach to Buffalo Niagara International Airport, killing all on board and one on the ground.",https://en.wikipedia.org/wiki/Colgan_Air_Flight_3407
2009-02-13,Friday,False,,,0,0,0,neutral,,
2009-02-14,Saturday,False,,,0,0,0,neutral,,
2009-02-15,Sunday,False,,,0,0,0,neutral,,
2009-02-16,Monday,False,,,0,0,0,neutral,,
2009-02-17,Tuesday,False,,,0,0,0,neutral,,
2009-02-18,Wednesday,False,,,0,0,0,neutral,,
2009-02-19,Thursday,False,,,0,0,0,neutral,,
2009-02-20,Friday,False,,,1,0,1,bad,"Two Tamil Tigers aircraft packed with C4 explosives en route to the national airforce headquarters are shot down by the Sri Lankan military before reaching their target, in a kamikaze style attack.",https://en.wikipedia.org/wiki/2009_suicide_air_raid_on_Colombo
2009-02-21,Saturday,False,,,0,0,0,neutral,,
2009-02-22,Sunday,False,,,0,0,0,neutral,,
2009-02-23,Monday,True,Maha Shivaratri,general,0,0,0,neutral,,
2009-02-24,Tuesday,False,,,0,0,0,neutral,,
2009-02-25,Wednesday,False,,,2,0,1,bad,"Soldiers of the Bangladesh Rifles mutiny at their headquarters in Pilkhana, Dhaka, Bangladesh, resulting in 74 deaths, including 57 army officials. || Turkish Airlines Flight 1951 crashed during landing at the Amsterdam Schiphol Airport, Netherlands, primarily due to a faulty radio altimeter, resulting in the death of nine passengers and crew including all three pilots.",https://en.wikipedia.org/wiki/Border_Guard_Bangladesh || https://en.wikipedia.org/wiki/Turkish_Airlines_Flight_1951
2009-02-26,Thursday,False,,,0,0,0,neutral,,
2009-02-27,Friday,False,,,1,0,1,bad,"Massereene Barracks shooting: The Real Irish Republican Army kills two British soldiers and injures two other soldiers and two civilians at Massereene Barracks, the first British military deaths in Northern Ireland since the end of The Troubles.",https://en.wikipedia.org/wiki/Massereene_Barracks_shooting
2009-02-28,Saturday,False,,,0,0,0,neutral,,
2009-03-01,Sunday,False,,,0,0,0,neutral,,
2009-03-02,Monday,False,,,0,0,0,neutral,,
2009-03-03,Tuesday,False,,,0,0,0,neutral,,
2009-03-04,Wednesday,False,,,0,0,0,neutral,,
2009-03-05,Thursday,False,,,0,0,0,neutral,,
2009-03-06,Friday,False,,,0,0,0,neutral,,
2009-03-07,Saturday,False,,,0,0,0,neutral,,
2009-03-08,Sunday,False,,,0,0,0,neutral,,
2009-03-09,Monday,True,Milad-un-Nabi,muslim,0,0,0,neutral,,
2009-03-10,Tuesday,False,,,0,0,0,neutral,,
2009-03-11,Wednesday,False,,,1,0,1,bad,"Winnenden school shooting: Fifteen are killed and nine are injured before recent graduate Tim Kretschmer shoots and kills himself, leading to tightened weapons restrictions in Germany.",https://en.wikipedia.org/wiki/2009_Winnenden_shootings
2009-03-12,Thursday,False,,,1,0,0,neutral,Financier Bernie Madoff pleads guilty to one of the largest frauds in Wall Street's history.,https://en.wikipedia.org/wiki/Bernie_Madoff
2009-03-13,Friday,False,,,0,0,0,neutral,,
2009-03-14,Saturday,False,,,0,0,0,neutral,,
2009-03-15,Sunday,False,,,0,0,0,neutral,,
2009-03-16,Monday,False,,,0,0,0,neutral,,
2009-03-17,Tuesday,False,,,0,0,0,neutral,,
2009-03-18,Wednesday,False,,,0,0,0,neutral,,
2009-03-19,Thursday,False,,,0,0,0,neutral,,
2009-03-20,Friday,False,,,0,0,0,neutral,,
2009-03-21,Saturday,False,,,0,0,0,neutral,,
2009-03-22,Sunday,False,,,0,0,0,neutral,,
2009-03-23,Monday,False,,,1,0,1,bad,"FedEx Express Flight 80: A McDonnell Douglas MD-11 flying from Guangzhou, China crashes at Tokyo's Narita International Airport, killing both the captain and the co-pilot.",https://en.wikipedia.org/wiki/FedEx_Express_Flight_80
2009-03-24,Tuesday,False,,,0,0,0,neutral,,
2009-03-25,Wednesday,False,,,0,0,0,neutral,,
2009-03-26,Thursday,False,,,0,0,0,neutral,,
2009-03-27,Friday,False,,,1,0,0,neutral,"The dam forming Situ Gintung, an artificial lake in Indonesia, fails, killing at least 99 people.",https://en.wikipedia.org/wiki/Situ_Gintung
2009-03-28,Saturday,False,,,0,0,0,neutral,,
2009-03-29,Sunday,False,,,0,0,0,neutral,,
2009-03-30,Monday,False,,,1,0,1,bad,"Twelve gunmen attack the Manawan Police Academy in Lahore, Pakistan.",https://en.wikipedia.org/wiki/2009_Lahore_police_academy_attack
2009-03-31,Tuesday,False,,,1,1,0,good,"Jiverly Antares Wong opens fire at the American Civic Association immigration center in Binghamton, New York, killing thirteen and wounding four before committing suicide.",https://en.wikipedia.org/wiki/2009_Binghamton_shooting
2009-04-01,Wednesday,False,,,1,0,0,neutral,France announces its return to full participation of its military forces within NATO.,https://en.wikipedia.org/wiki/France
2009-04-02,Thursday,False,,,0,0,0,neutral,,
2009-04-03,Friday,False,,,0,0,0,neutral,,
2009-04-04,Saturday,False,,,0,0,0,neutral,,
2009-04-05,Sunday,False,,,1,1,0,good,"North Korea launches its controversial Kwangmyŏngsŏng-2 satellite. The satellite passed over mainland Japan, which prompted an immediate reaction from the United Nations Security Council, as well as participating states of Six-party talks.",https://en.wikipedia.org/wiki/North_Korea
2009-04-06,Monday,False,,,1,0,1,bad,"A 6.3 magnitude earthquake strikes near L'Aquila, Italy, killing 307.",https://en.wikipedia.org/wiki/2009_L'Aquila_earthquake
2009-04-07,Tuesday,True,Mahavir Jayanti,general,2,0,1,bad,Former Peruvian President Alberto Fujimori is sentenced to 25 years in prison for ordering killings and kidnappings by security forces. || Mass protests begin across Moldova under the belief that results from the parliamentary election are fraudulent.,https://en.wikipedia.org/wiki/Peru || https://en.wikipedia.org/wiki/April_2009_Moldovan_parliamentary_election_protests
2009-04-08,Wednesday,False,,,0,0,0,neutral,,
2009-04-09,Thursday,False,,,1,0,0,neutral,"In Tbilisi, Georgia, up to 60,000 people protest against the government of Mikheil Saakashvili.",https://en.wikipedia.org/wiki/Tbilisi
2009-04-10,Friday,True,Good Friday,christian,1,0,0,neutral,"President of Fiji Ratu Josefa Iloilo announces the abrogation of the constitution and assumes all governance in the country, creating a constitutional crisis.",https://en.wikipedia.org/wiki/President_of_Fiji
2009-04-11,Saturday,False,,,0,0,0,neutral,,
2009-04-12,Sunday,False,,,1,0,0,neutral,Zimbabwe officially abandons the Zimbabwean dollar as its official currency.,https://en.wikipedia.org/wiki/Zimbabwe
2009-04-13,Monday,False,,,1,0,0,neutral,"A fire destroys a homeless hostel and kills at least 22 people in Kamień Pomorski, Poland.",https://en.wikipedia.org/wiki/Kamie%C5%84_Pomorski_homeless_hostel_fire
2009-04-14,Tuesday,False,,,0,0,0,neutral,,
2009-04-15,Wednesday,False,,,0,0,0,neutral,,
2009-04-16,Thursday,False,,,0,0,0,neutral,,
2009-04-17,Friday,False,,,0,0,0,neutral,,
2009-04-18,Saturday,False,,,0,0,0,neutral,,
2009-04-19,Sunday,False,,,0,0,0,neutral,,
2009-04-20,Monday,False,,,0,0,0,neutral,,
2009-04-21,Tuesday,False,,,0,0,0,neutral,,
2009-04-22,Wednesday,False,,,0,0,0,neutral,,
2009-04-23,Thursday,False,,,0,0,0,neutral,,
2009-04-24,Friday,False,,,0,0,0,neutral,,
2009-04-25,Saturday,False,,,0,0,0,neutral,,
2009-04-26,Sunday,False,,,0,0,0,neutral,,
2009-04-27,Monday,False,,,0,0,0,neutral,,
2009-04-28,Tuesday,False,,,0,0,0,neutral,,
2009-04-29,Wednesday,False,,,0,0,0,neutral,,
2009-04-30,Thursday,False,,,2,0,1,bad,"Chrysler files for Chapter 11 bankruptcy. || Seven civilians and the perpetrator are killed and another ten injured at a Queen's Day parade in Apeldoorn, Netherlands in an attempted assassination on Queen Beatrix.",https://en.wikipedia.org/wiki/Chrysler || https://en.wikipedia.org/wiki/2009_attack_on_the_Dutch_royal_family
2009-05-01,Friday,False,,,1,0,0,neutral,Same-sex marriage is legalized in Sweden.,https://en.wikipedia.org/wiki/Same-sex_marriage_in_Sweden
2009-05-02,Saturday,False,,,0,0,0,neutral,,
2009-05-03,Sunday,False,,,0,0,0,neutral,,
2009-05-04,Monday,False,,,0,0,0,neutral,,
2009-05-05,Tuesday,False,,,0,0,0,neutral,,
2009-05-06,Wednesday,False,,,0,0,0,neutral,,
2009-05-07,Thursday,False,,,0,0,0,neutral,,
2009-05-08,Friday,True,Buddha Purnima,general,0,0,0,neutral,,
2009-05-09,Saturday,False,,,0,0,0,neutral,,
2009-05-10,Sunday,False,,,0,0,0,neutral,,
2009-05-11,Monday,False,,,2,2,0,good,"An American soldier in Iraq opens fire on a counseling center at Camp Liberty in Baghdad, killing five other US soldiers and wounding three. || Space Shuttle Atlantis is launched on the final mission to service the Hubble Space Telescope.",https://en.wikipedia.org/wiki/Iraq || https://en.wikipedia.org/wiki/Space_Shuttle_Atlantis
2009-05-12,Tuesday,False,,,0,0,0,neutral,,
2009-05-13,Wednesday,False,,,0,0,0,neutral,,
2009-05-14,Thursday,False,,,0,0,0,neutral,,
2009-05-15,Friday,False,,,0,0,0,neutral,,
2009-05-16,Saturday,False,,,0,0,0,neutral,,
2009-05-17,Sunday,False,,,0,0,0,neutral,,
2009-05-18,Monday,False,,,0,0,0,neutral,,
2009-05-19,Tuesday,False,,,0,0,0,neutral,,
2009-05-20,Wednesday,False,,,0,0,0,neutral,,
2009-05-21,Thursday,False,,,0,0,0,neutral,,
2009-05-22,Friday,False,,,0,0,0,neutral,,
2009-05-23,Saturday,False,,,0,0,0,neutral,,
2009-05-24,Sunday,False,,,0,0,0,neutral,,
2009-05-25,Monday,False,,,0,0,0,neutral,,
2009-05-26,Tuesday,False,,,0,0,0,neutral,,
2009-05-27,Wednesday,False,,,0,0,0,neutral,,
2009-05-28,Thursday,False,,,0,0,0,neutral,,
2009-05-29,Friday,False,,,0,0,0,neutral,,
2009-05-30,Saturday,False,,,0,0,0,neutral,,
2009-05-31,Sunday,False,,,0,0,0,neutral,,
2009-06-01,Monday,False,,,0,0,0,neutral,,
2009-06-02,Tuesday,False,,,0,0,0,neutral,,
2009-06-03,Wednesday,False,,,0,0,0,neutral,,
2009-06-04,Thursday,False,,,0,0,0,neutral,,
2009-06-05,Friday,False,,,0,0,0,neutral,,
2009-06-06,Saturday,False,,,0,0,0,neutral,,
2009-06-07,Sunday,False,,,0,0,0,neutral,,
2009-06-08,Monday,False,,,0,0,0,neutral,,
2009-06-09,Tuesday,False,,,0,0,0,neutral,,
2009-06-10,Wednesday,False,,,0,0,0,neutral,,
2009-06-11,Thursday,False,,,0,0,0,neutral,,
2009-06-12,Friday,False,,,0,0,0,neutral,,
2009-06-13,Saturday,False,,,0,0,0,neutral,,
2009-06-14,Sunday,False,,,0,0,0,neutral,,
2009-06-15,Monday,False,,,0,0,0,neutral,,
2009-06-16,Tuesday,False,,,0,0,0,neutral,,
2009-06-17,Wednesday,False,,,0,0,0,neutral,,
2009-06-18,Thursday,False,,,0,0,0,neutral,,
2009-06-19,Friday,False,,,0,0,0,neutral,,
2009-06-20,Saturday,False,,,0,0,0,neutral,,
2009-06-21,Sunday,False,,,0,0,0,neutral,,
2009-06-22,Monday,False,,,0,0,0,neutral,,
2009-06-23,Tuesday,False,,,0,0,0,neutral,,
2009-06-24,Wednesday,False,,,0,0,0,neutral,,
2009-06-25,Thursday,False,,,0,0,0,neutral,,
2009-06-26,Friday,False,,,0,0,0,neutral,,
2009-06-27,Saturday,False,,,0,0,0,neutral,,
2009-06-28,Sunday,False,,,0,0,0,neutral,,
2009-06-29,Monday,False,,,0,0,0,neutral,,
2009-06-30,Tuesday,False,,,0,0,0,neutral,,
2009-07-01,Wednesday,False,,,0,0,0,neutral,,
2009-07-02,Thursday,False,,,0,0,0,neutral,,
2009-07-03,Friday,False,,,0,0,0,neutral,,
2009-07-04,Saturday,False,,,0,0,0,neutral,,
2009-07-05,Sunday,False,,,0,0,0,neutral,,
2009-07-06,Monday,False,,,0,0,0,neutral,,
2009-07-07,Tuesday,False,,,0,0,0,neutral,,
2009-07-08,Wednesday,False,,,0,0,0,neutral,,
2009-07-09,Thursday,False,,,0,0,0,neutral,,
2009-07-10,Friday,False,,,0,0,0,neutral,,
2009-07-11,Saturday,False,,,0,0,0,neutral,,
2009-07-12,Sunday,False,,,0,0,0,neutral,,
2009-07-13,Monday,False,,,0,0,0,neutral,,
2009-07-14,Tuesday,False,,,0,0,0,neutral,,
2009-07-15,Wednesday,False,,,0,0,0,neutral,,
2009-07-16,Thursday,False,,,0,0,0,neutral,,
2009-07-17,Friday,False,,,0,0,0,neutral,,
2009-07-18,Saturday,False,,,0,0,0,neutral,,
2009-07-19,Sunday,False,,,0,0,0,neutral,,
2009-07-20,Monday,False,,,0,0,0,neutral,,
2009-07-21,Tuesday,False,,,0,0,0,neutral,,
2009-07-22,Wednesday,False,,,0,0,0,neutral,,
2009-07-23,Thursday,False,,,0,0,0,neutral,,
2009-07-24,Friday,False,,,0,0,0,neutral,,
2009-07-25,Saturday,False,,,0,0,0,neutral,,
2009-07-26,Sunday,False,,,0,0,0,neutral,,
2009-07-27,Monday,False,,,0,0,0,neutral,,
2009-07-28,Tuesday,False,,,0,0,0,neutral,,
2009-07-29,Wednesday,False,,,0,0,0,neutral,,
2009-07-30,Thursday,False,,,0,0,0,neutral,,
2009-07-31,Friday,False,,,0,0,0,neutral,,
2009-08-01,Saturday,False,,,0,0,0,neutral,,
2009-08-02,Sunday,False,,,0,0,0,neutral,,
2009-08-03,Monday,False,,,0,0,0,neutral,,
2009-08-04,Tuesday,False,,,0,0,0,neutral,,
2009-08-05,Wednesday,False,,,0,0,0,neutral,,
2009-08-06,Thursday,False,,,0,0,0,neutral,,
2009-08-07,Friday,False,,,0,0,0,neutral,,
2009-08-08,Saturday,False,,,0,0,0,neutral,,
2009-08-09,Sunday,False,,,0,0,0,neutral,,
2009-08-10,Monday,False,,,0,0,0,neutral,,
2009-08-11,Tuesday,False,,,0,0,0,neutral,,
2009-08-12,Wednesday,False,,,0,0,0,neutral,,
2009-08-13,Thursday,False,,,0,0,0,neutral,,
2009-08-14,Friday,True,Janmashtami,hindu,0,0,0,neutral,,
2009-08-15,Saturday,True,Independence Day,general,0,0,0,neutral,,
2009-08-16,Sunday,False,,,0,0,0,neutral,,
2009-08-17,Monday,False,,,0,0,0,neutral,,
2009-08-18,Tuesday,False,,,0,0,0,neutral,,
2009-08-19,Wednesday,False,,,0,0,0,neutral,,
2009-08-20,Thursday,False,,,0,0,0,neutral,,
2009-08-21,Friday,False,,,0,0,0,neutral,,
2009-08-22,Saturday,False,,,0,0,0,neutral,,
2009-08-23,Sunday,False,,,0,0,0,neutral,,
2009-08-24,Monday,False,,,0,0,0,neutral,,
2009-08-25,Tuesday,False,,,0,0,0,neutral,,
2009-08-26,Wednesday,False,,,0,0,0,neutral,,
2009-08-27,Thursday,False,,,0,0,0,neutral,,
2009-08-28,Friday,False,,,0,0,0,neutral,,
2009-08-29,Saturday,False,,,0,0,0,neutral,,
2009-08-30,Sunday,False,,,0,0,0,neutral,,
2009-08-31,Monday,False,,,0,0,0,neutral,,
2009-09-01,Tuesday,False,,,0,0,0,neutral,,
2009-09-02,Wednesday,False,,,0,0,0,neutral,,
2009-09-03,Thursday,False,,,0,0,0,neutral,,
2009-09-04,Friday,False,,,0,0,0,neutral,,
2009-09-05,Saturday,False,,,0,0,0,neutral,,
2009-09-06,Sunday,False,,,0,0,0,neutral,,
2009-09-07,Monday,False,,,0,0,0,neutral,,
2009-09-08,Tuesday,False,,,0,0,0,neutral,,
2009-09-09,Wednesday,False,,,0,0,0,neutral,,
2009-09-10,Thursday,False,,,0,0,0,neutral,,
2009-09-11,Friday,False,,,0,0,0,neutral,,
2009-09-12,Saturday,False,,,0,0,0,neutral,,
2009-09-13,Sunday,False,,,0,0,0,neutral,,
2009-09-14,Monday,False,,,0,0,0,neutral,,
2009-09-15,Tuesday,False,,,0,0,0,neutral,,
2009-09-16,Wednesday,False,,,0,0,0,neutral,,
2009-09-17,Thursday,False,,,0,0,0,neutral,,
2009-09-18,Friday,False,,,0,0,0,neutral,,
2009-09-19,Saturday,False,,,0,0,0,neutral,,
2009-09-20,Sunday,False,,,0,0,0,neutral,,
2009-09-21,Monday,True,Id-ul-Fitr,general,0,0,0,neutral,,
2009-09-22,Tuesday,False,,,0,0,0,neutral,,
2009-09-23,Wednesday,False,,,0,0,0,neutral,,
2009-09-24,Thursday,False,,,0,0,0,neutral,,
2009-09-25,Friday,False,,,0,0,0,neutral,,
2009-09-26,Saturday,False,,,0,0,0,neutral,,
2009-09-27,Sunday,False,,,0,0,0,neutral,,
2009-09-28,Monday,True,Dussehra,hindu,0,0,0,neutral,,
2009-09-29,Tuesday,False,,,0,0,0,neutral,,
2009-09-30,Wednesday,False,,,0,0,0,neutral,,
2009-10-01,Thursday,False,,,0,0,0,neutral,,
2009-10-02,Friday,True,Gandhi Jayanti,general,0,0,0,neutral,,
2009-10-03,Saturday,False,,,0,0,0,neutral,,
2009-10-04,Sunday,False,,,0,0,0,neutral,,
2009-10-05,Monday,False,,,0,0,0,neutral,,
2009-10-06,Tuesday,False,,,0,0,0,neutral,,
2009-10-07,Wednesday,False,,,0,0,0,neutral,,
2009-10-08,Thursday,False,,,0,0,0,neutral,,
2009-10-09,Friday,False,,,0,0,0,neutral,,
2009-10-10,Saturday,False,,,0,0,0,neutral,,
2009-10-11,Sunday,False,,,0,0,0,neutral,,
2009-10-12,Monday,False,,,0,0,0,neutral,,
2009-10-13,Tuesday,False,,,0,0,0,neutral,,
2009-10-14,Wednesday,False,,,0,0,0,neutral,,
2009-10-15,Thursday,False,,,0,0,0,neutral,,
2009-10-16,Friday,False,,,0,0,0,neutral,,
2009-10-17,Saturday,True,Diwali,hindu,0,0,0,neutral,,
2009-10-18,Sunday,False,,,0,0,0,neutral,,
2009-10-19,Monday,False,,,0,0,0,neutral,,
2009-10-20,Tuesday,False,,,0,0,0,neutral,,
2009-10-21,Wednesday,False,,,0,0,0,neutral,,
2009-10-22,Thursday,False,,,0,0,0,neutral,,
2009-10-23,Friday,False,,,0,0,0,neutral,,
2009-10-24,Saturday,False,,,0,0,0,neutral,,
2009-10-25,Sunday,False,,,0,0,0,neutral,,
2009-10-26,Monday,False,,,0,0,0,neutral,,
2009-10-27,Tuesday,False,,,0,0,0,neutral,,
2009-10-28,Wednesday,False,,,0,0,0,neutral,,
2009-10-29,Thursday,False,,,0,0,0,neutral,,
2009-10-30,Friday,False,,,0,0,0,neutral,,
2009-10-31,Saturday,False,,,0,0,0,neutral,,
2009-11-01,Sunday,False,,,0,0,0,neutral,,
2009-11-02,Monday,True,Guru Nanak Jayanti,sikh,0,0,0,neutral,,
2009-11-03,Tuesday,False,,,0,0,0,neutral,,
2009-11-04,Wednesday,False,,,0,0,0,neutral,,
2009-11-05,Thursday,False,,,0,0,0,neutral,,
2009-11-06,Friday,False,,,0,0,0,neutral,,
2009-11-07,Saturday,False,,,0,0,0,neutral,,
2009-11-08,Sunday,False,,,0,0,0,neutral,,
2009-11-09,Monday,False,,,0,0,0,neutral,,
2009-11-10,Tuesday,False,,,0,0,0,neutral,,
2009-11-11,Wednesday,False,,,0,0,0,neutral,,
2009-11-12,Thursday,False,,,0,0,0,neutral,,
2009-11-13,Friday,False,,,0,0,0,neutral,,
2009-11-14,Saturday,False,,,0,0,0,neutral,,
2009-11-15,Sunday,False,,,0,0,0,neutral,,
2009-11-16,Monday,False,,,0,0,0,neutral,,
2009-11-17,Tuesday,False,,,0,0,0,neutral,,
2009-11-18,Wednesday,False,,,0,0,0,neutral,,
2009-11-19,Thursday,False,,,0,0,0,neutral,,
2009-11-20,Friday,False,,,0,0,0,neutral,,
2009-11-21,Saturday,False,,,0,0,0,neutral,,
2009-11-22,Sunday,False,,,0,0,0,neutral,,
2009-11-23,Monday,False,,,0,0,0,neutral,,
2009-11-24,Tuesday,False,,,0,0,0,neutral,,
2009-11-25,Wednesday,False,,,0,0,0,neutral,,
2009-11-26,Thursday,False,,,0,0,0,neutral,,
2009-11-27,Friday,False,,,0,0,0,neutral,,
2009-11-28,Saturday,True,Bakrid,muslim,0,0,0,neutral,,
2009-11-29,Sunday,False,,,0,0,0,neutral,,
2009-11-30,Monday,False,,,0,0,0,neutral,,
2009-12-01,Tuesday,False,,,0,0,0,neutral,,
2009-12-02,Wednesday,False,,,0,0,0,neutral,,
2009-12-03,Thursday,False,,,0,0,0,neutral,,
2009-12-04,Friday,False,,,0,0,0,neutral,,
2009-12-05,Saturday,False,,,0,0,0,neutral,,
2009-12-06,Sunday,False,,,0,0,0,neutral,,
2009-12-07,Monday,False,,,0,0,0,neutral,,
2009-12-08,Tuesday,False,,,0,0,0,neutral,,
2009-12-09,Wednesday,False,,,0,0,0,neutral,,
2009-12-10,Thursday,False,,,0,0,0,neutral,,
2009-12-11,Friday,False,,,0,0,0,neutral,,
2009-12-12,Saturday,False,,,0,0,0,neutral,,
2009-12-13,Sunday,False,,,0,0,0,neutral,,
2009-12-14,Monday,False,,,0,0,0,neutral,,
2009-12-15,Tuesday,False,,,0,0,0,neutral,,
2009-12-16,Wednesday,False,,,0,0,0,neutral,,
2009-12-17,Thursday,False,,,0,0,0,neutral,,
2009-12-18,Friday,False,,,0,0,0,neutral,,
2009-12-19,Saturday,False,,,0,0,0,neutral,,
2009-12-20,Sunday,False,,,0,0,0,neutral,,
2009-12-21,Monday,False,,,0,0,0,neutral,,
2009-12-22,Tuesday,False,,,0,0,0,neutral,,
2009-12-23,Wednesday,False,,,0,0,0,neutral,,
2009-12-24,Thursday,False,,,0,0,0,neutral,,
2009-12-25,Friday,True,Christmas,christian,0,0,0,neutral,,
2009-12-26,Saturday,False,,,0,0,0,neutral,,
2009-12-27,Sunday,False,,,0,0,0,neutral,,
2009-12-28,Monday,True,Muharram,muslim,0,0,0,neutral,,
2009-12-29,Tuesday,False,,,0,0,0,neutral,,
2009-12-30,Wednesday,False,,,0,0,0,neutral,,
2009-12-31,Thursday,False,,,0,0,0,neutral,,
2010-01-01,Friday,False,,,1,0,1,bad,"A suicide car bomber detonates at a volleyball tournament in Lakki Marwat, Pakistan, killing 105 and injuring 100 more.",https://en.wikipedia.org/wiki/2010_Lakki_Marwat_suicide_bombing
2010-01-02,Saturday,False,,,0,0,0,neutral,,
2010-01-03,Sunday,False,,,0,0,0,neutral,,
2010-01-04,Monday,False,,,0,0,0,neutral,,
2010-01-05,Tuesday,False,,,0,0,0,neutral,,
2010-01-06,Wednesday,False,,,0,0,0,neutral,,
2010-01-07,Thursday,False,,,0,0,0,neutral,,
2010-01-08,Friday,False,,,1,0,1,bad,"Gunmen from an offshoot of the Front for the Liberation of the Enclave of Cabinda attack a bus carrying the Togo national football team on its way to the 2010 Africa Cup of Nations, killing three people and injuring another nine.",https://en.wikipedia.org/wiki/Front_for_the_Liberation_of_the_Enclave_of_Cabinda
2010-01-09,Saturday,False,,,0,0,0,neutral,,
2010-01-10,Sunday,False,,,0,0,0,neutral,,
2010-01-11,Monday,False,,,1,0,1,bad,"Rioting begins between Muslim and Christian groups in Jos, Nigeria, results in at least 200 deaths.",https://en.wikipedia.org/wiki/2010_Jos_riots
2010-01-12,Tuesday,False,,,1,0,1,bad,"An earthquake in Haiti occurs, killing between 220,000 and 300,000 people and destroying much of the capital Port-au-Prince.",https://en.wikipedia.org/wiki/2010_Haiti_earthquake
2010-01-13,Wednesday,False,,,0,0,0,neutral,,
2010-01-14,Thursday,False,,,1,0,1,bad,Yemen declares an open war against the terrorist group al-Qaeda.,https://en.wikipedia.org/wiki/Al-Qaeda_insurgency_in_Yemen
2010-01-15,Friday,False,,,0,0,0,neutral,,
2010-01-16,Saturday,False,,,1,1,0,good,"The Burj Khalifa, the current tallest building in the world, officially opens in Dubai.",https://en.wikipedia.org/wiki/Burj_Khalifa
2010-01-17,Sunday,False,,,0,0,0,neutral,,
2010-01-18,Monday,False,,,0,0,0,neutral,,
2010-01-19,Tuesday,False,,,0,0,0,neutral,,
2010-01-20,Wednesday,False,,,0,0,0,neutral,,
2010-01-21,Thursday,False,,,0,0,0,neutral,,
2010-01-22,Friday,False,,,0,0,0,neutral,,
2010-01-23,Saturday,False,,,0,0,0,neutral,,
2010-01-24,Sunday,False,,,0,0,0,neutral,,
2010-01-25,Monday,False,,,1,0,1,bad,"Ethiopian Airlines Flight 409 crashes into the Mediterranean Sea off the coast of Na'ameh, Lebanon, killing 90.",https://en.wikipedia.org/wiki/Ethiopian_Airlines_Flight_409
2010-01-26,Tuesday,True,Republic Day,general,0,0,0,neutral,,
2010-01-27,Wednesday,False,,,2,0,0,neutral,The 2009 Honduran constitutional crisis ends when Porfirio Lobo Sosa becomes the new President of Honduras. || Apple announces the iPad.,https://en.wikipedia.org/wiki/2009_Honduran_constitutional_crisis || https://en.wikipedia.org/wiki/Apple_Inc.
2010-01-28,Thursday,False,,,0,0,0,neutral,,
2010-01-29,Friday,False,,,0,0,0,neutral,,
2010-01-30,Saturday,False,,,0,0,0,neutral,,
2010-01-31,Sunday,False,,,0,0,0,neutral,,
2010-02-01,Monday,False,,,0,0,0,neutral,,
2010-02-02,Tuesday,False,,,0,0,0,neutral,,
2010-02-03,Wednesday,False,,,0,0,0,neutral,,
2010-02-04,Thursday,False,,,0,0,0,neutral,,
2010-02-05,Friday,False,,,0,0,0,neutral,,
2010-02-06,Saturday,False,,,0,0,0,neutral,,
2010-02-07,Sunday,False,,,0,0,0,neutral,,
2010-02-08,Monday,False,,,1,0,0,neutral,"Over 2 miles (3.2 km) of road are buried after a storm in the Hindu Kush mountains of Afghanistan triggers a series of avalanches, killing at least 172 people and trapping over 2,000 others.",https://en.wikipedia.org/wiki/Hindu_Kush
2010-02-09,Tuesday,False,,,0,0,0,neutral,,
2010-02-10,Wednesday,False,,,0,0,0,neutral,,
2010-02-11,Thursday,False,,,0,0,0,neutral,,
2010-02-12,Friday,True,Maha Shivaratri,general,0,0,0,neutral,,
2010-02-13,Saturday,False,,,1,0,1,bad,"A bomb explodes in the city of Pune, Maharashtra, India, killing 17 and injuring 60 more.",https://en.wikipedia.org/wiki/2010_Pune_bombing
2010-02-14,Sunday,False,,,0,0,0,neutral,,
2010-02-15,Monday,False,,,0,0,0,neutral,,
2010-02-16,Tuesday,False,,,1,0,0,neutral,"Two trains collide in the Halle train collision in Halle, Belgium, killing 19 and injuring 171 people.",https://en.wikipedia.org/wiki/Halle_train_collision
2010-02-17,Wednesday,False,,,0,0,0,neutral,,
2010-02-18,Thursday,False,,,1,1,0,good,WikiLeaks publishes the first of hundreds of thousands of classified documents disclosed by the soldier now known as Chelsea Manning.,https://en.wikipedia.org/wiki/WikiLeaks
2010-02-19,Friday,False,,,0,0,0,neutral,,
2010-02-20,Saturday,False,,,1,0,1,bad,"In Madeira Island, Portugal, heavy rain causes floods and mudslides, resulting in at least 43 deaths, in the worst disaster in the history of the archipelago.",https://en.wikipedia.org/wiki/2010_Madeira_floods_and_mudslides
2010-02-21,Sunday,False,,,0,0,0,neutral,,
2010-02-22,Monday,False,,,0,0,0,neutral,,
2010-02-23,Tuesday,False,,,1,0,1,bad,"Unknown criminals pour more than 2+1⁄2 million liters of diesel oil and other hydrocarbons into the river Lambro, in northern Italy, sparking an environmental disaster.",https://en.wikipedia.org/wiki/Diesel_fuel
2010-02-24,Wednesday,False,,,0,0,0,neutral,,
2010-02-25,Thursday,False,,,0,0,0,neutral,,
2010-02-26,Friday,False,,,0,0,0,neutral,,
2010-02-27,Saturday,True,Milad-un-Nabi,muslim,0,0,0,neutral,,
2010-02-28,Sunday,False,,,0,0,0,neutral,,
2010-03-01,Monday,False,,,0,0,0,neutral,,
2010-03-02,Tuesday,False,,,1,0,1,bad,"An earthquake measuring 8.8 on the moment magnitude scale strikes central parts of Chile leaving over 500 victims, and thousands injured. The quake triggers a tsunami which strikes Hawaii shortly after.",https://en.wikipedia.org/wiki/2010_Chile_earthquake
2010-03-03,Wednesday,False,,,0,0,0,neutral,,
2010-03-04,Thursday,False,,,0,0,0,neutral,,
2010-03-05,Friday,False,,,0,0,0,neutral,,
2010-03-06,Saturday,False,,,0,0,0,neutral,,
2010-03-07,Sunday,False,,,1,0,0,neutral,"Headlined by Hulk Hogan and Ric Flair, TNA Wrestling moved its flagship program, TNA Impact!, to Monday night. This effort to go ""big time live"" failed but is notable in the history of professional wrestling television.",https://en.wikipedia.org/wiki/Hulk_Hogan
2010-03-08,Monday,False,,,0,0,0,neutral,,
2010-03-09,Tuesday,False,,,0,0,0,neutral,,
2010-03-10,Wednesday,False,,,0,0,0,neutral,,
2010-03-11,Thursday,False,,,1,0,1,bad,Economist and businessman Sebastián Piñera is sworn in as President of Chile. Aftershocks of the 2010 Pichilemu earthquakes hit central Chile during the ceremony.,https://en.wikipedia.org/wiki/Sebasti%C3%A1n_Pi%C3%B1era
2010-03-12,Friday,False,,,0,0,0,neutral,,
2010-03-13,Saturday,False,,,0,0,0,neutral,,
2010-03-14,Sunday,False,,,0,0,0,neutral,,
2010-03-15,Monday,False,,,0,0,0,neutral,,
2010-03-16,Tuesday,False,,,1,0,0,neutral,"The Kasubi Tombs, Uganda's only cultural World Heritage Site, are destroyed in a fire.",https://en.wikipedia.org/wiki/Kasubi_Tombs
2010-03-17,Wednesday,False,,,0,0,0,neutral,,
2010-03-18,Thursday,False,,,0,0,0,neutral,,
2010-03-19,Friday,False,,,0,0,0,neutral,,
2010-03-20,Saturday,False,,,1,0,0,neutral,"Eyjafjallajökull in Iceland begins eruptions that would last for three months, heavily disrupting air travel in Europe.",https://en.wikipedia.org/wiki/Eyjafjallaj%C3%B6kull
2010-03-21,Sunday,False,,,0,0,0,neutral,,
2010-03-22,Monday,False,,,0,0,0,neutral,,
2010-03-23,Tuesday,False,,,1,0,0,neutral,The Affordable Care Act becomes law in the United States.,https://en.wikipedia.org/wiki/Affordable_Care_Act
2010-03-24,Wednesday,False,,,0,0,0,neutral,,
2010-03-25,Thursday,False,,,0,0,0,neutral,,
2010-03-26,Friday,False,,,1,0,0,neutral,"The South Korean Navy corvette Cheonan is torpedoed, killing 46 sailors. After an international investigation, the President of the United Nations Security Council blames North Korea.",https://en.wikipedia.org/wiki/ROKS_Cheonan
2010-03-27,Saturday,False,,,0,0,0,neutral,,
2010-03-28,Sunday,False,,,0,0,0,neutral,,
2010-03-29,Monday,False,,,1,0,1,bad,"Two suicide bombers hit the Moscow Metro system at the peak of the morning rush hour, killing 40.",https://en.wikipedia.org/wiki/2010_Moscow_Metro_bombings
2010-03-30,Tuesday,False,,,0,0,0,neutral,,
2010-03-31,Wednesday,False,,,1,1,0,good,"Apple Inc. released the first generation iPad, a tablet computer.",https://en.wikipedia.org/wiki/Apple_Inc.
2010-04-01,Thursday,False,,,1,0,1,bad,"A magnitude 7.2 earthquake hits south of the Mexico-USA border, killing at least two and damaging buildings across the two countries.",https://en.wikipedia.org/wiki/2010_Baja_California_earthquake
2010-04-02,Friday,True,Good Friday,christian,0,0,0,neutral,,
2010-04-03,Saturday,False,,,0,0,0,neutral,,
2010-04-04,Sunday,False,,,0,0,0,neutral,,
2010-04-05,Monday,False,,,3,1,2,bad,Up to 50 people are killed and another 100 injured in two militant suicide bombings and attacks in Khyber Pakhtunkhwa province of Pakistan: the first on an Awami National Party rally in Timergara; the second on the U.S. Consulate in Peshawar. || Twenty-nine coal miners are killed in an explosion at the Upper Big Branch Mine in West Virginia. || Space Shuttle Discovery is launched on STS-131 to resupply the International Space Station.,https://en.wikipedia.org/wiki/5_April_2010_North-West_Frontier_Province_attacks || https://en.wikipedia.org/wiki/Upper_Big_Branch_Mine_disaster || https://en.wikipedia.org/wiki/Space_Shuttle_Discovery
2010-04-06,Tuesday,False,,,1,0,0,neutral,"Maoist rebels kill 76 CRPF officers in Dantewada district, India.",https://en.wikipedia.org/wiki/April_2010_Maoist_attack_in_Dantewada
2010-04-07,Wednesday,False,,,0,0,0,neutral,,
2010-04-08,Thursday,False,,,1,1,0,good,U.S. President Barack Obama and Russian President Dmitry Medvedev sign the New START Treaty.,https://en.wikipedia.org/wiki/Barack_Obama
2010-04-09,Friday,False,,,0,0,0,neutral,,
2010-04-10,Saturday,False,,,1,0,1,bad,"Polish Air Force Tu-154M crashes near Smolensk, Russia, killing 96 people, including Polish President Lech Kaczyński, his wife, and dozens of other senior officials and dignitaries.",https://en.wikipedia.org/wiki/Polish_Air_Force
2010-04-11,Sunday,False,,,0,0,0,neutral,,
2010-04-12,Monday,False,,,1,0,0,neutral,Merano derailment: A rail accident in South Tyrol kills nine people and injures a further 28.,https://en.wikipedia.org/wiki/Merano_derailment
2010-04-13,Tuesday,False,,,0,0,0,neutral,,
2010-04-14,Wednesday,False,,,0,0,0,neutral,,
2010-04-15,Thursday,False,,,0,0,0,neutral,,
2010-04-16,Friday,False,,,0,0,0,neutral,,
2010-04-17,Saturday,False,,,0,0,0,neutral,,
2010-04-18,Sunday,False,,,0,0,0,neutral,,
2010-04-19,Monday,False,,,0,0,0,neutral,,
2010-04-20,Tuesday,False,,,0,0,0,neutral,,
2010-04-21,Wednesday,False,,,1,1,0,good,"The controversial Kharkiv Pact (Russian Ukrainian Naval Base for Gas Treaty) is signed in Kharkiv, Ukraine, by Ukrainian president Viktor Yanukovych and Russian president Dmitry Medvedev; it was unilaterally terminated by Russia on March 31, 2014.",https://en.wikipedia.org/wiki/Kharkiv_Pact
2010-04-22,Thursday,False,,,0,0,0,neutral,,
2010-04-23,Friday,False,,,0,0,0,neutral,,
2010-04-24,Saturday,False,,,0,0,0,neutral,,
2010-04-25,Sunday,False,,,0,0,0,neutral,,
2010-04-26,Monday,False,,,0,0,0,neutral,,
2010-04-27,Tuesday,False,,,0,0,0,neutral,,
2010-04-28,Wednesday,True,Mahavir Jayanti,general,1,0,0,neutral,"The Deepwater Horizon drilling rig explodes in the Gulf of Mexico, killing eleven workers and beginning an oil spill that lasted six months.",https://en.wikipedia.org/wiki/Deepwater_Horizon
2010-04-29,Thursday,False,,,0,0,0,neutral,,
2010-04-30,Friday,False,,,0,0,0,neutral,,
2010-05-01,Saturday,False,,,1,0,1,bad,"Faisal Shahzad attempts to detonate a car bomb in Times Square, but the bomb fails to go off.",https://en.wikipedia.org/wiki/Faisal_Shahzad
2010-05-02,Sunday,False,,,0,0,0,neutral,,
2010-05-03,Monday,False,,,0,0,0,neutral,,
2010-05-04,Tuesday,False,,,0,0,0,neutral,,
2010-05-05,Wednesday,False,,,1,0,0,neutral,Mass protests in Greece erupt in response to austerity measures imposed by the government as a result of the Greek government-debt crisis.,https://en.wikipedia.org/wiki/Anti-austerity_movement_in_Greece
2010-05-06,Thursday,False,,,1,0,1,bad,"In just 36 minutes, the Dow Jones Industrial Average plunged nearly 1,000 points in what is known as the 2010 Flash Crash.",https://en.wikipedia.org/wiki/Dow_Jones_Industrial_Average
2010-05-07,Friday,False,,,0,0,0,neutral,,
2010-05-08,Saturday,False,,,0,0,0,neutral,,
2010-05-09,Sunday,False,,,0,0,0,neutral,,
2010-05-10,Monday,False,,,0,0,0,neutral,,
2010-05-11,Tuesday,False,,,1,0,1,bad,David Cameron takes office as Prime Minister of the United Kingdom as the Conservatives and Liberal Democrats form the country's first coalition government since the Second World War.,https://en.wikipedia.org/wiki/David_Cameron
2010-05-12,Wednesday,False,,,0,0,0,neutral,,
2010-05-13,Thursday,False,,,0,0,0,neutral,,
2010-05-14,Friday,False,,,0,0,0,neutral,,
2010-05-15,Saturday,False,,,0,0,0,neutral,,
2010-05-16,Sunday,False,,,0,0,0,neutral,,
2010-05-17,Monday,False,,,0,0,0,neutral,,
2010-05-18,Tuesday,False,,,0,0,0,neutral,,
2010-05-19,Wednesday,False,,,0,0,0,neutral,,
2010-05-20,Thursday,False,,,0,0,0,neutral,,
2010-05-21,Friday,False,,,0,0,0,neutral,,
2010-05-22,Saturday,False,,,0,0,0,neutral,,
2010-05-23,Sunday,False,,,0,0,0,neutral,,
2010-05-24,Monday,False,,,0,0,0,neutral,,
2010-05-25,Tuesday,False,,,0,0,0,neutral,,
2010-05-26,Wednesday,False,,,0,0,0,neutral,,
2010-05-27,Thursday,True,Buddha Purnima,general,0,0,0,neutral,,
2010-05-28,Friday,False,,,0,0,0,neutral,,
2010-05-29,Saturday,False,,,0,0,0,neutral,,
2010-05-30,Sunday,False,,,0,0,0,neutral,,
2010-05-31,Monday,False,,,0,0,0,neutral,,
2010-06-01,Tuesday,False,,,0,0,0,neutral,,
2010-06-02,Wednesday,False,,,0,0,0,neutral,,
2010-06-03,Thursday,False,,,0,0,0,neutral,,
2010-06-04,Friday,False,,,0,0,0,neutral,,
2010-06-05,Saturday,False,,,0,0,0,neutral,,
2010-06-06,Sunday,False,,,0,0,0,neutral,,
2010-06-07,Monday,False,,,0,0,0,neutral,,
2010-06-08,Tuesday,False,,,0,0,0,neutral,,
2010-06-09,Wednesday,False,,,0,0,0,neutral,,
2010-06-10,Thursday,False,,,0,0,0,neutral,,
2010-06-11,Friday,False,,,0,0,0,neutral,,
2010-06-12,Saturday,False,,,0,0,0,neutral,,
2010-06-13,Sunday,False,,,0,0,0,neutral,,
2010-06-14,Monday,False,,,0,0,0,neutral,,
2010-06-15,Tuesday,False,,,0,0,0,neutral,,
2010-06-16,Wednesday,False,,,0,0,0,neutral,,
2010-06-17,Thursday,False,,,0,0,0,neutral,,
2010-06-18,Friday,False,,,0,0,0,neutral,,
2010-06-19,Saturday,False,,,0,0,0,neutral,,
2010-06-20,Sunday,False,,,0,0,0,neutral,,
2010-06-21,Monday,False,,,0,0,0,neutral,,
2010-06-22,Tuesday,False,,,0,0,0,neutral,,
2010-06-23,Wednesday,False,,,0,0,0,neutral,,
2010-06-24,Thursday,False,,,0,0,0,neutral,,
2010-06-25,Friday,False,,,0,0,0,neutral,,
2010-06-26,Saturday,False,,,0,0,0,neutral,,
2010-06-27,Sunday,False,,,0,0,0,neutral,,
2010-06-28,Monday,False,,,0,0,0,neutral,,
2010-06-29,Tuesday,False,,,0,0,0,neutral,,
2010-06-30,Wednesday,False,,,0,0,0,neutral,,
2010-07-01,Thursday,False,,,0,0,0,neutral,,
2010-07-02,Friday,False,,,0,0,0,neutral,,
2010-07-03,Saturday,False,,,0,0,0,neutral,,
2010-07-04,Sunday,False,,,0,0,0,neutral,,
2010-07-05,Monday,False,,,0,0,0,neutral,,
2010-07-06,Tuesday,False,,,0,0,0,neutral,,
2010-07-07,Wednesday,False,,,0,0,0,neutral,,
2010-07-08,Thursday,False,,,0,0,0,neutral,,
2010-07-09,Friday,False,,,0,0,0,neutral,,
2010-07-10,Saturday,False,,,0,0,0,neutral,,
2010-07-11,Sunday,False,,,0,0,0,neutral,,
2010-07-12,Monday,False,,,0,0,0,neutral,,
2010-07-13,Tuesday,False,,,0,0,0,neutral,,
2010-07-14,Wednesday,False,,,0,0,0,neutral,,
2010-07-15,Thursday,False,,,0,0,0,neutral,,
2010-07-16,Friday,False,,,0,0,0,neutral,,
2010-07-17,Saturday,False,,,0,0,0,neutral,,
2010-07-18,Sunday,False,,,0,0,0,neutral,,
2010-07-19,Monday,False,,,0,0,0,neutral,,
2010-07-20,Tuesday,False,,,0,0,0,neutral,,
2010-07-21,Wednesday,False,,,0,0,0,neutral,,
2010-07-22,Thursday,False,,,0,0,0,neutral,,
2010-07-23,Friday,False,,,0,0,0,neutral,,
2010-07-24,Saturday,False,,,0,0,0,neutral,,
2010-07-25,Sunday,False,,,0,0,0,neutral,,
2010-07-26,Monday,False,,,0,0,0,neutral,,
2010-07-27,Tuesday,False,,,0,0,0,neutral,,
2010-07-28,Wednesday,False,,,0,0,0,neutral,,
2010-07-29,Thursday,False,,,0,0,0,neutral,,
2010-07-30,Friday,False,,,0,0,0,neutral,,
2010-07-31,Saturday,False,,,0,0,0,neutral,,
2010-08-01,Sunday,False,,,0,0,0,neutral,,
2010-08-02,Monday,False,,,0,0,0,neutral,,
2010-08-03,Tuesday,False,,,0,0,0,neutral,,
2010-08-04,Wednesday,False,,,0,0,0,neutral,,
2010-08-05,Thursday,False,,,0,0,0,neutral,,
2010-08-06,Friday,False,,,0,0,0,neutral,,
2010-08-07,Saturday,False,,,0,0,0,neutral,,
2010-08-08,Sunday,False,,,0,0,0,neutral,,
2010-08-09,Monday,False,,,0,0,0,neutral,,
2010-08-10,Tuesday,False,,,0,0,0,neutral,,
2010-08-11,Wednesday,False,,,0,0,0,neutral,,
2010-08-12,Thursday,False,,,0,0,0,neutral,,
2010-08-13,Friday,False,,,0,0,0,neutral,,
2010-08-14,Saturday,False,,,0,0,0,neutral,,
2010-08-15,Sunday,True,Independence Day,general,0,0,0,neutral,,
2010-08-16,Monday,False,,,0,0,0,neutral,,
2010-08-17,Tuesday,False,,,0,0,0,neutral,,
2010-08-18,Wednesday,False,,,0,0,0,neutral,,
2010-08-19,Thursday,False,,,0,0,0,neutral,,
2010-08-20,Friday,False,,,0,0,0,neutral,,
2010-08-21,Saturday,False,,,0,0,0,neutral,,
2010-08-22,Sunday,False,,,0,0,0,neutral,,
2010-08-23,Monday,False,,,0,0,0,neutral,,
2010-08-24,Tuesday,False,,,0,0,0,neutral,,
2010-08-25,Wednesday,False,,,0,0,0,neutral,,
2010-08-26,Thursday,False,,,0,0,0,neutral,,
2010-08-27,Friday,False,,,0,0,0,neutral,,
2010-08-28,Saturday,False,,,0,0,0,neutral,,
2010-08-29,Sunday,False,,,0,0,0,neutral,,
2010-08-30,Monday,False,,,0,0,0,neutral,,
2010-08-31,Tuesday,False,,,0,0,0,neutral,,
2010-09-01,Wednesday,False,,,0,0,0,neutral,,
2010-09-02,Thursday,True,Janmashtami,hindu,0,0,0,neutral,,
2010-09-03,Friday,False,,,0,0,0,neutral,,
2010-09-04,Saturday,False,,,0,0,0,neutral,,
2010-09-05,Sunday,False,,,0,0,0,neutral,,
2010-09-06,Monday,False,,,0,0,0,neutral,,
2010-09-07,Tuesday,False,,,0,0,0,neutral,,
2010-09-08,Wednesday,False,,,0,0,0,neutral,,
2010-09-09,Thursday,False,,,0,0,0,neutral,,
2010-09-10,Friday,True,Id-ul-Fitr,general,0,0,0,neutral,,
2010-09-11,Saturday,False,,,0,0,0,neutral,,
2010-09-12,Sunday,False,,,0,0,0,neutral,,
2010-09-13,Monday,False,,,0,0,0,neutral,,
2010-09-14,Tuesday,False,,,0,0,0,neutral,,
2010-09-15,Wednesday,False,,,0,0,0,neutral,,
2010-09-16,Thursday,False,,,0,0,0,neutral,,
2010-09-17,Friday,False,,,0,0,0,neutral,,
2010-09-18,Saturday,False,,,0,0,0,neutral,,
2010-09-19,Sunday,False,,,0,0,0,neutral,,
2010-09-20,Monday,False,,,0,0,0,neutral,,
2010-09-21,Tuesday,False,,,0,0,0,neutral,,
2010-09-22,Wednesday,False,,,0,0,0,neutral,,
2010-09-23,Thursday,False,,,0,0,0,neutral,,
2010-09-24,Friday,False,,,0,0,0,neutral,,
2010-09-25,Saturday,False,,,0,0,0,neutral,,
2010-09-26,Sunday,False,,,0,0,0,neutral,,
2010-09-27,Monday,False,,,0,0,0,neutral,,
2010-09-28,Tuesday,False,,,0,0,0,neutral,,
2010-09-29,Wednesday,False,,,0,0,0,neutral,,
2010-09-30,Thursday,False,,,0,0,0,neutral,,
2010-10-01,Friday,False,,,0,0,0,neutral,,
2010-10-02,Saturday,True,Gandhi Jayanti,general,0,0,0,neutral,,
2010-10-03,Sunday,False,,,0,0,0,neutral,,
2010-10-04,Monday,False,,,0,0,0,neutral,,
2010-10-05,Tuesday,False,,,0,0,0,neutral,,
2010-10-06,Wednesday,False,,,0,0,0,neutral,,
2010-10-07,Thursday,False,,,0,0,0,neutral,,
2010-10-08,Friday,False,,,0,0,0,neutral,,
2010-10-09,Saturday,False,,,0,0,0,neutral,,
2010-10-10,Sunday,False,,,0,0,0,neutral,,
2010-10-11,Monday,False,,,0,0,0,neutral,,
2010-10-12,Tuesday,False,,,0,0,0,neutral,,
2010-10-13,Wednesday,False,,,0,0,0,neutral,,
2010-10-14,Thursday,False,,,0,0,0,neutral,,
2010-10-15,Friday,False,,,0,0,0,neutral,,
2010-10-16,Saturday,False,,,0,0,0,neutral,,
2010-10-17,Sunday,True,Dussehra,hindu,0,0,0,neutral,,
2010-10-18,Monday,False,,,0,0,0,neutral,,
2010-10-19,Tuesday,False,,,0,0,0,neutral,,
2010-10-20,Wednesday,False,,,0,0,0,neutral,,
2010-10-21,Thursday,False,,,0,0,0,neutral,,
2010-10-22,Friday,False,,,0,0,0,neutral,,
2010-10-23,Saturday,False,,,0,0,0,neutral,,
2010-10-24,Sunday,False,,,0,0,0,neutral,,
2010-10-25,Monday,False,,,0,0,0,neutral,,
2010-10-26,Tuesday,False,,,0,0,0,neutral,,
2010-10-27,Wednesday,False,,,0,0,0,neutral,,
2010-10-28,Thursday,False,,,0,0,0,neutral,,
2010-10-29,Friday,False,,,0,0,0,neutral,,
2010-10-30,Saturday,False,,,0,0,0,neutral,,
2010-10-31,Sunday,False,,,0,0,0,neutral,,
2010-11-01,Monday,False,,,0,0,0,neutral,,
2010-11-02,Tuesday,False,,,0,0,0,neutral,,
2010-11-03,Wednesday,False,,,0,0,0,neutral,,
2010-11-04,Thursday,False,,,0,0,0,neutral,,
2010-11-05,Friday,True,Diwali,hindu,0,0,0,neutral,,
2010-11-06,Saturday,False,,,0,0,0,neutral,,
2010-11-07,Sunday,False,,,0,0,0,neutral,,
2010-11-08,Monday,False,,,0,0,0,neutral,,
2010-11-09,Tuesday,False,,,0,0,0,neutral,,
2010-11-10,Wednesday,False,,,0,0,0,neutral,,
2010-11-11,Thursday,False,,,0,0,0,neutral,,
2010-11-12,Friday,False,,,0,0,0,neutral,,
2010-11-13,Saturday,False,,,0,0,0,neutral,,
2010-11-14,Sunday,False,,,0,0,0,neutral,,
2010-11-15,Monday,False,,,0,0,0,neutral,,
2010-11-16,Tuesday,False,,,0,0,0,neutral,,
2010-11-17,Wednesday,True,Bakrid,muslim,0,0,0,neutral,,
2010-11-18,Thursday,False,,,0,0,0,neutral,,
2010-11-19,Friday,False,,,0,0,0,neutral,,
2010-11-20,Saturday,False,,,0,0,0,neutral,,
2010-11-21,Sunday,True,Guru Nanak Jayanti,sikh,0,0,0,neutral,,
2010-11-22,Monday,False,,,0,0,0,neutral,,
2010-11-23,Tuesday,False,,,0,0,0,neutral,,
2010-11-24,Wednesday,False,,,0,0,0,neutral,,
2010-11-25,Thursday,False,,,0,0,0,neutral,,
2010-11-26,Friday,False,,,0,0,0,neutral,,
2010-11-27,Saturday,False,,,0,0,0,neutral,,
2010-11-28,Sunday,False,,,0,0,0,neutral,,
2010-11-29,Monday,False,,,0,0,0,neutral,,
2010-11-30,Tuesday,False,,,0,0,0,neutral,,
2010-12-01,Wednesday,False,,,0,0,0,neutral,,
2010-12-02,Thursday,False,,,0,0,0,neutral,,
2010-12-03,Friday,False,,,0,0,0,neutral,,
2010-12-04,Saturday,False,,,0,0,0,neutral,,
2010-12-05,Sunday,False,,,0,0,0,neutral,,
2010-12-06,Monday,False,,,0,0,0,neutral,,
2010-12-07,Tuesday,False,,,0,0,0,neutral,,
2010-12-08,Wednesday,False,,,0,0,0,neutral,,
2010-12-09,Thursday,False,,,0,0,0,neutral,,
2010-12-10,Friday,False,,,0,0,0,neutral,,
2010-12-11,Saturday,False,,,0,0,0,neutral,,
2010-12-12,Sunday,False,,,0,0,0,neutral,,
2010-12-13,Monday,False,,,0,0,0,neutral,,
2010-12-14,Tuesday,False,,,0,0,0,neutral,,
2010-12-15,Wednesday,False,,,0,0,0,neutral,,
2010-12-16,Thursday,False,,,0,0,0,neutral,,
2010-12-17,Friday,True,Muharram,muslim,0,0,0,neutral,,
2010-12-18,Saturday,False,,,0,0,0,neutral,,
2010-12-19,Sunday,False,,,0,0,0,neutral,,
2010-12-20,Monday,False,,,0,0,0,neutral,,
2010-12-21,Tuesday,False,,,0,0,0,neutral,,
2010-12-22,Wednesday,False,,,0,0,0,neutral,,
2010-12-23,Thursday,False,,,0,0,0,neutral,,
2010-12-24,Friday,False,,,0,0,0,neutral,,
2010-12-25,Saturday,True,Christmas,christian,0,0,0,neutral,,
2010-12-26,Sunday,False,,,0,0,0,neutral,,
2010-12-27,Monday,False,,,0,0,0,neutral,,
2010-12-28,Tuesday,False,,,0,0,0,neutral,,
2010-12-29,Wednesday,False,,,0,0,0,neutral,,
2010-12-30,Thursday,False,,,0,0,0,neutral,,
2010-12-31,Friday,False,,,0,0,0,neutral,,
2011-01-01,Saturday,False,,,2,0,1,bad,"A bomb explodes as Coptic Christians in Alexandria, Egypt, leave a new year service, killing 23 people. || Estonia officially adopts the Euro currency and becomes the 17th Eurozone country.",https://en.wikipedia.org/wiki/2011_Alexandria_bombing || https://en.wikipedia.org/wiki/Estonia
2011-01-02,Sunday,False,,,0,0,0,neutral,,
2011-01-03,Monday,False,,,0,0,0,neutral,,
2011-01-04,Tuesday,False,,,0,0,0,neutral,,
2011-01-05,Wednesday,False,,,0,0,0,neutral,,
2011-01-06,Thursday,False,,,0,0,0,neutral,,
2011-01-07,Friday,False,,,0,0,0,neutral,,
2011-01-08,Saturday,False,,,1,0,1,bad,"Sitting US Congresswoman Gabby Giffords is shot in the head along with 18 others in a mass shooting in Tucson, Arizona. Giffords survived the assassination attempt, but six others died, including John Roll, a federal judge.",https://en.wikipedia.org/wiki/Gabby_Giffords
2011-01-09,Sunday,False,,,0,0,0,neutral,,
2011-01-10,Monday,False,,,0,0,0,neutral,,
2011-01-11,Tuesday,False,,,0,0,0,neutral,,
2011-01-12,Wednesday,False,,,0,0,0,neutral,,
2011-01-13,Thursday,False,,,0,0,0,neutral,,
2011-01-14,Friday,False,,,1,0,0,neutral,"President Zine El Abidine Ben Ali of Tunisia seeks refuge in Saudi Arabia after a series of demonstrations against his regime, considered to be the birth of the Arab Spring.",https://en.wikipedia.org/wiki/Zine_El_Abidine_Ben_Ali
2011-01-15,Saturday,False,,,1,0,1,bad,"Iran Air Flight 277 crashes near Urmia in the northwest of the country, in icy conditions, killing 78 people.",https://en.wikipedia.org/wiki/Iran_Air_Flight_277
2011-01-16,Sunday,False,,,0,0,0,neutral,,
2011-01-17,Monday,False,,,1,0,1,bad,Syrian civil war: The Movement for a Democratic Society (TEV-DEM) is established with the stated goal of re-organizing Syria along the lines of democratic confederalism.,https://en.wikipedia.org/wiki/Syrian_civil_war
2011-01-18,Tuesday,False,,,0,0,0,neutral,,
2011-01-19,Wednesday,False,,,0,0,0,neutral,,
2011-01-20,Thursday,False,,,0,0,0,neutral,,
2011-01-21,Friday,False,,,1,0,1,bad,"Anti-government demonstrations take place in Tirana, Albania. Four people died from gunshots, allegedly fired from armed police protecting the Prime Minister's office.",https://en.wikipedia.org/wiki/2011_Albanian_opposition_demonstrations
2011-01-22,Saturday,False,,,0,0,0,neutral,,
2011-01-23,Sunday,False,,,0,0,0,neutral,,
2011-01-24,Monday,False,,,1,0,1,bad,At least 35 are killed and 180 injured in a bombing at Moscow's Domodedovo Airport.,https://en.wikipedia.org/wiki/Domodedovo_International_Airport_bombing
2011-01-25,Tuesday,False,,,1,0,1,bad,"The first wave of the Egyptian revolution begins throughout the country, marked by street demonstrations, rallies, acts of civil disobedience, riots, labour strikes, and violent clashes.",https://en.wikipedia.org/wiki/Timeline_of_the_Egyptian_revolution_of_2011
2011-01-26,Wednesday,True,Republic Day,general,0,0,0,neutral,,
2011-01-27,Thursday,False,,,2,0,1,bad,"Arab Spring: The Yemeni Revolution begins as over 16,000 protestors demonstrate in Sana'a. || Within Ursa Minor, H1504+65, a white dwarf with the hottest known surface temperature in the universe at 200,000 K, was documented.",https://en.wikipedia.org/wiki/Arab_Spring || https://en.wikipedia.org/wiki/Ursa_Minor
2011-01-28,Friday,False,,,0,0,0,neutral,,
2011-01-29,Saturday,False,,,0,0,0,neutral,,
2011-01-30,Sunday,False,,,0,0,0,neutral,,
2011-01-31,Monday,False,,,0,0,0,neutral,,
2011-02-01,Tuesday,False,,,0,0,0,neutral,,
2011-02-02,Wednesday,False,,,0,0,0,neutral,,
2011-02-03,Thursday,False,,,0,0,0,neutral,,
2011-02-04,Friday,False,,,0,0,0,neutral,,
2011-02-05,Saturday,False,,,0,0,0,neutral,,
2011-02-06,Sunday,False,,,0,0,0,neutral,,
2011-02-07,Monday,False,,,0,0,0,neutral,,
2011-02-08,Tuesday,False,,,0,0,0,neutral,,
2011-02-09,Wednesday,False,,,0,0,0,neutral,,
2011-02-10,Thursday,False,,,0,0,0,neutral,,
2011-02-11,Friday,False,,,1,1,0,good,Arab Spring: The first wave of the Egyptian revolution culminates in the resignation of Hosni Mubarak and the transfer of power to the Supreme Military Council after 17 days of protests.,https://en.wikipedia.org/wiki/Arab_Spring
2011-02-12,Saturday,False,,,0,0,0,neutral,,
2011-02-13,Sunday,False,,,1,1,0,good,"For the first time in more than 100 years the Umatilla, an American Indian tribe, are able to hunt and harvest a bison just outside Yellowstone National Park, restoring a centuries-old tradition guaranteed by a treaty signed in 1855.",https://en.wikipedia.org/wiki/Confederated_Tribes_of_the_Umatilla_Indian_Reservation
2011-02-14,Monday,False,,,1,0,0,neutral,"As a part of Arab Spring, the Bahraini uprising begins with a 'Day of Rage'.",https://en.wikipedia.org/wiki/Arab_Spring
2011-02-15,Tuesday,False,,,0,0,0,neutral,,
2011-02-16,Wednesday,True,Milad-un-Nabi,muslim,0,0,0,neutral,,
2011-02-17,Thursday,False,,,2,0,1,bad,"Arab Spring: Libyan protests against Muammar Gaddafi's regime begin. || Arab Spring: In Bahrain, security forces launch a deadly pre-dawn raid on protesters in Pearl Roundabout in Manama; the day is locally known as Bloody Thursday.",https://en.wikipedia.org/wiki/Arab_Spring || https://en.wikipedia.org/wiki/Bahrain
2011-02-18,Friday,False,,,0,0,0,neutral,,
2011-02-19,Saturday,False,,,1,0,0,neutral,"The debut exhibition of the Belitung shipwreck, containing the largest collection of Tang dynasty artifacts found in one location, begins in Singapore.",https://en.wikipedia.org/wiki/Belitung_shipwreck
2011-02-20,Sunday,False,,,0,0,0,neutral,,
2011-02-21,Monday,False,,,0,0,0,neutral,,
2011-02-22,Tuesday,False,,,2,0,2,bad,"New Zealand's second deadliest earthquake, the 2011 Christchurch earthquake, kills 185 people. || Bahraini uprising: Tens of thousands of people march in protest against the deaths of seven victims killed by police and army forces during previous protests.",https://en.wikipedia.org/wiki/2011_Christchurch_earthquake || https://en.wikipedia.org/wiki/2011_Bahraini_uprising
2011-02-23,Wednesday,False,,,0,0,0,neutral,,
2011-02-24,Thursday,False,,,0,0,0,neutral,,
2011-02-25,Friday,False,,,0,0,0,neutral,,
2011-02-26,Saturday,False,,,0,0,0,neutral,,
2011-02-27,Sunday,False,,,0,0,0,neutral,,
2011-02-28,Monday,False,,,0,0,0,neutral,,
2011-03-01,Tuesday,False,,,0,0,0,neutral,,
2011-03-02,Wednesday,True,Maha Shivaratri,general,0,0,0,neutral,,
2011-03-03,Thursday,False,,,0,0,0,neutral,,
2011-03-04,Friday,False,,,0,0,0,neutral,,
2011-03-05,Saturday,False,,,0,0,0,neutral,,
2011-03-06,Sunday,False,,,0,0,0,neutral,,
2011-03-07,Monday,False,,,0,0,0,neutral,,
2011-03-08,Tuesday,False,,,0,0,0,neutral,,
2011-03-09,Wednesday,False,,,1,0,1,bad,"An Antonov An-148 crashes in Russia's Alexeyevsky District, Belgorod Oblast during a test flight, killing all seven aboard.",https://en.wikipedia.org/wiki/Antonov_An-148
2011-03-10,Thursday,False,,,1,0,0,neutral,Space Shuttle Discovery makes its final landing after 39 flights.,https://en.wikipedia.org/wiki/Space_Shuttle_Discovery
2011-03-11,Friday,False,,,1,0,1,bad,"An earthquake measuring 9.0 in magnitude strikes 130 km (81 mi) east of Sendai, Japan, triggering a tsunami killing thousands of people. This event also triggered the second largest nuclear accident in history, and one of only two events to be classified as a Level 7 on the International Nuclear Event Scale.",https://en.wikipedia.org/wiki/2011_T%C5%8Dhoku_earthquake_and_tsunami
2011-03-12,Saturday,False,,,1,0,1,bad,A reactor at the Fukushima Daiichi Nuclear Power Plant explodes and releases radioactivity into the atmosphere a day after the 2011 Tōhoku earthquake and tsunami.,https://en.wikipedia.org/wiki/Fukushima_Daiichi_Nuclear_Power_Plant
2011-03-13,Sunday,False,,,0,0,0,neutral,,
2011-03-14,Monday,False,,,0,0,0,neutral,,
2011-03-15,Tuesday,False,,,1,0,0,neutral,Beginning of the Syrian revolution.,https://en.wikipedia.org/wiki/Syrian_revolution
2011-03-16,Wednesday,False,,,0,0,0,neutral,,
2011-03-17,Thursday,False,,,0,0,0,neutral,,
2011-03-18,Friday,False,,,0,0,0,neutral,,
2011-03-19,Saturday,False,,,1,0,1,bad,"Libyan Civil War: After the failure of Muammar Gaddafi's forces to take Benghazi, the French Air Force launches Opération Harmattan, beginning foreign military intervention in Libya.",https://en.wikipedia.org/wiki/Libyan_civil_war_(2011)
2011-03-20,Sunday,False,,,0,0,0,neutral,,
2011-03-21,Monday,False,,,0,0,0,neutral,,
2011-03-22,Tuesday,False,,,0,0,0,neutral,,
2011-03-23,Wednesday,False,,,0,0,0,neutral,,
2011-03-24,Thursday,False,,,0,0,0,neutral,,
2011-03-25,Friday,False,,,0,0,0,neutral,,
2011-03-26,Saturday,False,,,0,0,0,neutral,,
2011-03-27,Sunday,False,,,0,0,0,neutral,,
2011-03-28,Monday,False,,,0,0,0,neutral,,
2011-03-29,Tuesday,False,,,0,0,0,neutral,,
2011-03-30,Wednesday,False,,,1,0,0,neutral,Min Aung Hlaing is appointed as the Commander-in-Chief of Myanmar's armed forces.,https://en.wikipedia.org/wiki/Min_Aung_Hlaing
2011-03-31,Thursday,False,,,0,0,0,neutral,,
2011-04-01,Friday,False,,,1,0,1,bad,"Georgian Airways Flight 834 crashes at N'djili Airport in Kinshasa, killing 32.",https://en.wikipedia.org/wiki/Georgian_Airways_Flight_834
2011-04-02,Saturday,False,,,0,0,0,neutral,,
2011-04-03,Sunday,False,,,1,0,1,bad,"After protests against the burning of the Quran turn violent, a mob attacks a United Nations compound in Mazar-i-Sharif, Afghanistan, resulting in the deaths of fourteen people, including seven UN workers.",https://en.wikipedia.org/wiki/Dove_World_Outreach_Center_Quran-burning_controversy
2011-04-04,Monday,False,,,1,0,0,neutral,India wins the Cricket World Cup for the second time in history under the captaincy of MS Dhoni.,https://en.wikipedia.org/wiki/India_national_cricket_team
2011-04-05,Tuesday,False,,,0,0,0,neutral,,
2011-04-06,Wednesday,False,,,1,0,0,neutral,"In San Fernando, Tamaulipas, Mexico, over 193 victims of Los Zetas were exhumed from several mass graves.",https://en.wikipedia.org/wiki/San_Fernando%2C_Tamaulipas
2011-04-07,Thursday,False,,,2,2,0,good,"The Israel Defense Forces use their Iron Dome missile system to successfully intercept a BM-21 Grad launched from Gaza, marking the first short-range missile intercept ever. || A gunman opens fire at an elementary school in Rio de Janeiro, Brazil, killing twelve children and injuring 22 others before committing suicide.",https://en.wikipedia.org/wiki/Israel_Defense_Forces || https://en.wikipedia.org/wiki/Rio_de_Janeiro_school_shooting
2011-04-08,Friday,False,,,0,0,0,neutral,,
2011-04-09,Saturday,False,,,1,0,1,bad,"Six people and the perpetrator are killed and 17 injured in a mass shooting at a shopping mall in Alphen aan den Rijn, Netherlands.",https://en.wikipedia.org/wiki/Alphen_aan_den_Rijn_shopping_mall_shooting
2011-04-10,Sunday,False,,,0,0,0,neutral,,
2011-04-11,Monday,False,,,1,0,1,bad,"An explosion in the Minsk Metro, Belarus kills 15 people and injures 204 others.",https://en.wikipedia.org/wiki/2011_Minsk_Metro_bombing
2011-04-12,Tuesday,False,,,1,0,1,bad,"Minsk Metro bombing kills 15 people and injuries 204 when a bomb is detonated within the Minsk Metro, Belarus.",https://en.wikipedia.org/wiki/2011_Minsk_Metro_bombing
2011-04-13,Wednesday,False,,,0,0,0,neutral,,
2011-04-14,Thursday,False,,,0,0,0,neutral,,
2011-04-15,Friday,False,,,0,0,0,neutral,,
2011-04-16,Saturday,True,Mahavir Jayanti,general,0,0,0,neutral,,
2011-04-17,Sunday,False,,,0,0,0,neutral,,
2011-04-18,Monday,False,,,1,0,0,neutral,WikiLeaks starts  publishing the Guantanamo Bay files leak.,https://en.wikipedia.org/wiki/WikiLeaks
2011-04-19,Tuesday,False,,,1,1,0,good,Fidel Castro resigns as First Secretary of the Communist Party of Cuba after holding the title since July 1961.,https://en.wikipedia.org/wiki/Fidel_Castro
2011-04-20,Wednesday,False,,,0,0,0,neutral,,
2011-04-21,Thursday,False,,,0,0,0,neutral,,
2011-04-22,Friday,True,Good Friday,christian,0,0,0,neutral,,
2011-04-23,Saturday,False,,,0,0,0,neutral,,
2011-04-24,Sunday,False,,,0,0,0,neutral,,
2011-04-25,Monday,False,,,1,0,1,bad,"The 2011 Super Outbreak devastates parts of the Southeastern United States, especially the states of Alabama, Mississippi, Georgia, and Tennessee. Two hundred five tornadoes touched down on April 27 alone, killing more than 300 and injuring hundreds more.",https://en.wikipedia.org/wiki/2011_Super_Outbreak
2011-04-26,Tuesday,False,,,0,0,0,neutral,,
2011-04-27,Wednesday,False,,,0,0,0,neutral,,
2011-04-28,Thursday,False,,,0,0,0,neutral,,
2011-04-29,Friday,False,,,1,0,0,neutral,The Wedding of Prince William and Catherine Middleton takes place at Westminster Abbey in London.,https://en.wikipedia.org/wiki/Wedding_of_Prince_William_and_Catherine_Middleton
2011-04-30,Saturday,False,,,0,0,0,neutral,,
2011-05-01,Sunday,False,,,1,1,0,good,"Pope John Paul II is beatified by his successor, Pope Benedict XVI.",https://en.wikipedia.org/wiki/Pope_John_Paul_II
2011-05-02,Monday,False,,,2,0,2,bad,"Osama bin Laden, the suspected mastermind behind the September 11 attacks and the FBI's most wanted man, is killed by the United States Navy SEALs in Abbottabad, Pakistan. || An E. coli outbreak strikes Europe, mostly in Germany, leaving more than 30 people dead and many others are taken ill.",https://en.wikipedia.org/wiki/Osama_bin_Laden || https://en.wikipedia.org/wiki/2011_Germany_E._coli_O104%3AH4_outbreak
2011-05-03,Tuesday,False,,,0,0,0,neutral,,
2011-05-04,Wednesday,False,,,0,0,0,neutral,,
2011-05-05,Thursday,False,,,0,0,0,neutral,,
2011-05-06,Friday,False,,,0,0,0,neutral,,
2011-05-07,Saturday,False,,,0,0,0,neutral,,
2011-05-08,Sunday,False,,,0,0,0,neutral,,
2011-05-09,Monday,False,,,0,0,0,neutral,,
2011-05-10,Tuesday,False,,,0,0,0,neutral,,
2011-05-11,Wednesday,False,,,2,0,1,bad,"An earthquake of magnitude 5.1 hits Lorca, Spain. || The Istanbul Convention is signed in Istanbul, Turkey.",https://en.wikipedia.org/wiki/2011_Lorca_earthquake || https://en.wikipedia.org/wiki/Istanbul_Convention
2011-05-12,Thursday,False,,,0,0,0,neutral,,
2011-05-13,Friday,False,,,0,0,0,neutral,,
2011-05-14,Saturday,False,,,0,0,0,neutral,,
2011-05-15,Sunday,False,,,0,0,0,neutral,,
2011-05-16,Monday,False,,,0,0,0,neutral,,
2011-05-17,Tuesday,True,Buddha Purnima,general,0,0,0,neutral,,
2011-05-18,Wednesday,False,,,0,0,0,neutral,,
2011-05-19,Thursday,False,,,0,0,0,neutral,,
2011-05-20,Friday,False,,,0,0,0,neutral,,
2011-05-21,Saturday,False,,,0,0,0,neutral,,
2011-05-22,Sunday,False,,,0,0,0,neutral,,
2011-05-23,Monday,False,,,0,0,0,neutral,,
2011-05-24,Tuesday,False,,,0,0,0,neutral,,
2011-05-25,Wednesday,False,,,0,0,0,neutral,,
2011-05-26,Thursday,False,,,0,0,0,neutral,,
2011-05-27,Friday,False,,,0,0,0,neutral,,
2011-05-28,Saturday,False,,,0,0,0,neutral,,
2011-05-29,Sunday,False,,,0,0,0,neutral,,
2011-05-30,Monday,False,,,0,0,0,neutral,,
2011-05-31,Tuesday,False,,,0,0,0,neutral,,
2011-06-01,Wednesday,False,,,0,0,0,neutral,,
2011-06-02,Thursday,False,,,0,0,0,neutral,,
2011-06-03,Friday,False,,,0,0,0,neutral,,
2011-06-04,Saturday,False,,,0,0,0,neutral,,
2011-06-05,Sunday,False,,,0,0,0,neutral,,
2011-06-06,Monday,False,,,0,0,0,neutral,,
2011-06-07,Tuesday,False,,,0,0,0,neutral,,
2011-06-08,Wednesday,False,,,0,0,0,neutral,,
2011-06-09,Thursday,False,,,0,0,0,neutral,,
2011-06-10,Friday,False,,,0,0,0,neutral,,
2011-06-11,Saturday,False,,,0,0,0,neutral,,
2011-06-12,Sunday,False,,,0,0,0,neutral,,
2011-06-13,Monday,False,,,0,0,0,neutral,,
2011-06-14,Tuesday,False,,,0,0,0,neutral,,
2011-06-15,Wednesday,False,,,0,0,0,neutral,,
2011-06-16,Thursday,False,,,0,0,0,neutral,,
2011-06-17,Friday,False,,,0,0,0,neutral,,
2011-06-18,Saturday,False,,,0,0,0,neutral,,
2011-06-19,Sunday,False,,,0,0,0,neutral,,
2011-06-20,Monday,False,,,0,0,0,neutral,,
2011-06-21,Tuesday,False,,,0,0,0,neutral,,
2011-06-22,Wednesday,False,,,0,0,0,neutral,,
2011-06-23,Thursday,False,,,0,0,0,neutral,,
2011-06-24,Friday,False,,,0,0,0,neutral,,
2011-06-25,Saturday,False,,,0,0,0,neutral,,
2011-06-26,Sunday,False,,,0,0,0,neutral,,
2011-06-27,Monday,False,,,0,0,0,neutral,,
2011-06-28,Tuesday,False,,,0,0,0,neutral,,
2011-06-29,Wednesday,False,,,0,0,0,neutral,,
2011-06-30,Thursday,False,,,0,0,0,neutral,,
2011-07-01,Friday,False,,,0,0,0,neutral,,
2011-07-02,Saturday,False,,,0,0,0,neutral,,
2011-07-03,Sunday,False,,,0,0,0,neutral,,
2011-07-04,Monday,False,,,0,0,0,neutral,,
2011-07-05,Tuesday,False,,,0,0,0,neutral,,
2011-07-06,Wednesday,False,,,0,0,0,neutral,,
2011-07-07,Thursday,False,,,0,0,0,neutral,,
2011-07-08,Friday,False,,,0,0,0,neutral,,
2011-07-09,Saturday,False,,,0,0,0,neutral,,
2011-07-10,Sunday,False,,,0,0,0,neutral,,
2011-07-11,Monday,False,,,0,0,0,neutral,,
2011-07-12,Tuesday,False,,,0,0,0,neutral,,
2011-07-13,Wednesday,False,,,0,0,0,neutral,,
2011-07-14,Thursday,False,,,0,0,0,neutral,,
2011-07-15,Friday,False,,,0,0,0,neutral,,
2011-07-16,Saturday,False,,,0,0,0,neutral,,
2011-07-17,Sunday,False,,,0,0,0,neutral,,
2011-07-18,Monday,False,,,0,0,0,neutral,,
2011-07-19,Tuesday,False,,,0,0,0,neutral,,
2011-07-20,Wednesday,False,,,0,0,0,neutral,,
2011-07-21,Thursday,False,,,0,0,0,neutral,,
2011-07-22,Friday,False,,,0,0,0,neutral,,
2011-07-23,Saturday,False,,,0,0,0,neutral,,
2011-07-24,Sunday,False,,,0,0,0,neutral,,
2011-07-25,Monday,False,,,0,0,0,neutral,,
2011-07-26,Tuesday,False,,,0,0,0,neutral,,
2011-07-27,Wednesday,False,,,0,0,0,neutral,,
2011-07-28,Thursday,False,,,0,0,0,neutral,,
2011-07-29,Friday,False,,,0,0,0,neutral,,
2011-07-30,Saturday,False,,,0,0,0,neutral,,
2011-07-31,Sunday,False,,,0,0,0,neutral,,
2011-08-01,Monday,False,,,0,0,0,neutral,,
2011-08-02,Tuesday,False,,,0,0,0,neutral,,
2011-08-03,Wednesday,False,,,0,0,0,neutral,,
2011-08-04,Thursday,False,,,0,0,0,neutral,,
2011-08-05,Friday,False,,,0,0,0,neutral,,
2011-08-06,Saturday,False,,,0,0,0,neutral,,
2011-08-07,Sunday,False,,,0,0,0,neutral,,
2011-08-08,Monday,False,,,0,0,0,neutral,,
2011-08-09,Tuesday,False,,,0,0,0,neutral,,
2011-08-10,Wednesday,False,,,0,0,0,neutral,,
2011-08-11,Thursday,False,,,0,0,0,neutral,,
2011-08-12,Friday,False,,,0,0,0,neutral,,
2011-08-13,Saturday,False,,,0,0,0,neutral,,
2011-08-14,Sunday,False,,,0,0,0,neutral,,
2011-08-15,Monday,True,Independence Day,general,0,0,0,neutral,,
2011-08-16,Tuesday,False,,,0,0,0,neutral,,
2011-08-17,Wednesday,False,,,0,0,0,neutral,,
2011-08-18,Thursday,False,,,0,0,0,neutral,,
2011-08-19,Friday,False,,,0,0,0,neutral,,
2011-08-20,Saturday,False,,,0,0,0,neutral,,
2011-08-21,Sunday,False,,,0,0,0,neutral,,
2011-08-22,Monday,True,Janmashtami,hindu,0,0,0,neutral,,
2011-08-23,Tuesday,False,,,0,0,0,neutral,,
2011-08-24,Wednesday,False,,,0,0,0,neutral,,
2011-08-25,Thursday,False,,,0,0,0,neutral,,
2011-08-26,Friday,False,,,0,0,0,neutral,,
2011-08-27,Saturday,False,,,0,0,0,neutral,,
2011-08-28,Sunday,False,,,0,0,0,neutral,,
2011-08-29,Monday,False,,,0,0,0,neutral,,
2011-08-30,Tuesday,False,,,0,0,0,neutral,,
2011-08-31,Wednesday,True,Id-ul-Fitr,general,0,0,0,neutral,,
2011-09-01,Thursday,False,,,0,0,0,neutral,,
2011-09-02,Friday,False,,,0,0,0,neutral,,
2011-09-03,Saturday,False,,,0,0,0,neutral,,
2011-09-04,Sunday,False,,,0,0,0,neutral,,
2011-09-05,Monday,False,,,0,0,0,neutral,,
2011-09-06,Tuesday,False,,,0,0,0,neutral,,
2011-09-07,Wednesday,False,,,0,0,0,neutral,,
2011-09-08,Thursday,False,,,0,0,0,neutral,,
2011-09-09,Friday,False,,,0,0,0,neutral,,
2011-09-10,Saturday,False,,,0,0,0,neutral,,
2011-09-11,Sunday,False,,,0,0,0,neutral,,
2011-09-12,Monday,False,,,0,0,0,neutral,,
2011-09-13,Tuesday,False,,,0,0,0,neutral,,
2011-09-14,Wednesday,False,,,0,0,0,neutral,,
2011-09-15,Thursday,False,,,0,0,0,neutral,,
2011-09-16,Friday,False,,,0,0,0,neutral,,
2011-09-17,Saturday,False,,,0,0,0,neutral,,
2011-09-18,Sunday,False,,,0,0,0,neutral,,
2011-09-19,Monday,False,,,0,0,0,neutral,,
2011-09-20,Tuesday,False,,,0,0,0,neutral,,
2011-09-21,Wednesday,False,,,0,0,0,neutral,,
2011-09-22,Thursday,False,,,0,0,0,neutral,,
2011-09-23,Friday,False,,,0,0,0,neutral,,
2011-09-24,Saturday,False,,,0,0,0,neutral,,
2011-09-25,Sunday,False,,,0,0,0,neutral,,
2011-09-26,Monday,False,,,0,0,0,neutral,,
2011-09-27,Tuesday,False,,,0,0,0,neutral,,
2011-09-28,Wednesday,False,,,0,0,0,neutral,,
2011-09-29,Thursday,False,,,0,0,0,neutral,,
2011-09-30,Friday,False,,,0,0,0,neutral,,
2011-10-01,Saturday,False,,,0,0,0,neutral,,
2011-10-02,Sunday,True,Gandhi Jayanti,general,0,0,0,neutral,,
2011-10-03,Monday,False,,,0,0,0,neutral,,
2011-10-04,Tuesday,False,,,0,0,0,neutral,,
2011-10-05,Wednesday,False,,,0,0,0,neutral,,
2011-10-06,Thursday,True,Dussehra,hindu,0,0,0,neutral,,
2011-10-07,Friday,False,,,0,0,0,neutral,,
2011-10-08,Saturday,False,,,0,0,0,neutral,,
2011-10-09,Sunday,False,,,0,0,0,neutral,,
2011-10-10,Monday,False,,,0,0,0,neutral,,
2011-10-11,Tuesday,False,,,0,0,0,neutral,,
2011-10-12,Wednesday,False,,,0,0,0,neutral,,
2011-10-13,Thursday,False,,,0,0,0,neutral,,
2011-10-14,Friday,False,,,0,0,0,neutral,,
2011-10-15,Saturday,False,,,0,0,0,neutral,,
2011-10-16,Sunday,False,,,0,0,0,neutral,,
2011-10-17,Monday,False,,,0,0,0,neutral,,
2011-10-18,Tuesday,False,,,0,0,0,neutral,,
2011-10-19,Wednesday,False,,,0,0,0,neutral,,
2011-10-20,Thursday,False,,,0,0,0,neutral,,
2011-10-21,Friday,False,,,0,0,0,neutral,,
2011-10-22,Saturday,False,,,0,0,0,neutral,,
2011-10-23,Sunday,False,,,0,0,0,neutral,,
2011-10-24,Monday,False,,,0,0,0,neutral,,
2011-10-25,Tuesday,False,,,0,0,0,neutral,,
2011-10-26,Wednesday,True,Diwali,hindu,0,0,0,neutral,,
2011-10-27,Thursday,False,,,0,0,0,neutral,,
2011-10-28,Friday,False,,,0,0,0,neutral,,
2011-10-29,Saturday,False,,,0,0,0,neutral,,
2011-10-30,Sunday,False,,,0,0,0,neutral,,
2011-10-31,Monday,False,,,0,0,0,neutral,,
2011-11-01,Tuesday,False,,,0,0,0,neutral,,
2011-11-02,Wednesday,False,,,0,0,0,neutral,,
2011-11-03,Thursday,False,,,0,0,0,neutral,,
2011-11-04,Friday,False,,,0,0,0,neutral,,
2011-11-05,Saturday,False,,,0,0,0,neutral,,
2011-11-06,Sunday,False,,,0,0,0,neutral,,
2011-11-07,Monday,True,Bakrid,muslim,0,0,0,neutral,,
2011-11-08,Tuesday,False,,,0,0,0,neutral,,
2011-11-09,Wednesday,False,,,0,0,0,neutral,,
2011-11-10,Thursday,True,Guru Nanak Jayanti,sikh,0,0,0,neutral,,
2011-11-11,Friday,False,,,0,0,0,neutral,,
2011-11-12,Saturday,False,,,0,0,0,neutral,,
2011-11-13,Sunday,False,,,0,0,0,neutral,,
2011-11-14,Monday,False,,,0,0,0,neutral,,
2011-11-15,Tuesday,False,,,0,0,0,neutral,,
2011-11-16,Wednesday,False,,,0,0,0,neutral,,
2011-11-17,Thursday,False,,,0,0,0,neutral,,
2011-11-18,Friday,False,,,0,0,0,neutral,,
2011-11-19,Saturday,False,,,0,0,0,neutral,,
2011-11-20,Sunday,False,,,0,0,0,neutral,,
2011-11-21,Monday,False,,,0,0,0,neutral,,
2011-11-22,Tuesday,False,,,0,0,0,neutral,,
2011-11-23,Wednesday,False,,,0,0,0,neutral,,
2011-11-24,Thursday,False,,,0,0,0,neutral,,
2011-11-25,Friday,False,,,0,0,0,neutral,,
2011-11-26,Saturday,False,,,0,0,0,neutral,,
2011-11-27,Sunday,False,,,0,0,0,neutral,,
2011-11-28,Monday,False,,,0,0,0,neutral,,
2011-11-29,Tuesday,False,,,0,0,0,neutral,,
2011-11-30,Wednesday,False,,,0,0,0,neutral,,
2011-12-01,Thursday,False,,,0,0,0,neutral,,
2011-12-02,Friday,False,,,0,0,0,neutral,,
2011-12-03,Saturday,False,,,0,0,0,neutral,,
2011-12-04,Sunday,False,,,0,0,0,neutral,,
2011-12-05,Monday,False,,,0,0,0,neutral,,
2011-12-06,Tuesday,True,Muharram,muslim,0,0,0,neutral,,
2011-12-07,Wednesday,False,,,0,0,0,neutral,,
2011-12-08,Thursday,False,,,0,0,0,neutral,,
2011-12-09,Friday,False,,,0,0,0,neutral,,
2011-12-10,Saturday,False,,,0,0,0,neutral,,
2011-12-11,Sunday,False,,,0,0,0,neutral,,
2011-12-12,Monday,False,,,0,0,0,neutral,,
2011-12-13,Tuesday,False,,,0,0,0,neutral,,
2011-12-14,Wednesday,False,,,0,0,0,neutral,,
2011-12-15,Thursday,False,,,0,0,0,neutral,,
2011-12-16,Friday,False,,,0,0,0,neutral,,
2011-12-17,Saturday,False,,,0,0,0,neutral,,
2011-12-18,Sunday,False,,,0,0,0,neutral,,
2011-12-19,Monday,False,,,0,0,0,neutral,,
2011-12-20,Tuesday,False,,,0,0,0,neutral,,
2011-12-21,Wednesday,False,,,0,0,0,neutral,,
2011-12-22,Thursday,False,,,0,0,0,neutral,,
2011-12-23,Friday,False,,,0,0,0,neutral,,
2011-12-24,Saturday,False,,,0,0,0,neutral,,
2011-12-25,Sunday,True,Christmas,christian,0,0,0,neutral,,
2011-12-26,Monday,False,,,0,0,0,neutral,,
2011-12-27,Tuesday,False,,,0,0,0,neutral,,
2011-12-28,Wednesday,False,,,0,0,0,neutral,,
2011-12-29,Thursday,False,,,0,0,0,neutral,,
2011-12-30,Friday,False,,,0,0,0,neutral,,
2011-12-31,Saturday,False,,,0,0,0,neutral,,
2012-01-01,Sunday,False,,,0,0,0,neutral,,
2012-01-02,Monday,False,,,0,0,0,neutral,,
2012-01-03,Tuesday,False,,,0,0,0,neutral,,
2012-01-04,Wednesday,False,,,0,0,0,neutral,,
2012-01-05,Thursday,False,,,1,0,1,bad,"A hot air balloon crashes near Carterton, New Zealand, killing all 11 people on board.",https://en.wikipedia.org/wiki/Hot_air_balloon
2012-01-06,Friday,False,,,0,0,0,neutral,,
2012-01-07,Saturday,False,,,1,0,1,bad,Twenty-six people are killed and 63 wounded when a suicide bomber blows himself up at a police station in Damascus.,https://en.wikipedia.org/wiki/January_2012_al-Midan_bombing
2012-01-08,Sunday,False,,,0,0,0,neutral,,
2012-01-09,Monday,False,,,0,0,0,neutral,,
2012-01-10,Tuesday,False,,,1,0,1,bad,"A bombing at Jamrud in Pakistan, kills at least 30 people and injures 78 others.",https://en.wikipedia.org/wiki/2012_Khyber_Agency_bombing
2012-01-11,Wednesday,False,,,0,0,0,neutral,,
2012-01-12,Thursday,False,,,1,0,0,neutral,"Violent protests occur in Bucharest, Romania, as two-day-old demonstrations continue against President Traian Băsescu's economic austerity measures. Clashes are reported in numerous Romanian cities between protesters and law enforcement officers.",https://en.wikipedia.org/wiki/2012_Romanian_protests
2012-01-13,Friday,False,,,1,0,0,neutral,The passenger cruise ship Costa Concordia sinks off the coast of Italy due to the captain Francesco Schettino's negligence and irresponsibility. There are 32 confirmed deaths.,https://en.wikipedia.org/wiki/Cruise_ship
2012-01-14,Saturday,False,,,0,0,0,neutral,,
2012-01-15,Sunday,False,,,0,0,0,neutral,,
2012-01-16,Monday,False,,,0,0,0,neutral,,
2012-01-17,Tuesday,False,,,1,0,1,bad,The Mali War begins when Tuareg militias start fighting the Malian government for independence.,https://en.wikipedia.org/wiki/Mali_War
2012-01-18,Wednesday,False,,,1,0,0,neutral,"More than 115,000 websites engage in an online protest against the Stop Online Piracy Act and the Protect IP Act in the US.[citation needed] The websites involved viewed the laws as infringing on the right to free speech and many of them temporarily shut down in protest.",https://en.wikipedia.org/wiki/Protests_against_SOPA_and_PIPA
2012-01-19,Thursday,False,,,1,0,0,neutral,The Hong Kong-based file-sharing website Megaupload is shut down by the FBI.,https://en.wikipedia.org/wiki/Megaupload
2012-01-20,Friday,False,,,0,0,0,neutral,,
2012-01-21,Saturday,False,,,0,0,0,neutral,,
2012-01-22,Sunday,False,,,0,0,0,neutral,,
2012-01-23,Monday,False,,,0,0,0,neutral,,
2012-01-24,Tuesday,False,,,0,0,0,neutral,,
2012-01-25,Wednesday,False,,,0,0,0,neutral,,
2012-01-26,Thursday,True,Republic Day,general,0,0,0,neutral,,
2012-01-27,Friday,False,,,0,0,0,neutral,,
2012-01-28,Saturday,False,,,0,0,0,neutral,,
2012-01-29,Sunday,False,,,0,0,0,neutral,,
2012-01-30,Monday,False,,,0,0,0,neutral,,
2012-01-31,Tuesday,False,,,0,0,0,neutral,,
2012-02-01,Wednesday,False,,,1,0,1,bad,Seventy-four people are killed and over 500 injured as a result of clashes between fans of Egyptian football teams Al Masry and Al Ahly in the city of Port Said.,https://en.wikipedia.org/wiki/Port_Said_Stadium_riot
2012-02-02,Thursday,False,,,1,0,1,bad,"The ferry MV Rabaul Queen sinks off the coast of Papua New Guinea near the Finschhafen District, with an estimated 146–165 dead.",https://en.wikipedia.org/wiki/MV_Rabaul_Queen
2012-02-03,Friday,False,,,0,0,0,neutral,,
2012-02-04,Saturday,False,,,0,0,0,neutral,,
2012-02-05,Sunday,True,Milad-un-Nabi,muslim,0,0,0,neutral,,
2012-02-06,Monday,False,,,1,0,1,bad,"A magnitude 6.7 earthquake hits the central Philippine island of Negros, leaving 112 people dead.",https://en.wikipedia.org/wiki/2012_Negros_earthquake
2012-02-07,Tuesday,False,,,1,0,0,neutral,"President Mohamed Nasheed of the Republic of Maldives resigns, after 23 days of anti-governmental protests calling for the release of the Chief Judge unlawfully arrested by the military.",https://en.wikipedia.org/wiki/Mohamed_Nasheed
2012-02-08,Wednesday,False,,,0,0,0,neutral,,
2012-02-09,Thursday,False,,,0,0,0,neutral,,
2012-02-10,Friday,False,,,0,0,0,neutral,,
2012-02-11,Saturday,False,,,0,0,0,neutral,,
2012-02-12,Sunday,False,,,0,0,0,neutral,,
2012-02-13,Monday,False,,,1,1,0,good,"The European Space Agency (ESA) conducted the first launch of the European Vega rocket from Europe's spaceport in Kourou, French Guiana.",https://en.wikipedia.org/wiki/European_Space_Agency
2012-02-14,Tuesday,False,,,0,0,0,neutral,,
2012-02-15,Wednesday,False,,,0,0,0,neutral,,
2012-02-16,Thursday,False,,,1,0,0,neutral,Three hundred and sixty people die in a fire at a Honduran prison in the city of Comayagua.,https://en.wikipedia.org/wiki/Comayagua_prison_fire
2012-02-17,Friday,False,,,0,0,0,neutral,,
2012-02-18,Saturday,False,,,0,0,0,neutral,,
2012-02-19,Sunday,False,,,1,0,1,bad,"Forty-four people are killed in a prison brawl in Apodaca, Nuevo León, Mexico.",https://en.wikipedia.org/wiki/Apodaca_prison_riot
2012-02-20,Monday,True,Maha Shivaratri,general,0,0,0,neutral,,
2012-02-21,Tuesday,False,,,0,0,0,neutral,,
2012-02-22,Wednesday,False,,,1,0,1,bad,"A train crash in Buenos Aires, Argentina, kills 51 people and injures 700 others.",https://en.wikipedia.org/wiki/2012_Buenos_Aires_rail_disaster
2012-02-23,Thursday,False,,,1,0,1,bad,A series of attacks across Iraq leave at least 83 killed and more than 250 injured.,https://en.wikipedia.org/wiki/23_February_2012_Iraq_attacks
2012-02-24,Friday,False,,,0,0,0,neutral,,
2012-02-25,Saturday,False,,,0,0,0,neutral,,
2012-02-26,Sunday,False,,,2,0,0,neutral,"A train derails in Burlington, Ontario, Canada killing at least three people and injuring 45. || Seventeen-year-old African-American student Trayvon Martin is shot to death by neighborhood watch coordinator George Zimmerman in an altercation in Sanford, Florida.",https://en.wikipedia.org/wiki/2012_Burlington_Via_derailment || https://en.wikipedia.org/wiki/Trayvon_Martin
2012-02-27,Monday,False,,,0,0,0,neutral,,
2012-02-28,Tuesday,False,,,0,0,0,neutral,,
2012-02-29,Wednesday,False,,,1,0,1,bad,"A series of explosions is reported at a munitions dump in Brazzaville, the capital of the Republic of the Congo, killing at least 250 people.",https://en.wikipedia.org/wiki/Brazzaville_arms_dump_blasts
2012-03-01,Thursday,False,,,0,0,0,neutral,,
2012-03-02,Friday,False,,,0,0,0,neutral,,
2012-03-03,Saturday,False,,,1,0,1,bad,"A tornado outbreak occurs over a large section of the Southern United States and into the Ohio Valley region, resulting in 40 tornado-related fatalities.",https://en.wikipedia.org/wiki/Tornado_outbreak_of_March_2%E2%80%933%2C_2012
2012-03-04,Sunday,False,,,1,0,0,neutral,North Korea agrees to suspend uranium enrichment and nuclear and long-range missile tests in return for US food aid.,https://en.wikipedia.org/wiki/North_Korea
2012-03-05,Monday,False,,,0,0,0,neutral,,
2012-03-06,Tuesday,False,,,0,0,0,neutral,,
2012-03-07,Wednesday,False,,,0,0,0,neutral,,
2012-03-08,Thursday,False,,,0,0,0,neutral,,
2012-03-09,Friday,False,,,2,0,1,bad,"Tropical Storm Irina kills over 75 as it passes through Madagascar. || Two people are killed and six more are injured in a shooting at a hair salon in Bucharest, Romania.",https://en.wikipedia.org/wiki/Tropical_Storm_Irina || https://en.wikipedia.org/wiki/2012_Bucharest_hair_salon_shooting
2012-03-10,Saturday,False,,,1,0,0,neutral,A truce between the Salvadoran government and gangs in the country goes into effect when 30 gang leaders are transferred to lower security prisons.,https://en.wikipedia.org/wiki/2012%E2%80%932014_Salvadoran_gang_truce
2012-03-11,Sunday,False,,,1,0,0,neutral,A U.S. soldier kills 16 civilians in the Panjwayi District of Afghanistan near Kandahar.,https://en.wikipedia.org/wiki/Kandahar_massacre
2012-03-12,Monday,False,,,0,0,0,neutral,,
2012-03-13,Tuesday,False,,,1,0,1,bad,"The Sierre coach crash kills 28 people, including 22 children.",https://en.wikipedia.org/wiki/Sierre_coach_crash
2012-03-14,Wednesday,False,,,0,0,0,neutral,,
2012-03-15,Thursday,False,,,0,0,0,neutral,,
2012-03-16,Friday,False,,,1,1,0,good,Former Indian cricketer Sachin Tendulkar becomes the first batter in history to score 100 centuries in international cricket.,https://en.wikipedia.org/wiki/Sachin_Tendulkar
2012-03-17,Saturday,False,,,0,0,0,neutral,,
2012-03-18,Sunday,False,,,0,0,0,neutral,,
2012-03-19,Monday,False,,,0,0,0,neutral,,
2012-03-20,Tuesday,False,,,1,0,1,bad,At least 52 people are killed and more than 250 injured in a wave of terror attacks across ten cities in Iraq.,https://en.wikipedia.org/wiki/20_March_2012_Iraq_attacks
2012-03-21,Wednesday,False,,,0,0,0,neutral,,
2012-03-22,Thursday,False,,,0,0,0,neutral,,
2012-03-23,Friday,False,,,0,0,0,neutral,,
2012-03-24,Saturday,False,,,0,0,0,neutral,,
2012-03-25,Sunday,False,,,0,0,0,neutral,,
2012-03-26,Monday,False,,,0,0,0,neutral,,
2012-03-27,Tuesday,False,,,0,0,0,neutral,,
2012-03-28,Wednesday,False,,,0,0,0,neutral,,
2012-03-29,Thursday,False,,,0,0,0,neutral,,
2012-03-30,Friday,False,,,0,0,0,neutral,,
2012-03-31,Saturday,False,,,0,0,0,neutral,,
2012-04-01,Sunday,False,,,0,0,0,neutral,,
2012-04-02,Monday,False,,,0,0,0,neutral,,
2012-04-03,Tuesday,False,,,0,0,0,neutral,,
2012-04-04,Wednesday,False,,,2,0,2,bad,"A mass shooting at Oikos University in California leaves seven people dead and three injured. || UTair Flight 120 crashes after takeoff from Roshchino International Airport in Tyumen, Russia, killing 33 and injuring 10.",https://en.wikipedia.org/wiki/2012_Oikos_University_shooting || https://en.wikipedia.org/wiki/UTair_Flight_120
2012-04-05,Thursday,True,Mahavir Jayanti,general,0,0,0,neutral,,
2012-04-06,Friday,True,Good Friday,christian,1,0,0,neutral,Azawad declares itself independent from the Republic of Mali.,https://en.wikipedia.org/wiki/Azawad
2012-04-07,Saturday,False,,,0,0,0,neutral,,
2012-04-08,Sunday,False,,,0,0,0,neutral,,
2012-04-09,Monday,False,,,0,0,0,neutral,,
2012-04-10,Tuesday,False,,,0,0,0,neutral,,
2012-04-11,Wednesday,False,,,1,0,1,bad,"A pair of great earthquakes occur in the Wharton Basin west of Sumatra in Indonesia. The maximum Mercalli intensity of this strike-slip doublet earthquake is VII (Very strong). Ten are killed, twelve are injured, and a non-destructive tsunami is observed on the island of Nias.",https://en.wikipedia.org/wiki/2012_Indian_Ocean_earthquakes
2012-04-12,Thursday,False,,,0,0,0,neutral,,
2012-04-13,Friday,False,,,0,0,0,neutral,,
2012-04-14,Saturday,False,,,0,0,0,neutral,,
2012-04-15,Sunday,False,,,0,0,0,neutral,,
2012-04-16,Monday,False,,,2,1,1,bad,"The trial for Anders Behring Breivik, the perpetrator of the 2011 Norway attacks, begins in Oslo, Norway. || The Pulitzer Prize winners were announced, it was the first time since 1977 that no book won the Fiction Prize.",https://en.wikipedia.org/wiki/Trial_of_Anders_Behring_Breivik || https://en.wikipedia.org/wiki/2012_Pulitzer_Prize
2012-04-17,Tuesday,False,,,0,0,0,neutral,,
2012-04-18,Wednesday,False,,,0,0,0,neutral,,
2012-04-19,Thursday,False,,,0,0,0,neutral,,
2012-04-20,Friday,False,,,0,0,0,neutral,,
2012-04-21,Saturday,False,,,1,0,0,neutral,"Two trains are involved in a head-on collision near Sloterdijk, Amsterdam, in the Netherlands, killing one person and injuring 116 others.",https://en.wikipedia.org/wiki/Amsterdam_Westerpark_train_collision
2012-04-22,Sunday,False,,,0,0,0,neutral,,
2012-04-23,Monday,False,,,0,0,0,neutral,,
2012-04-24,Tuesday,False,,,0,0,0,neutral,,
2012-04-25,Wednesday,False,,,1,0,1,bad,At least four explosions hit the Ukrainian city of Dnipropetrovsk with at least 27 people injured.,https://en.wikipedia.org/wiki/2012_Dnipropetrovsk_explosions
2012-04-26,Thursday,False,,,0,0,0,neutral,,
2012-04-27,Friday,False,,,0,0,0,neutral,,
2012-04-28,Saturday,False,,,1,0,1,bad,"One hundred twenty-seven people are killed when a plane crashes in a residential area near the Benazir Bhutto International Airport near Islamabad, Pakistan.",https://en.wikipedia.org/wiki/Bhoja_Air_Flight_213
2012-04-29,Sunday,False,,,0,0,0,neutral,,
2012-04-30,Monday,False,,,1,0,1,bad,An overloaded ferry capsizes on the Brahmaputra River in India killing at least 108 people.  At least 150 more are missing and presumed dead.,https://en.wikipedia.org/wiki/Assam_ferry_sinking
2012-05-01,Tuesday,False,,,0,0,0,neutral,,
2012-05-02,Wednesday,False,,,1,1,0,good,"A pastel version of The Scream, by Norwegian painter Edvard Munch, sells for $120 million in a New York City auction, setting a new world record for a work of art at auction.",https://en.wikipedia.org/wiki/Pastel
2012-05-03,Thursday,False,,,0,0,0,neutral,,
2012-05-04,Friday,False,,,0,0,0,neutral,,
2012-05-05,Saturday,False,,,0,0,0,neutral,,
2012-05-06,Sunday,True,Buddha Purnima,general,0,0,0,neutral,,
2012-05-07,Monday,False,,,0,0,0,neutral,,
2012-05-08,Tuesday,False,,,0,0,0,neutral,,
2012-05-09,Wednesday,False,,,0,0,0,neutral,,
2012-05-10,Thursday,False,,,1,0,1,bad,"The Damascus bombings are carried out using a pair of car bombs detonated by suicide bombers outside a military intelligence complex in Damascus, Syria, killing 55 people.",https://en.wikipedia.org/wiki/10_May_2012_Damascus_bombings
2012-05-11,Friday,False,,,0,0,0,neutral,,
2012-05-12,Saturday,False,,,0,0,0,neutral,,
2012-05-13,Sunday,False,,,0,0,0,neutral,,
2012-05-14,Monday,False,,,0,0,0,neutral,,
2012-05-15,Tuesday,False,,,0,0,0,neutral,,
2012-05-16,Wednesday,False,,,0,0,0,neutral,,
2012-05-17,Thursday,False,,,0,0,0,neutral,,
2012-05-18,Friday,False,,,0,0,0,neutral,,
2012-05-19,Saturday,False,,,0,0,0,neutral,,
2012-05-20,Sunday,False,,,0,0,0,neutral,,
2012-05-21,Monday,False,,,0,0,0,neutral,,
2012-05-22,Tuesday,False,,,0,0,0,neutral,,
2012-05-23,Wednesday,False,,,0,0,0,neutral,,
2012-05-24,Thursday,False,,,0,0,0,neutral,,
2012-05-25,Friday,False,,,0,0,0,neutral,,
2012-05-26,Saturday,False,,,0,0,0,neutral,,
2012-05-27,Sunday,False,,,0,0,0,neutral,,
2012-05-28,Monday,False,,,0,0,0,neutral,,
2012-05-29,Tuesday,False,,,0,0,0,neutral,,
2012-05-30,Wednesday,False,,,0,0,0,neutral,,
2012-05-31,Thursday,False,,,0,0,0,neutral,,
2012-06-01,Friday,False,,,0,0,0,neutral,,
2012-06-02,Saturday,False,,,0,0,0,neutral,,
2012-06-03,Sunday,False,,,0,0,0,neutral,,
2012-06-04,Monday,False,,,0,0,0,neutral,,
2012-06-05,Tuesday,False,,,0,0,0,neutral,,
2012-06-06,Wednesday,False,,,0,0,0,neutral,,
2012-06-07,Thursday,False,,,0,0,0,neutral,,
2012-06-08,Friday,False,,,0,0,0,neutral,,
2012-06-09,Saturday,False,,,0,0,0,neutral,,
2012-06-10,Sunday,False,,,0,0,0,neutral,,
2012-06-11,Monday,False,,,0,0,0,neutral,,
2012-06-12,Tuesday,False,,,0,0,0,neutral,,
2012-06-13,Wednesday,False,,,0,0,0,neutral,,
2012-06-14,Thursday,False,,,0,0,0,neutral,,
2012-06-15,Friday,False,,,0,0,0,neutral,,
2012-06-16,Saturday,False,,,0,0,0,neutral,,
2012-06-17,Sunday,False,,,0,0,0,neutral,,
2012-06-18,Monday,False,,,0,0,0,neutral,,
2012-06-19,Tuesday,False,,,0,0,0,neutral,,
2012-06-20,Wednesday,False,,,0,0,0,neutral,,
2012-06-21,Thursday,False,,,0,0,0,neutral,,
2012-06-22,Friday,False,,,0,0,0,neutral,,
2012-06-23,Saturday,False,,,0,0,0,neutral,,
2012-06-24,Sunday,False,,,0,0,0,neutral,,
2012-06-25,Monday,False,,,0,0,0,neutral,,
2012-06-26,Tuesday,False,,,0,0,0,neutral,,
2012-06-27,Wednesday,False,,,0,0,0,neutral,,
2012-06-28,Thursday,False,,,0,0,0,neutral,,
2012-06-29,Friday,False,,,0,0,0,neutral,,
2012-06-30,Saturday,False,,,0,0,0,neutral,,
2012-07-01,Sunday,False,,,0,0,0,neutral,,
2012-07-02,Monday,False,,,0,0,0,neutral,,
2012-07-03,Tuesday,False,,,0,0,0,neutral,,
2012-07-04,Wednesday,False,,,0,0,0,neutral,,
2012-07-05,Thursday,False,,,0,0,0,neutral,,
2012-07-06,Friday,False,,,0,0,0,neutral,,
2012-07-07,Saturday,False,,,0,0,0,neutral,,
2012-07-08,Sunday,False,,,0,0,0,neutral,,
2012-07-09,Monday,False,,,0,0,0,neutral,,
2012-07-10,Tuesday,False,,,0,0,0,neutral,,
2012-07-11,Wednesday,False,,,0,0,0,neutral,,
2012-07-12,Thursday,False,,,0,0,0,neutral,,
2012-07-13,Friday,False,,,0,0,0,neutral,,
2012-07-14,Saturday,False,,,0,0,0,neutral,,
2012-07-15,Sunday,False,,,0,0,0,neutral,,
2012-07-16,Monday,False,,,0,0,0,neutral,,
2012-07-17,Tuesday,False,,,0,0,0,neutral,,
2012-07-18,Wednesday,False,,,0,0,0,neutral,,
2012-07-19,Thursday,False,,,0,0,0,neutral,,
2012-07-20,Friday,False,,,0,0,0,neutral,,
2012-07-21,Saturday,False,,,0,0,0,neutral,,
2012-07-22,Sunday,False,,,0,0,0,neutral,,
2012-07-23,Monday,False,,,0,0,0,neutral,,
2012-07-24,Tuesday,False,,,0,0,0,neutral,,
2012-07-25,Wednesday,False,,,0,0,0,neutral,,
2012-07-26,Thursday,False,,,0,0,0,neutral,,
2012-07-27,Friday,False,,,0,0,0,neutral,,
2012-07-28,Saturday,False,,,0,0,0,neutral,,
2012-07-29,Sunday,False,,,0,0,0,neutral,,
2012-07-30,Monday,False,,,0,0,0,neutral,,
2012-07-31,Tuesday,False,,,0,0,0,neutral,,
2012-08-01,Wednesday,False,,,0,0,0,neutral,,
2012-08-02,Thursday,False,,,0,0,0,neutral,,
2012-08-03,Friday,False,,,0,0,0,neutral,,
2012-08-04,Saturday,False,,,0,0,0,neutral,,
2012-08-05,Sunday,False,,,0,0,0,neutral,,
2012-08-06,Monday,False,,,0,0,0,neutral,,
2012-08-07,Tuesday,False,,,0,0,0,neutral,,
2012-08-08,Wednesday,False,,,0,0,0,neutral,,
2012-08-09,Thursday,False,,,0,0,0,neutral,,
2012-08-10,Friday,True,Janmashtami,hindu,0,0,0,neutral,,
2012-08-11,Saturday,False,,,0,0,0,neutral,,
2012-08-12,Sunday,False,,,0,0,0,neutral,,
2012-08-13,Monday,False,,,0,0,0,neutral,,
2012-08-14,Tuesday,False,,,0,0,0,neutral,,
2012-08-15,Wednesday,True,Independence Day,general,0,0,0,neutral,,
2012-08-16,Thursday,False,,,0,0,0,neutral,,
2012-08-17,Friday,False,,,0,0,0,neutral,,
2012-08-18,Saturday,False,,,0,0,0,neutral,,
2012-08-19,Sunday,False,,,0,0,0,neutral,,
2012-08-20,Monday,True,Id-ul-Fitr,general,0,0,0,neutral,,
2012-08-21,Tuesday,False,,,0,0,0,neutral,,
2012-08-22,Wednesday,False,,,0,0,0,neutral,,
2012-08-23,Thursday,False,,,0,0,0,neutral,,
2012-08-24,Friday,False,,,0,0,0,neutral,,
2012-08-25,Saturday,False,,,0,0,0,neutral,,
2012-08-26,Sunday,False,,,0,0,0,neutral,,
2012-08-27,Monday,False,,,0,0,0,neutral,,
2012-08-28,Tuesday,False,,,0,0,0,neutral,,
2012-08-29,Wednesday,False,,,0,0,0,neutral,,
2012-08-30,Thursday,False,,,0,0,0,neutral,,
2012-08-31,Friday,False,,,0,0,0,neutral,,
2012-09-01,Saturday,False,,,0,0,0,neutral,,
2012-09-02,Sunday,False,,,0,0,0,neutral,,
2012-09-03,Monday,False,,,0,0,0,neutral,,
2012-09-04,Tuesday,False,,,0,0,0,neutral,,
2012-09-05,Wednesday,False,,,0,0,0,neutral,,
2012-09-06,Thursday,False,,,0,0,0,neutral,,
2012-09-07,Friday,False,,,0,0,0,neutral,,
2012-09-08,Saturday,False,,,0,0,0,neutral,,
2012-09-09,Sunday,False,,,0,0,0,neutral,,
2012-09-10,Monday,False,,,0,0,0,neutral,,
2012-09-11,Tuesday,False,,,0,0,0,neutral,,
2012-09-12,Wednesday,False,,,0,0,0,neutral,,
2012-09-13,Thursday,False,,,0,0,0,neutral,,
2012-09-14,Friday,False,,,0,0,0,neutral,,
2012-09-15,Saturday,False,,,0,0,0,neutral,,
2012-09-16,Sunday,False,,,0,0,0,neutral,,
2012-09-17,Monday,False,,,0,0,0,neutral,,
2012-09-18,Tuesday,False,,,0,0,0,neutral,,
2012-09-19,Wednesday,False,,,0,0,0,neutral,,
2012-09-20,Thursday,False,,,0,0,0,neutral,,
2012-09-21,Friday,False,,,0,0,0,neutral,,
2012-09-22,Saturday,False,,,0,0,0,neutral,,
2012-09-23,Sunday,False,,,0,0,0,neutral,,
2012-09-24,Monday,False,,,0,0,0,neutral,,
2012-09-25,Tuesday,False,,,0,0,0,neutral,,
2012-09-26,Wednesday,False,,,0,0,0,neutral,,
2012-09-27,Thursday,False,,,0,0,0,neutral,,
2012-09-28,Friday,False,,,0,0,0,neutral,,
2012-09-29,Saturday,False,,,0,0,0,neutral,,
2012-09-30,Sunday,False,,,0,0,0,neutral,,
2012-10-01,Monday,False,,,0,0,0,neutral,,
2012-10-02,Tuesday,True,Gandhi Jayanti,general,0,0,0,neutral,,
2012-10-03,Wednesday,False,,,0,0,0,neutral,,
2012-10-04,Thursday,False,,,0,0,0,neutral,,
2012-10-05,Friday,False,,,0,0,0,neutral,,
2012-10-06,Saturday,False,,,0,0,0,neutral,,
2012-10-07,Sunday,False,,,0,0,0,neutral,,
2012-10-08,Monday,False,,,0,0,0,neutral,,
2012-10-09,Tuesday,False,,,0,0,0,neutral,,
2012-10-10,Wednesday,False,,,0,0,0,neutral,,
2012-10-11,Thursday,False,,,0,0,0,neutral,,
2012-10-12,Friday,False,,,0,0,0,neutral,,
2012-10-13,Saturday,False,,,0,0,0,neutral,,
2012-10-14,Sunday,False,,,0,0,0,neutral,,
2012-10-15,Monday,False,,,0,0,0,neutral,,
2012-10-16,Tuesday,False,,,0,0,0,neutral,,
2012-10-17,Wednesday,False,,,0,0,0,neutral,,
2012-10-18,Thursday,False,,,0,0,0,neutral,,
2012-10-19,Friday,False,,,0,0,0,neutral,,
2012-10-20,Saturday,False,,,0,0,0,neutral,,
2012-10-21,Sunday,False,,,0,0,0,neutral,,
2012-10-22,Monday,False,,,0,0,0,neutral,,
2012-10-23,Tuesday,False,,,0,0,0,neutral,,
2012-10-24,Wednesday,True,Dussehra,hindu,0,0,0,neutral,,
2012-10-25,Thursday,False,,,0,0,0,neutral,,
2012-10-26,Friday,False,,,0,0,0,neutral,,
2012-10-27,Saturday,True,Bakrid,muslim,0,0,0,neutral,,
2012-10-28,Sunday,False,,,0,0,0,neutral,,
2012-10-29,Monday,False,,,0,0,0,neutral,,
2012-10-30,Tuesday,False,,,0,0,0,neutral,,
2012-10-31,Wednesday,False,,,0,0,0,neutral,,
2012-11-01,Thursday,False,,,0,0,0,neutral,,
2012-11-02,Friday,False,,,0,0,0,neutral,,
2012-11-03,Saturday,False,,,0,0,0,neutral,,
2012-11-04,Sunday,False,,,0,0,0,neutral,,
2012-11-05,Monday,False,,,0,0,0,neutral,,
2012-11-06,Tuesday,False,,,0,0,0,neutral,,
2012-11-07,Wednesday,False,,,0,0,0,neutral,,
2012-11-08,Thursday,False,,,0,0,0,neutral,,
2012-11-09,Friday,False,,,0,0,0,neutral,,
2012-11-10,Saturday,False,,,0,0,0,neutral,,
2012-11-11,Sunday,False,,,0,0,0,neutral,,
2012-11-12,Monday,False,,,0,0,0,neutral,,
2012-11-13,Tuesday,True,Diwali,hindu,0,0,0,neutral,,
2012-11-14,Wednesday,False,,,0,0,0,neutral,,
2012-11-15,Thursday,False,,,0,0,0,neutral,,
2012-11-16,Friday,False,,,0,0,0,neutral,,
2012-11-17,Saturday,False,,,0,0,0,neutral,,
2012-11-18,Sunday,False,,,0,0,0,neutral,,
2012-11-19,Monday,False,,,0,0,0,neutral,,
2012-11-20,Tuesday,False,,,0,0,0,neutral,,
2012-11-21,Wednesday,False,,,0,0,0,neutral,,
2012-11-22,Thursday,False,,,0,0,0,neutral,,
2012-11-23,Friday,False,,,0,0,0,neutral,,
2012-11-24,Saturday,False,,,0,0,0,neutral,,
2012-11-25,Sunday,True,Muharram,muslim,0,0,0,neutral,,
2012-11-26,Monday,False,,,0,0,0,neutral,,
2012-11-27,Tuesday,False,,,0,0,0,neutral,,
2012-11-28,Wednesday,True,Guru Nanak Jayanti,sikh,0,0,0,neutral,,
2012-11-29,Thursday,False,,,0,0,0,neutral,,
2012-11-30,Friday,False,,,0,0,0,neutral,,
2012-12-01,Saturday,False,,,0,0,0,neutral,,
2012-12-02,Sunday,False,,,0,0,0,neutral,,
2012-12-03,Monday,False,,,0,0,0,neutral,,
2012-12-04,Tuesday,False,,,0,0,0,neutral,,
2012-12-05,Wednesday,False,,,0,0,0,neutral,,
2012-12-06,Thursday,False,,,0,0,0,neutral,,
2012-12-07,Friday,False,,,0,0,0,neutral,,
2012-12-08,Saturday,False,,,0,0,0,neutral,,
2012-12-09,Sunday,False,,,0,0,0,neutral,,
2012-12-10,Monday,False,,,0,0,0,neutral,,
2012-12-11,Tuesday,False,,,0,0,0,neutral,,
2012-12-12,Wednesday,False,,,0,0,0,neutral,,
2012-12-13,Thursday,False,,,0,0,0,neutral,,
2012-12-14,Friday,False,,,0,0,0,neutral,,
2012-12-15,Saturday,False,,,0,0,0,neutral,,
2012-12-16,Sunday,False,,,0,0,0,neutral,,
2012-12-17,Monday,False,,,0,0,0,neutral,,
2012-12-18,Tuesday,False,,,0,0,0,neutral,,
2012-12-19,Wednesday,False,,,0,0,0,neutral,,
2012-12-20,Thursday,False,,,0,0,0,neutral,,
2012-12-21,Friday,False,,,0,0,0,neutral,,
2012-12-22,Saturday,False,,,0,0,0,neutral,,
2012-12-23,Sunday,False,,,0,0,0,neutral,,
2012-12-24,Monday,False,,,0,0,0,neutral,,
2012-12-25,Tuesday,True,Christmas,christian,0,0,0,neutral,,
2012-12-26,Wednesday,False,,,0,0,0,neutral,,
2012-12-27,Thursday,False,,,0,0,0,neutral,,
2012-12-28,Friday,False,,,0,0,0,neutral,,
2012-12-29,Saturday,False,,,0,0,0,neutral,,
2012-12-30,Sunday,False,,,0,0,0,neutral,,
2012-12-31,Monday,False,,,0,0,0,neutral,,
2013-01-01,Tuesday,False,,,1,0,1,bad,"At least 60 people are killed and 200 injured in a stampede after celebrations at Félix Houphouët-Boigny Stadium in Abidjan, Ivory Coast.",https://en.wikipedia.org/wiki/2013_Houphou%C3%ABt-Boigny_stampede
2013-01-02,Wednesday,False,,,1,0,1,bad,"One French soldier and 17 militants are killed in a failed attempt to free a French hostage in Bulo Marer, Somalia.",https://en.wikipedia.org/wiki/Bulo_Marer_hostage_rescue_attempt
2013-01-03,Thursday,False,,,0,0,0,neutral,,
2013-01-04,Friday,False,,,0,0,0,neutral,,
2013-01-05,Saturday,False,,,0,0,0,neutral,,
2013-01-06,Sunday,False,,,0,0,0,neutral,,
2013-01-07,Monday,False,,,0,0,0,neutral,,
2013-01-08,Tuesday,False,,,0,0,0,neutral,,
2013-01-09,Wednesday,False,,,1,0,0,neutral,"A train carrying Egyptian Army recruits derails near Giza, Greater Cairo, killing 19 and injuring 120 others.",https://en.wikipedia.org/wiki/Badrashin_railway_accident
2013-01-10,Thursday,False,,,1,0,1,bad,More than 100 people are killed and 270 injured in several bomb blasts in the Quetta area of Pakistan.,https://en.wikipedia.org/wiki/January_2013_Pakistan_bombings
2013-01-11,Friday,False,,,2,0,1,bad,"Former cyclist Lance Armstrong confesses to his doping in an airing of Oprah's Next Chapter. || Shahzad Luqman is murdered by members of Golden Dawn in Petralona, Athens, leading the creation of new measures to combat race-based attacks in Greece.",https://en.wikipedia.org/wiki/Lance_Armstrong || https://en.wikipedia.org/wiki/Murder_of_Shahzad_Luqman
2013-01-12,Saturday,False,,,0,0,0,neutral,,
2013-01-13,Sunday,False,,,0,0,0,neutral,,
2013-01-14,Monday,False,,,0,0,0,neutral,,
2013-01-15,Tuesday,False,,,0,0,0,neutral,,
2013-01-16,Wednesday,False,,,1,0,0,neutral,"A gunman kills eight people in a house-to-house rampage in Kawit, Cavite, Philippines.",https://en.wikipedia.org/wiki/Kawit_shooting
2013-01-17,Thursday,False,,,0,0,0,neutral,,
2013-01-18,Friday,False,,,0,0,0,neutral,,
2013-01-19,Saturday,False,,,0,0,0,neutral,,
2013-01-20,Sunday,False,,,0,0,0,neutral,,
2013-01-21,Monday,False,,,0,0,0,neutral,,
2013-01-22,Tuesday,False,,,0,0,0,neutral,,
2013-01-23,Wednesday,False,,,0,0,0,neutral,,
2013-01-24,Thursday,False,,,0,0,0,neutral,,
2013-01-25,Friday,True,Milad-un-Nabi,muslim,1,0,1,bad,"At least 50 people are killed and 120 people are injured in a prison riot in Barquisimeto, Venezuela.",https://en.wikipedia.org/wiki/2013_Uribana_prison_riot
2013-01-26,Saturday,True,Republic Day,general,0,0,0,neutral,,
2013-01-27,Sunday,False,,,1,0,0,neutral,"Two hundred and forty-two people die in a nightclub fire in the Brazilian city of Santa Maria, Rio Grande do Sul.",https://en.wikipedia.org/wiki/Kiss_nightclub_fire
2013-01-28,Monday,False,,,0,0,0,neutral,,
2013-01-29,Tuesday,False,,,1,0,1,bad,"SCAT Airlines Flight 760 crashes near the Kazakh city of Almaty, killing 21 people.",https://en.wikipedia.org/wiki/SCAT_Airlines_Flight_760
2013-01-30,Wednesday,False,,,1,1,0,good,Naro-1 becomes the first carrier rocket launched by South Korea.,https://en.wikipedia.org/wiki/Naro-1
2013-01-31,Thursday,False,,,0,0,0,neutral,,
2013-02-01,Friday,False,,,1,1,0,good,"The Shard, the sixth-tallest building in Europe, opens its viewing gallery to the public.",https://en.wikipedia.org/wiki/The_Shard
2013-02-02,Saturday,False,,,0,0,0,neutral,,
2013-02-03,Sunday,False,,,0,0,0,neutral,,
2013-02-04,Monday,False,,,0,0,0,neutral,,
2013-02-05,Tuesday,False,,,0,0,0,neutral,,
2013-02-06,Wednesday,False,,,0,0,0,neutral,,
2013-02-07,Thursday,False,,,1,0,0,neutral,"The U.S. state of Mississippi officially certifies the Thirteenth Amendment, becoming the last state to approve the abolition of slavery. The Thirteenth Amendment was formally ratified by Mississippi in 1995.",https://en.wikipedia.org/wiki/Mississippi
2013-02-08,Friday,False,,,1,0,0,neutral,A blizzard kills at least 18 and leaves hundreds of thousands of people without electricity in the northeastern United States and parts of Canada.,https://en.wikipedia.org/wiki/February_2013_North_American_blizzard
2013-02-09,Saturday,False,,,0,0,0,neutral,,
2013-02-10,Sunday,False,,,1,0,1,bad,"Thirty-six people are killed and 39 others are injured in a stampede in Allahabad, India, during the Kumbh Mela festival.",https://en.wikipedia.org/wiki/2013_Prayag_Kumbh_Mela_stampede
2013-02-11,Monday,False,,,2,0,0,neutral,"The Vatican confirmed that Pope Benedict XVI would resign the papacy as a result of his advanced age. || Militants claiming to be from the Sultanate of Sulu invade Lahad Datu District, Sabah, Malaysia, beginning the Lahad Datu standoff.",https://en.wikipedia.org/wiki/Pope_Benedict_XVI || https://en.wikipedia.org/wiki/Sultanate_of_Sulu
2013-02-12,Tuesday,False,,,0,0,0,neutral,,
2013-02-13,Wednesday,False,,,0,0,0,neutral,,
2013-02-14,Thursday,False,,,0,0,0,neutral,,
2013-02-15,Friday,False,,,1,0,1,bad,"A bomb blast at a market in Hazara Town, Quetta, Pakistan kills more than 80 people and injures 190 others.",https://en.wikipedia.org/wiki/February_2013_Quetta_bombing
2013-02-16,Saturday,False,,,1,0,0,neutral,"A meteor explodes over Russia, injuring 1,500 people as a shock wave blows out windows and rocks buildings. This happens unexpectedly only hours before the expected closest ever approach of the larger and unrelated asteroid 2012 DA14.",https://en.wikipedia.org/wiki/Chelyabinsk_meteor
2013-02-17,Sunday,False,,,0,0,0,neutral,,
2013-02-18,Monday,False,,,1,0,0,neutral,Armed robbers steal a haul of diamonds worth $50 million during a raid at Brussels Airport in Belgium.,https://en.wikipedia.org/wiki/Brussels_Airport_diamond_heist
2013-02-19,Tuesday,False,,,0,0,0,neutral,,
2013-02-20,Wednesday,False,,,0,0,0,neutral,,
2013-02-21,Thursday,False,,,1,0,1,bad,At least 17 people are killed and 119 injured following several bombings in the Indian city of Hyderabad.,https://en.wikipedia.org/wiki/2013_Hyderabad_blasts
2013-02-22,Friday,False,,,0,0,0,neutral,,
2013-02-23,Saturday,False,,,0,0,0,neutral,,
2013-02-24,Sunday,False,,,0,0,0,neutral,,
2013-02-25,Monday,False,,,0,0,0,neutral,,
2013-02-26,Tuesday,False,,,1,0,1,bad,"A hot air balloon crashes near Luxor, Egypt, killing 19 people.",https://en.wikipedia.org/wiki/Hot_air_balloon
2013-02-27,Wednesday,False,,,0,0,0,neutral,,
2013-02-28,Thursday,False,,,1,1,0,good,"Pope Benedict XVI resigns as the pope of the Catholic Church, becoming the first pope to do so since Pope Gregory XII in 1415.",https://en.wikipedia.org/wiki/Pope_Benedict_XVI
2013-03-01,Friday,False,,,0,0,0,neutral,,
2013-03-02,Saturday,False,,,1,0,1,bad,"A shooting takes place at a factory in Menznau, Switzerland, in which five people (including the perpetrator) are killed and five others injured.",https://en.wikipedia.org/wiki/2013_Menznau_shooting
2013-03-03,Sunday,False,,,0,0,0,neutral,,
2013-03-04,Monday,False,,,0,0,0,neutral,,
2013-03-05,Tuesday,False,,,0,0,0,neutral,,
2013-03-06,Wednesday,False,,,0,0,0,neutral,,
2013-03-07,Thursday,False,,,0,0,0,neutral,,
2013-03-08,Friday,False,,,1,0,1,bad,"A bomb blast in Karachi, Pakistan, kills at least 48 people and injured 200 others in a predominantly Shia Muslim area.",https://en.wikipedia.org/wiki/March_2013_Karachi_bombing
2013-03-09,Saturday,False,,,0,0,0,neutral,,
2013-03-10,Sunday,True,Maha Shivaratri,general,0,0,0,neutral,,
2013-03-11,Monday,False,,,0,0,0,neutral,,
2013-03-12,Tuesday,False,,,0,0,0,neutral,,
2013-03-13,Wednesday,False,,,1,0,0,neutral,The 2013 papal conclave elects Cardinal Jorge Mario Bergoglio taking the name Pope Francis as the 266th Pope of the Catholic Church.,https://en.wikipedia.org/wiki/2013_conclave
2013-03-14,Thursday,False,,,0,0,0,neutral,,
2013-03-15,Friday,False,,,0,0,0,neutral,,
2013-03-16,Saturday,False,,,0,0,0,neutral,,
2013-03-17,Sunday,False,,,0,0,0,neutral,,
2013-03-18,Monday,False,,,0,0,0,neutral,,
2013-03-19,Tuesday,False,,,1,0,1,bad,A series of bombings and shootings kills at least 98 people and injures 240 others across Iraq.,https://en.wikipedia.org/wiki/19_March_2013_Iraq_attacks
2013-03-20,Wednesday,False,,,0,0,0,neutral,,
2013-03-21,Thursday,False,,,0,0,0,neutral,,
2013-03-22,Friday,False,,,1,0,1,bad,"At least 37 people are killed and 200 are injured after a fire destroys a camp containing Burmese refugees near Ban Mae, Thailand.",https://en.wikipedia.org/wiki/2013_Thailand_refugee_camp_fire
2013-03-23,Saturday,False,,,0,0,0,neutral,,
2013-03-24,Sunday,False,,,0,0,0,neutral,,
2013-03-25,Monday,False,,,0,0,0,neutral,,
2013-03-26,Tuesday,False,,,0,0,0,neutral,,
2013-03-27,Wednesday,False,,,0,0,0,neutral,,
2013-03-28,Thursday,False,,,0,0,0,neutral,,
2013-03-29,Friday,True,Good Friday,christian,1,0,1,bad,"At least 36 people are killed when a 16-floor building collapses in the commercial capital Dar es Salaam, Tanzania.",https://en.wikipedia.org/wiki/2013_Dar_es_Salaam_building_collapse
2013-03-30,Saturday,False,,,0,0,0,neutral,,
2013-03-31,Sunday,False,,,1,0,1,bad,"More than 50 people die in floods resulting from record-breaking rainfall in La Plata and Buenos Aires, Argentina.",https://en.wikipedia.org/wiki/2013_Argentina_floods
2013-04-01,Monday,False,,,1,0,1,bad,"74 people are killed in a building collapse in Thane, India.",https://en.wikipedia.org/wiki/2013_Thane_building_collapse
2013-04-02,Tuesday,False,,,0,0,0,neutral,,
2013-04-03,Wednesday,False,,,0,0,0,neutral,,
2013-04-04,Thursday,False,,,0,0,0,neutral,,
2013-04-05,Friday,False,,,0,0,0,neutral,,
2013-04-06,Saturday,False,,,0,0,0,neutral,,
2013-04-07,Sunday,False,,,0,0,0,neutral,,
2013-04-08,Monday,False,,,0,0,0,neutral,,
2013-04-09,Tuesday,False,,,2,0,2,bad,A 6.1–magnitude earthquake strikes Iran killing 32 people and injuring over 850 people. || At least 13 people are killed and another three injured after a man goes on a spree shooting in the Serbian village of Velika Ivanča.,https://en.wikipedia.org/wiki/2013_Bushehr_earthquake || https://en.wikipedia.org/wiki/Velika_Ivan%C4%8Da_shooting
2013-04-10,Wednesday,False,,,0,0,0,neutral,,
2013-04-11,Thursday,False,,,0,0,0,neutral,,
2013-04-12,Friday,False,,,1,0,1,bad,"Two suicide bombers kill three Chadian soldiers and injure dozens of civilians at a market in Kidal, Mali.",https://en.wikipedia.org/wiki/April_2013_Kidal_attack
2013-04-13,Saturday,False,,,1,0,0,neutral,Salam Fayyad resigns as Prime Minister of the Palestinian National Authority following an ongoing dispute with the President Mahmoud Abbas.,https://en.wikipedia.org/wiki/Salam_Fayyad
2013-04-14,Sunday,False,,,0,0,0,neutral,,
2013-04-15,Monday,False,,,2,0,2,bad,"Two bombs explode near the finish line at the Boston Marathon in Boston, Massachusetts, killing three people and injuring over 500 others. || A wave of bombings across Iraq kills at least 75 people.",https://en.wikipedia.org/wiki/Boston_Marathon_bombing || https://en.wikipedia.org/wiki/15_April_2013_Iraq_attacks
2013-04-16,Tuesday,False,,,2,0,2,bad,"A 7.8-magnitude earthquake strikes Sistan and Baluchestan province, Iran, killing at least 35 people and injuring 117 others. || The 2013 Baga massacre is started when Boko Haram militants engage government soldiers in Baga.",https://en.wikipedia.org/wiki/Moment_magnitude_scale || https://en.wikipedia.org/wiki/2013_Baga_massacre
2013-04-17,Wednesday,False,,,0,0,0,neutral,,
2013-04-18,Thursday,False,,,2,0,2,bad,"A building collapses near Dhaka, Bangladesh, killing 1,134 people and injuring about 2,500 others. || Violence in Bachu County, Kashgar Prefecture, of China's Xinjiang results in death of 21 people.",https://en.wikipedia.org/wiki/Rana_Plaza_collapse || https://en.wikipedia.org/wiki/April_2013_Bachu_unrest
2013-04-19,Friday,False,,,1,0,1,bad,Boston Marathon bombing suspect Tamerlan Tsarnaev is killed in a shootout with police. His brother Dzhokhar is later captured hiding in a boat inside a backyard in the suburb of Watertown.,https://en.wikipedia.org/wiki/Boston_Marathon_bombing
2013-04-20,Saturday,False,,,0,0,0,neutral,,
2013-04-21,Sunday,False,,,0,0,0,neutral,,
2013-04-22,Monday,False,,,0,0,0,neutral,,
2013-04-23,Tuesday,False,,,1,0,1,bad,"An explosion at a fertilizer plant in the city of West, Texas, kills 15 people and injures 160 others.",https://en.wikipedia.org/wiki/West_Fertilizer_Company_explosion
2013-04-24,Wednesday,True,Mahavir Jayanti,general,0,0,0,neutral,,
2013-04-25,Thursday,False,,,0,0,0,neutral,,
2013-04-26,Friday,False,,,1,0,1,bad,"At least 111 people are killed and 233 injured as violence breaks out in Hawija, Iraq.",https://en.wikipedia.org/wiki/2013_Hawija_clashes
2013-04-27,Saturday,False,,,0,0,0,neutral,,
2013-04-28,Sunday,False,,,1,0,1,bad,"A 6.6-magnitude earthquake strikes Lushan County, Ya'an, in China's Sichuan province, killing at least 193 people and injuring thousands.",https://en.wikipedia.org/wiki/Moment_magnitude_scale
2013-04-29,Monday,False,,,2,0,2,bad,"A powerful explosion occurs in an office building in Prague, believed to have been caused by natural gas, and injures 43 people. || National Airlines Flight 102, a Boeing 747-400 freighter aircraft, crashes during takeoff from Bagram Airfield in Parwan Province, Afghanistan, killing all seven people on board.",https://en.wikipedia.org/wiki/2013_Prague_explosion || https://en.wikipedia.org/wiki/National_Airlines_Flight_102
2013-04-30,Tuesday,False,,,1,1,0,good,Willem-Alexander is inaugurated as King of the Netherlands following the abdication of Beatrix.,https://en.wikipedia.org/wiki/Willem-Alexander_of_the_Netherlands
2013-05-01,Wednesday,False,,,0,0,0,neutral,,
2013-05-02,Thursday,False,,,0,0,0,neutral,,
2013-05-03,Friday,False,,,0,0,0,neutral,,
2013-05-04,Saturday,False,,,0,0,0,neutral,,
2013-05-05,Sunday,False,,,0,0,0,neutral,,
2013-05-06,Monday,False,,,1,0,0,neutral,"Three women, kidnapped and missing for more than a decade, are found alive in Cleveland, Ohio, in the United States.",https://en.wikipedia.org/wiki/Ariel_Castro_kidnappings
2013-05-07,Tuesday,False,,,0,0,0,neutral,,
2013-05-08,Wednesday,False,,,0,0,0,neutral,,
2013-05-09,Thursday,False,,,0,0,0,neutral,,
2013-05-10,Friday,False,,,1,0,0,neutral,One World Trade Center becomes the tallest building in the Western Hemisphere.,https://en.wikipedia.org/wiki/One_World_Trade_Center
2013-05-11,Saturday,False,,,1,0,1,bad,"Fifty-two people are killed in a bombing in Reyhanlı, Turkey.",https://en.wikipedia.org/wiki/2013_Reyhanl%C4%B1_car_bombings
2013-05-12,Sunday,False,,,0,0,0,neutral,,
2013-05-13,Monday,False,,,0,0,0,neutral,,
2013-05-14,Tuesday,False,,,0,0,0,neutral,,
2013-05-15,Wednesday,False,,,0,0,0,neutral,,
2013-05-16,Thursday,False,,,0,0,0,neutral,,
2013-05-17,Friday,False,,,0,0,0,neutral,,
2013-05-18,Saturday,False,,,0,0,0,neutral,,
2013-05-19,Sunday,False,,,0,0,0,neutral,,
2013-05-20,Monday,False,,,0,0,0,neutral,,
2013-05-21,Tuesday,False,,,0,0,0,neutral,,
2013-05-22,Wednesday,False,,,0,0,0,neutral,,
2013-05-23,Thursday,False,,,0,0,0,neutral,,
2013-05-24,Friday,False,,,0,0,0,neutral,,
2013-05-25,Saturday,True,Buddha Purnima,general,0,0,0,neutral,,
2013-05-26,Sunday,False,,,0,0,0,neutral,,
2013-05-27,Monday,False,,,0,0,0,neutral,,
2013-05-28,Tuesday,False,,,0,0,0,neutral,,
2013-05-29,Wednesday,False,,,0,0,0,neutral,,
2013-05-30,Thursday,False,,,0,0,0,neutral,,
2013-05-31,Friday,False,,,0,0,0,neutral,,
2013-06-01,Saturday,False,,,0,0,0,neutral,,
2013-06-02,Sunday,False,,,0,0,0,neutral,,
2013-06-03,Monday,False,,,0,0,0,neutral,,
2013-06-04,Tuesday,False,,,0,0,0,neutral,,
2013-06-05,Wednesday,False,,,0,0,0,neutral,,
2013-06-06,Thursday,False,,,0,0,0,neutral,,
2013-06-07,Friday,False,,,0,0,0,neutral,,
2013-06-08,Saturday,False,,,0,0,0,neutral,,
2013-06-09,Sunday,False,,,0,0,0,neutral,,
2013-06-10,Monday,False,,,0,0,0,neutral,,
2013-06-11,Tuesday,False,,,0,0,0,neutral,,
2013-06-12,Wednesday,False,,,0,0,0,neutral,,
2013-06-13,Thursday,False,,,0,0,0,neutral,,
2013-06-14,Friday,False,,,0,0,0,neutral,,
2013-06-15,Saturday,False,,,0,0,0,neutral,,
2013-06-16,Sunday,False,,,0,0,0,neutral,,
2013-06-17,Monday,False,,,0,0,0,neutral,,
2013-06-18,Tuesday,False,,,0,0,0,neutral,,
2013-06-19,Wednesday,False,,,0,0,0,neutral,,
2013-06-20,Thursday,False,,,0,0,0,neutral,,
2013-06-21,Friday,False,,,0,0,0,neutral,,
2013-06-22,Saturday,False,,,0,0,0,neutral,,
2013-06-23,Sunday,False,,,0,0,0,neutral,,
2013-06-24,Monday,False,,,0,0,0,neutral,,
2013-06-25,Tuesday,False,,,0,0,0,neutral,,
2013-06-26,Wednesday,False,,,0,0,0,neutral,,
2013-06-27,Thursday,False,,,0,0,0,neutral,,
2013-06-28,Friday,False,,,0,0,0,neutral,,
2013-06-29,Saturday,False,,,0,0,0,neutral,,
2013-06-30,Sunday,False,,,0,0,0,neutral,,
2013-07-01,Monday,False,,,0,0,0,neutral,,
2013-07-02,Tuesday,False,,,0,0,0,neutral,,
2013-07-03,Wednesday,False,,,0,0,0,neutral,,
2013-07-04,Thursday,False,,,0,0,0,neutral,,
2013-07-05,Friday,False,,,0,0,0,neutral,,
2013-07-06,Saturday,False,,,0,0,0,neutral,,
2013-07-07,Sunday,False,,,0,0,0,neutral,,
2013-07-08,Monday,False,,,0,0,0,neutral,,
2013-07-09,Tuesday,False,,,0,0,0,neutral,,
2013-07-10,Wednesday,False,,,0,0,0,neutral,,
2013-07-11,Thursday,False,,,0,0,0,neutral,,
2013-07-12,Friday,False,,,0,0,0,neutral,,
2013-07-13,Saturday,False,,,0,0,0,neutral,,
2013-07-14,Sunday,False,,,0,0,0,neutral,,
2013-07-15,Monday,False,,,0,0,0,neutral,,
2013-07-16,Tuesday,False,,,0,0,0,neutral,,
2013-07-17,Wednesday,False,,,0,0,0,neutral,,
2013-07-18,Thursday,False,,,0,0,0,neutral,,
2013-07-19,Friday,False,,,0,0,0,neutral,,
2013-07-20,Saturday,False,,,0,0,0,neutral,,
2013-07-21,Sunday,False,,,0,0,0,neutral,,
2013-07-22,Monday,False,,,0,0,0,neutral,,
2013-07-23,Tuesday,False,,,0,0,0,neutral,,
2013-07-24,Wednesday,False,,,0,0,0,neutral,,
2013-07-25,Thursday,False,,,0,0,0,neutral,,
2013-07-26,Friday,False,,,0,0,0,neutral,,
2013-07-27,Saturday,False,,,0,0,0,neutral,,
2013-07-28,Sunday,False,,,0,0,0,neutral,,
2013-07-29,Monday,False,,,0,0,0,neutral,,
2013-07-30,Tuesday,False,,,0,0,0,neutral,,
2013-07-31,Wednesday,False,,,0,0,0,neutral,,
2013-08-01,Thursday,False,,,0,0,0,neutral,,
2013-08-02,Friday,False,,,0,0,0,neutral,,
2013-08-03,Saturday,False,,,0,0,0,neutral,,
2013-08-04,Sunday,False,,,0,0,0,neutral,,
2013-08-05,Monday,False,,,0,0,0,neutral,,
2013-08-06,Tuesday,False,,,0,0,0,neutral,,
2013-08-07,Wednesday,False,,,0,0,0,neutral,,
2013-08-08,Thursday,True,Id-ul-Fitr,general,0,0,0,neutral,,
2013-08-09,Friday,False,,,0,0,0,neutral,,
2013-08-10,Saturday,False,,,0,0,0,neutral,,
2013-08-11,Sunday,False,,,0,0,0,neutral,,
2013-08-12,Monday,False,,,0,0,0,neutral,,
2013-08-13,Tuesday,False,,,0,0,0,neutral,,
2013-08-14,Wednesday,False,,,0,0,0,neutral,,
2013-08-15,Thursday,True,Independence Day,general,0,0,0,neutral,,
2013-08-16,Friday,False,,,0,0,0,neutral,,
2013-08-17,Saturday,False,,,0,0,0,neutral,,
2013-08-18,Sunday,False,,,0,0,0,neutral,,
2013-08-19,Monday,False,,,0,0,0,neutral,,
2013-08-20,Tuesday,False,,,0,0,0,neutral,,
2013-08-21,Wednesday,False,,,0,0,0,neutral,,
2013-08-22,Thursday,False,,,0,0,0,neutral,,
2013-08-23,Friday,False,,,0,0,0,neutral,,
2013-08-24,Saturday,False,,,0,0,0,neutral,,
2013-08-25,Sunday,False,,,0,0,0,neutral,,
2013-08-26,Monday,False,,,0,0,0,neutral,,
2013-08-27,Tuesday,False,,,0,0,0,neutral,,
2013-08-28,Wednesday,True,Janmashtami,hindu,0,0,0,neutral,,
2013-08-29,Thursday,False,,,0,0,0,neutral,,
2013-08-30,Friday,False,,,0,0,0,neutral,,
2013-08-31,Saturday,False,,,0,0,0,neutral,,
2013-09-01,Sunday,False,,,0,0,0,neutral,,
2013-09-02,Monday,False,,,0,0,0,neutral,,
2013-09-03,Tuesday,False,,,0,0,0,neutral,,
2013-09-04,Wednesday,False,,,0,0,0,neutral,,
2013-09-05,Thursday,False,,,0,0,0,neutral,,
2013-09-06,Friday,False,,,0,0,0,neutral,,
2013-09-07,Saturday,False,,,0,0,0,neutral,,
2013-09-08,Sunday,False,,,0,0,0,neutral,,
2013-09-09,Monday,False,,,0,0,0,neutral,,
2013-09-10,Tuesday,False,,,0,0,0,neutral,,
2013-09-11,Wednesday,False,,,0,0,0,neutral,,
2013-09-12,Thursday,False,,,0,0,0,neutral,,
2013-09-13,Friday,False,,,0,0,0,neutral,,
2013-09-14,Saturday,False,,,0,0,0,neutral,,
2013-09-15,Sunday,False,,,0,0,0,neutral,,
2013-09-16,Monday,False,,,0,0,0,neutral,,
2013-09-17,Tuesday,False,,,0,0,0,neutral,,
2013-09-18,Wednesday,False,,,0,0,0,neutral,,
2013-09-19,Thursday,False,,,0,0,0,neutral,,
2013-09-20,Friday,False,,,0,0,0,neutral,,
2013-09-21,Saturday,False,,,0,0,0,neutral,,
2013-09-22,Sunday,False,,,0,0,0,neutral,,
2013-09-23,Monday,False,,,0,0,0,neutral,,
2013-09-24,Tuesday,False,,,0,0,0,neutral,,
2013-09-25,Wednesday,False,,,0,0,0,neutral,,
2013-09-26,Thursday,False,,,0,0,0,neutral,,
2013-09-27,Friday,False,,,0,0,0,neutral,,
2013-09-28,Saturday,False,,,0,0,0,neutral,,
2013-09-29,Sunday,False,,,0,0,0,neutral,,
2013-09-30,Monday,False,,,0,0,0,neutral,,
2013-10-01,Tuesday,False,,,0,0,0,neutral,,
2013-10-02,Wednesday,True,Gandhi Jayanti,general,0,0,0,neutral,,
2013-10-03,Thursday,False,,,0,0,0,neutral,,
2013-10-04,Friday,False,,,0,0,0,neutral,,
2013-10-05,Saturday,False,,,0,0,0,neutral,,
2013-10-06,Sunday,False,,,0,0,0,neutral,,
2013-10-07,Monday,False,,,0,0,0,neutral,,
2013-10-08,Tuesday,False,,,0,0,0,neutral,,
2013-10-09,Wednesday,False,,,0,0,0,neutral,,
2013-10-10,Thursday,False,,,0,0,0,neutral,,
2013-10-11,Friday,False,,,0,0,0,neutral,,
2013-10-12,Saturday,False,,,0,0,0,neutral,,
2013-10-13,Sunday,True,Dussehra,hindu,0,0,0,neutral,,
2013-10-14,Monday,False,,,0,0,0,neutral,,
2013-10-15,Tuesday,False,,,0,0,0,neutral,,
2013-10-16,Wednesday,True,Bakrid,muslim,0,0,0,neutral,,
2013-10-17,Thursday,False,,,0,0,0,neutral,,
2013-10-18,Friday,False,,,0,0,0,neutral,,
2013-10-19,Saturday,False,,,0,0,0,neutral,,
2013-10-20,Sunday,False,,,0,0,0,neutral,,
2013-10-21,Monday,False,,,0,0,0,neutral,,
2013-10-22,Tuesday,False,,,0,0,0,neutral,,
2013-10-23,Wednesday,False,,,0,0,0,neutral,,
2013-10-24,Thursday,False,,,0,0,0,neutral,,
2013-10-25,Friday,False,,,0,0,0,neutral,,
2013-10-26,Saturday,False,,,0,0,0,neutral,,
2013-10-27,Sunday,False,,,0,0,0,neutral,,
2013-10-28,Monday,False,,,0,0,0,neutral,,
2013-10-29,Tuesday,False,,,0,0,0,neutral,,
2013-10-30,Wednesday,False,,,0,0,0,neutral,,
2013-10-31,Thursday,False,,,0,0,0,neutral,,
2013-11-01,Friday,False,,,0,0,0,neutral,,
2013-11-02,Saturday,False,,,0,0,0,neutral,,
2013-11-03,Sunday,True,Diwali,hindu,0,0,0,neutral,,
2013-11-04,Monday,False,,,0,0,0,neutral,,
2013-11-05,Tuesday,False,,,0,0,0,neutral,,
2013-11-06,Wednesday,False,,,0,0,0,neutral,,
2013-11-07,Thursday,False,,,0,0,0,neutral,,
2013-11-08,Friday,False,,,0,0,0,neutral,,
2013-11-09,Saturday,False,,,0,0,0,neutral,,
2013-11-10,Sunday,False,,,0,0,0,neutral,,
2013-11-11,Monday,False,,,0,0,0,neutral,,
2013-11-12,Tuesday,False,,,0,0,0,neutral,,
2013-11-13,Wednesday,False,,,0,0,0,neutral,,
2013-11-14,Thursday,True,Muharram,muslim,0,0,0,neutral,,
2013-11-15,Friday,False,,,0,0,0,neutral,,
2013-11-16,Saturday,False,,,0,0,0,neutral,,
2013-11-17,Sunday,True,Guru Nanak Jayanti,sikh,0,0,0,neutral,,
2013-11-18,Monday,False,,,0,0,0,neutral,,
2013-11-19,Tuesday,False,,,0,0,0,neutral,,
2013-11-20,Wednesday,False,,,0,0,0,neutral,,
2013-11-21,Thursday,False,,,0,0,0,neutral,,
2013-11-22,Friday,False,,,0,0,0,neutral,,
2013-11-23,Saturday,False,,,0,0,0,neutral,,
2013-11-24,Sunday,False,,,0,0,0,neutral,,
2013-11-25,Monday,False,,,0,0,0,neutral,,
2013-11-26,Tuesday,False,,,0,0,0,neutral,,
2013-11-27,Wednesday,False,,,0,0,0,neutral,,
2013-11-28,Thursday,False,,,0,0,0,neutral,,
2013-11-29,Friday,False,,,0,0,0,neutral,,
2013-11-30,Saturday,False,,,0,0,0,neutral,,
2013-12-01,Sunday,False,,,0,0,0,neutral,,
2013-12-02,Monday,False,,,0,0,0,neutral,,
2013-12-03,Tuesday,False,,,0,0,0,neutral,,
2013-12-04,Wednesday,False,,,0,0,0,neutral,,
2013-12-05,Thursday,False,,,0,0,0,neutral,,
2013-12-06,Friday,False,,,0,0,0,neutral,,
2013-12-07,Saturday,False,,,0,0,0,neutral,,
2013-12-08,Sunday,False,,,0,0,0,neutral,,
2013-12-09,Monday,False,,,0,0,0,neutral,,
2013-12-10,Tuesday,False,,,0,0,0,neutral,,
2013-12-11,Wednesday,False,,,0,0,0,neutral,,
2013-12-12,Thursday,False,,,0,0,0,neutral,,
2013-12-13,Friday,False,,,0,0,0,neutral,,
2013-12-14,Saturday,False,,,0,0,0,neutral,,
2013-12-15,Sunday,False,,,0,0,0,neutral,,
2013-12-16,Monday,False,,,0,0,0,neutral,,
2013-12-17,Tuesday,False,,,0,0,0,neutral,,
2013-12-18,Wednesday,False,,,0,0,0,neutral,,
2013-12-19,Thursday,False,,,0,0,0,neutral,,
2013-12-20,Friday,False,,,0,0,0,neutral,,
2013-12-21,Saturday,False,,,0,0,0,neutral,,
2013-12-22,Sunday,False,,,0,0,0,neutral,,
2013-12-23,Monday,False,,,0,0,0,neutral,,
2013-12-24,Tuesday,False,,,0,0,0,neutral,,
2013-12-25,Wednesday,True,Christmas,christian,0,0,0,neutral,,
2013-12-26,Thursday,False,,,0,0,0,neutral,,
2013-12-27,Friday,False,,,0,0,0,neutral,,
2013-12-28,Saturday,False,,,0,0,0,neutral,,
2013-12-29,Sunday,False,,,0,0,0,neutral,,
2013-12-30,Monday,False,,,0,0,0,neutral,,
2013-12-31,Tuesday,False,,,0,0,0,neutral,,
2014-01-01,Wednesday,False,,,0,0,0,neutral,,
2014-01-02,Thursday,False,,,0,0,0,neutral,,
2014-01-03,Friday,False,,,0,0,0,neutral,,
2014-01-04,Saturday,False,,,0,0,0,neutral,,
2014-01-05,Sunday,False,,,0,0,0,neutral,,
2014-01-06,Monday,False,,,1,1,0,good,A launch of the communication satellite GSAT-14 aboard the GSLV MK.II D5 marks the first successful flight of an Indian cryogenic engine.,https://en.wikipedia.org/wiki/GSAT-14
2014-01-07,Tuesday,False,,,0,0,0,neutral,,
2014-01-08,Wednesday,False,,,0,0,0,neutral,,
2014-01-09,Thursday,False,,,0,0,0,neutral,,
2014-01-10,Friday,False,,,0,0,0,neutral,,
2014-01-11,Saturday,False,,,0,0,0,neutral,,
2014-01-12,Sunday,False,,,0,0,0,neutral,,
2014-01-13,Monday,False,,,0,0,0,neutral,,
2014-01-14,Tuesday,True,Milad-un-Nabi,muslim,0,0,0,neutral,,
2014-01-15,Wednesday,False,,,1,0,1,bad,"An explosion at a Mitsubishi Materials chemical plant in Yokkaichi, Japan, kills at least five people and injures 17 others.",https://en.wikipedia.org/wiki/Mitsubishi_Materials_chemical_plant_explosion
2014-01-16,Thursday,False,,,0,0,0,neutral,,
2014-01-17,Friday,False,,,0,0,0,neutral,,
2014-01-18,Saturday,False,,,0,0,0,neutral,,
2014-01-19,Sunday,False,,,1,0,1,bad,A bomb attack on an army convoy in the city of Bannu kills at least 26 Pakistani soldiers and injures 38 others.,https://en.wikipedia.org/wiki/2014_Bannu_bombing
2014-01-20,Monday,False,,,0,0,0,neutral,,
2014-01-21,Tuesday,False,,,1,0,1,bad,Rojava conflict: The Jazira Canton declares its autonomy from the Syrian Arab Republic.,https://en.wikipedia.org/wiki/Rojava_conflict
2014-01-22,Wednesday,False,,,0,0,0,neutral,,
2014-01-23,Thursday,False,,,0,0,0,neutral,,
2014-01-24,Friday,False,,,0,0,0,neutral,,
2014-01-25,Saturday,False,,,0,0,0,neutral,,
2014-01-26,Sunday,True,Republic Day,general,0,0,0,neutral,,
2014-01-27,Monday,False,,,1,0,1,bad,Rojava conflict: The Kobanî Canton declares its autonomy from the Syrian Arab Republic.,https://en.wikipedia.org/wiki/Rojava_conflict
2014-01-28,Tuesday,False,,,0,0,0,neutral,,
2014-01-29,Wednesday,False,,,1,0,1,bad,Rojava conflict: The Afrin Canton declares its autonomy from the Syrian Arab Republic.,https://en.wikipedia.org/wiki/Rojava_conflict
2014-01-30,Thursday,False,,,0,0,0,neutral,,
2014-01-31,Friday,False,,,0,0,0,neutral,,
2014-02-01,Saturday,False,,,0,0,0,neutral,,
2014-02-02,Sunday,False,,,0,0,0,neutral,,
2014-02-03,Monday,False,,,1,0,1,bad,"A school shooting in Moscow, Russia leaves 2 people dead and 1 wounded.",https://en.wikipedia.org/wiki/2014_Moscow_school_shooting
2014-02-04,Tuesday,False,,,0,0,0,neutral,,
2014-02-05,Wednesday,False,,,0,0,0,neutral,,
2014-02-06,Thursday,False,,,0,0,0,neutral,,
2014-02-07,Friday,False,,,1,0,0,neutral,"Scientists announce that the Happisburgh footprints in Norfolk, England, date back to more than 800,000 years ago, making them the oldest known hominid footprints outside Africa.",https://en.wikipedia.org/wiki/Happisburgh_footprints
2014-02-08,Saturday,False,,,1,0,0,neutral,"A hotel fire in Medina, Saudi Arabia, kills 15 Egyptian pilgrims with 130 others injured.",https://en.wikipedia.org/wiki/2014_Medina_hotel_fire
2014-02-09,Sunday,False,,,0,0,0,neutral,,
2014-02-10,Monday,False,,,0,0,0,neutral,,
2014-02-11,Tuesday,False,,,1,0,1,bad,"A military transport plane crashes in a mountainous area of Oum El Bouaghi Province in eastern Algeria, killing 77 people.",https://en.wikipedia.org/wiki/2014_Algerian_Air_Force_C-130_crash
2014-02-12,Wednesday,False,,,0,0,0,neutral,,
2014-02-13,Thursday,False,,,0,0,0,neutral,,
2014-02-14,Friday,False,,,0,0,0,neutral,,
2014-02-15,Saturday,False,,,0,0,0,neutral,,
2014-02-16,Sunday,False,,,0,0,0,neutral,,
2014-02-17,Monday,False,,,0,0,0,neutral,,
2014-02-18,Tuesday,False,,,1,0,1,bad,"At least 76 people are killed and hundreds are injured in clashes between riot police and demonstrators in Kyiv, Ukraine.",https://en.wikipedia.org/wiki/Revolution_of_Dignity
2014-02-19,Wednesday,False,,,0,0,0,neutral,,
2014-02-20,Thursday,False,,,1,0,1,bad,"Dozens of Euromaidan anti-government protesters died in Ukraine's capital Kyiv, many reportedly killed by snipers.",https://en.wikipedia.org/wiki/Euromaidan
2014-02-21,Friday,False,,,0,0,0,neutral,,
2014-02-22,Saturday,False,,,1,0,0,neutral,"President Viktor Yanukovych of Ukraine is impeached by the Verkhovna Rada of Ukraine by a vote of 328–0, fulfilling a major goal of the Euromaidan rebellion.",https://en.wikipedia.org/wiki/Viktor_Yanukovych
2014-02-23,Sunday,False,,,0,0,0,neutral,,
2014-02-24,Monday,False,,,0,0,0,neutral,,
2014-02-25,Tuesday,False,,,0,0,0,neutral,,
2014-02-26,Wednesday,False,,,0,0,0,neutral,,
2014-02-27,Thursday,True,Maha Shivaratri,general,0,0,0,neutral,,
2014-02-28,Friday,False,,,0,0,0,neutral,,
2014-03-01,Saturday,False,,,1,0,1,bad,Thirty-five people are killed and 143 injured in a mass stabbing at Kunming Railway Station in China.,https://en.wikipedia.org/wiki/2014_Kunming_attack
2014-03-02,Sunday,False,,,0,0,0,neutral,,
2014-03-03,Monday,False,,,0,0,0,neutral,,
2014-03-04,Tuesday,False,,,0,0,0,neutral,,
2014-03-05,Wednesday,False,,,0,0,0,neutral,,
2014-03-06,Thursday,False,,,0,0,0,neutral,,
2014-03-07,Friday,False,,,1,0,0,neutral,"In one of aviation's greatest mysteries, Malaysia Airlines Flight 370, carrying a total of 239 people, disappears en route from Kuala Lumpur to Beijing. The fate of the flight remains unknown.",https://en.wikipedia.org/wiki/Malaysia_Airlines_Flight_370
2014-03-08,Saturday,False,,,0,0,0,neutral,,
2014-03-09,Sunday,False,,,0,0,0,neutral,,
2014-03-10,Monday,False,,,0,0,0,neutral,,
2014-03-11,Tuesday,False,,,0,0,0,neutral,,
2014-03-12,Wednesday,False,,,1,0,1,bad,A gas explosion in the New York City neighborhood of East Harlem kills eight and injures 70 others.,https://en.wikipedia.org/wiki/2014_East_Harlem_gas_explosion
2014-03-13,Thursday,False,,,0,0,0,neutral,,
2014-03-14,Friday,False,,,0,0,0,neutral,,
2014-03-15,Saturday,False,,,0,0,0,neutral,,
2014-03-16,Sunday,False,,,1,0,0,neutral,Crimea votes in a controversial referendum to secede from Ukraine to join Russia.,https://en.wikipedia.org/wiki/Crimea
2014-03-17,Monday,False,,,0,0,0,neutral,,
2014-03-18,Tuesday,False,,,1,1,0,good,The parliaments of Russia and Crimea sign an accession treaty.,https://en.wikipedia.org/wiki/Crimea
2014-03-19,Wednesday,False,,,0,0,0,neutral,,
2014-03-20,Thursday,False,,,1,0,1,bad,"Four suspected Taliban members attack the Kabul Serena Hotel, killing at least nine people.",https://en.wikipedia.org/wiki/Taliban
2014-03-21,Friday,False,,,0,0,0,neutral,,
2014-03-22,Saturday,False,,,0,0,0,neutral,,
2014-03-23,Sunday,False,,,1,0,1,bad,"The World Health Organization (WHO) reports cases of Ebola in the forested rural region of southeastern Guinea, marking the beginning of the largest Ebola outbreak in history.",https://en.wikipedia.org/wiki/World_Health_Organization
2014-03-24,Monday,False,,,0,0,0,neutral,,
2014-03-25,Tuesday,False,,,0,0,0,neutral,,
2014-03-26,Wednesday,False,,,0,0,0,neutral,,
2014-03-27,Thursday,False,,,1,0,1,bad,"Philippines signs a peace accord with the largest Muslim rebel group, the Moro Islamic Liberation Front, ending decades of conflict.",https://en.wikipedia.org/wiki/Government_of_the_Philippines
2014-03-28,Friday,False,,,0,0,0,neutral,,
2014-03-29,Saturday,False,,,1,1,0,good,The first same-sex marriages in England and Wales are performed.,https://en.wikipedia.org/wiki/Same-sex_marriage_in_the_United_Kingdom
2014-03-30,Sunday,False,,,0,0,0,neutral,,
2014-03-31,Monday,False,,,0,0,0,neutral,,
2014-04-01,Tuesday,False,,,0,0,0,neutral,,
2014-04-02,Wednesday,False,,,0,0,0,neutral,,
2014-04-03,Thursday,False,,,0,0,0,neutral,,
2014-04-04,Friday,False,,,1,0,1,bad,"A spree shooting occurs at the Fort Hood army base in Texas, with four dead, including the gunman, and 16 others injured.",https://en.wikipedia.org/wiki/2014_Fort_Hood_shootings
2014-04-05,Saturday,False,,,0,0,0,neutral,,
2014-04-06,Sunday,False,,,0,0,0,neutral,,
2014-04-07,Monday,False,,,0,0,0,neutral,,
2014-04-08,Tuesday,False,,,1,0,0,neutral,Windows XP reaches its standard End Of Life and is no longer supported.,https://en.wikipedia.org/wiki/Windows_XP
2014-04-09,Wednesday,False,,,1,0,0,neutral,"A student stabs 20 people at Franklin Regional High School in Murrysville, Pennsylvania.",https://en.wikipedia.org/wiki/Franklin_Regional_High_School_stabbing
2014-04-10,Thursday,False,,,0,0,0,neutral,,
2014-04-11,Friday,False,,,0,0,0,neutral,,
2014-04-12,Saturday,False,,,1,0,0,neutral,"The Great Fire of Valparaíso ravages the Chilean city of Valparaíso, killing 16 people, displacing nearly 10,000, and destroying over 2,000 homes.",https://en.wikipedia.org/wiki/Great_Fire_of_Valpara%C3%ADso
2014-04-13,Sunday,True,Mahavir Jayanti,general,1,0,1,bad,"Three people are killed in a shooting in Overland Park, Kansas.",https://en.wikipedia.org/wiki/2014_Overland_Park_shootings
2014-04-14,Monday,False,,,2,0,1,bad,"Two bombs detonate at a bus station in Nyanya, Nigeria, killing at least 88 people and injuring hundreds. Boko Haram claims responsibility. || Boko Haram abducts 276 girls from a school in Chibok, Nigeria.",https://en.wikipedia.org/wiki/April_2014_Nyanya_bombing || https://en.wikipedia.org/wiki/Chibok_schoolgirls_kidnapping
2014-04-15,Tuesday,False,,,1,0,1,bad,"In the worst massacre of the South Sudanese Civil War, more than 400 civilians are gunned down after seeking refuge in houses of worship as well as hospitals.",https://en.wikipedia.org/wiki/Bentiu_massacre
2014-04-16,Wednesday,False,,,1,0,0,neutral,"The South Korean ferry MV Sewol capsizes and sinks near Jindo Island, killing 304 passengers and crew and leading to widespread criticism of the South Korean government, media, and shipping authorities.",https://en.wikipedia.org/wiki/South_Korea
2014-04-17,Thursday,False,,,0,0,0,neutral,,
2014-04-18,Friday,True,Good Friday,christian,0,0,0,neutral,,
2014-04-19,Saturday,False,,,0,0,0,neutral,,
2014-04-20,Sunday,False,,,1,0,0,neutral,"The Flint water crisis begins when officials at Flint, Michigan switch the city's water supply to the Flint River, leading to lead and bacteria contamination.",https://en.wikipedia.org/wiki/Flint_water_crisis
2014-04-21,Monday,False,,,1,0,0,neutral,"The American city of Flint, Michigan switches its water source to the Flint River, beginning the ongoing Flint water crisis which has caused lead poisoning in up to 12,000 people, and at least 12 deaths from Legionnaires' disease, ultimately leading to criminal indictments against 15 people, five of whom have been charged with involuntary manslaughter.",https://en.wikipedia.org/wiki/Flint%2C_Michigan
2014-04-22,Tuesday,False,,,0,0,0,neutral,,
2014-04-23,Wednesday,False,,,1,1,0,good,NASA's Kepler space telescope confirms the discovery of the first Earth-size planet in the habitable zone of another star.,https://en.wikipedia.org/wiki/NASA
2014-04-24,Thursday,False,,,0,0,0,neutral,,
2014-04-25,Friday,False,,,0,0,0,neutral,,
2014-04-26,Saturday,False,,,0,0,0,neutral,,
2014-04-27,Sunday,False,,,0,0,0,neutral,,
2014-04-28,Monday,False,,,0,0,0,neutral,,
2014-04-29,Tuesday,False,,,0,0,0,neutral,,
2014-04-30,Wednesday,False,,,1,0,1,bad,"A bomb blast in Ürümqi, China kills three people and injures 79 others.",https://en.wikipedia.org/wiki/April_2014_%C3%9Cr%C3%BCmqi_attack
2014-05-01,Thursday,False,,,0,0,0,neutral,,
2014-05-02,Friday,False,,,1,0,0,neutral,"Two mudslides in Badakhshan, Afghanistan, leave up to 2,500 people missing.",https://en.wikipedia.org/wiki/2014_Badakhshan_mudslides
2014-05-03,Saturday,False,,,0,0,0,neutral,,
2014-05-04,Sunday,False,,,1,0,1,bad,"Three people are killed and 62 injured in a pair of bombings on buses in Nairobi, Kenya.",https://en.wikipedia.org/wiki/2011%E2%80%932014_terrorist_attacks_in_Kenya
2014-05-05,Monday,False,,,0,0,0,neutral,,
2014-05-06,Tuesday,False,,,0,0,0,neutral,,
2014-05-07,Wednesday,False,,,0,0,0,neutral,,
2014-05-08,Thursday,False,,,0,0,0,neutral,,
2014-05-09,Friday,False,,,0,0,0,neutral,,
2014-05-10,Saturday,False,,,0,0,0,neutral,,
2014-05-11,Sunday,False,,,1,0,1,bad,"Fifteen people are killed and 46 injured in Kinshasa, DRC, in a stampede caused by tear gas being thrown into soccer stands by police officers.",https://en.wikipedia.org/wiki/Kinshasa
2014-05-12,Monday,False,,,0,0,0,neutral,,
2014-05-13,Tuesday,False,,,0,0,0,neutral,,
2014-05-14,Wednesday,True,Buddha Purnima,general,0,0,0,neutral,,
2014-05-15,Thursday,False,,,0,0,0,neutral,,
2014-05-16,Friday,False,,,0,0,0,neutral,,
2014-05-17,Saturday,False,,,0,0,0,neutral,,
2014-05-18,Sunday,False,,,0,0,0,neutral,,
2014-05-19,Monday,False,,,0,0,0,neutral,,
2014-05-20,Tuesday,False,,,0,0,0,neutral,,
2014-05-21,Wednesday,False,,,0,0,0,neutral,,
2014-05-22,Thursday,False,,,0,0,0,neutral,,
2014-05-23,Friday,False,,,0,0,0,neutral,,
2014-05-24,Saturday,False,,,0,0,0,neutral,,
2014-05-25,Sunday,False,,,0,0,0,neutral,,
2014-05-26,Monday,False,,,0,0,0,neutral,,
2014-05-27,Tuesday,False,,,0,0,0,neutral,,
2014-05-28,Wednesday,False,,,0,0,0,neutral,,
2014-05-29,Thursday,False,,,0,0,0,neutral,,
2014-05-30,Friday,False,,,0,0,0,neutral,,
2014-05-31,Saturday,False,,,0,0,0,neutral,,
2014-06-01,Sunday,False,,,0,0,0,neutral,,
2014-06-02,Monday,False,,,0,0,0,neutral,,
2014-06-03,Tuesday,False,,,0,0,0,neutral,,
2014-06-04,Wednesday,False,,,0,0,0,neutral,,
2014-06-05,Thursday,False,,,0,0,0,neutral,,
2014-06-06,Friday,False,,,0,0,0,neutral,,
2014-06-07,Saturday,False,,,0,0,0,neutral,,
2014-06-08,Sunday,False,,,0,0,0,neutral,,
2014-06-09,Monday,False,,,0,0,0,neutral,,
2014-06-10,Tuesday,False,,,0,0,0,neutral,,
2014-06-11,Wednesday,False,,,0,0,0,neutral,,
2014-06-12,Thursday,False,,,0,0,0,neutral,,
2014-06-13,Friday,False,,,0,0,0,neutral,,
2014-06-14,Saturday,False,,,0,0,0,neutral,,
2014-06-15,Sunday,False,,,0,0,0,neutral,,
2014-06-16,Monday,False,,,0,0,0,neutral,,
2014-06-17,Tuesday,False,,,0,0,0,neutral,,
2014-06-18,Wednesday,False,,,0,0,0,neutral,,
2014-06-19,Thursday,False,,,0,0,0,neutral,,
2014-06-20,Friday,False,,,0,0,0,neutral,,
2014-06-21,Saturday,False,,,0,0,0,neutral,,
2014-06-22,Sunday,False,,,0,0,0,neutral,,
2014-06-23,Monday,False,,,0,0,0,neutral,,
2014-06-24,Tuesday,False,,,0,0,0,neutral,,
2014-06-25,Wednesday,False,,,0,0,0,neutral,,
2014-06-26,Thursday,False,,,0,0,0,neutral,,
2014-06-27,Friday,False,,,0,0,0,neutral,,
2014-06-28,Saturday,False,,,0,0,0,neutral,,
2014-06-29,Sunday,False,,,0,0,0,neutral,,
2014-06-30,Monday,False,,,0,0,0,neutral,,
2014-07-01,Tuesday,False,,,0,0,0,neutral,,
2014-07-02,Wednesday,False,,,0,0,0,neutral,,
2014-07-03,Thursday,False,,,0,0,0,neutral,,
2014-07-04,Friday,False,,,0,0,0,neutral,,
2014-07-05,Saturday,False,,,0,0,0,neutral,,
2014-07-06,Sunday,False,,,0,0,0,neutral,,
2014-07-07,Monday,False,,,0,0,0,neutral,,
2014-07-08,Tuesday,False,,,0,0,0,neutral,,
2014-07-09,Wednesday,False,,,0,0,0,neutral,,
2014-07-10,Thursday,False,,,0,0,0,neutral,,
2014-07-11,Friday,False,,,0,0,0,neutral,,
2014-07-12,Saturday,False,,,0,0,0,neutral,,
2014-07-13,Sunday,False,,,0,0,0,neutral,,
2014-07-14,Monday,False,,,0,0,0,neutral,,
2014-07-15,Tuesday,False,,,0,0,0,neutral,,
2014-07-16,Wednesday,False,,,0,0,0,neutral,,
2014-07-17,Thursday,False,,,0,0,0,neutral,,
2014-07-18,Friday,False,,,0,0,0,neutral,,
2014-07-19,Saturday,False,,,0,0,0,neutral,,
2014-07-20,Sunday,False,,,0,0,0,neutral,,
2014-07-21,Monday,False,,,0,0,0,neutral,,
2014-07-22,Tuesday,False,,,0,0,0,neutral,,
2014-07-23,Wednesday,False,,,0,0,0,neutral,,
2014-07-24,Thursday,False,,,0,0,0,neutral,,
2014-07-25,Friday,False,,,0,0,0,neutral,,
2014-07-26,Saturday,False,,,0,0,0,neutral,,
2014-07-27,Sunday,False,,,0,0,0,neutral,,
2014-07-28,Monday,False,,,0,0,0,neutral,,
2014-07-29,Tuesday,True,Id-ul-Fitr,general,0,0,0,neutral,,
2014-07-30,Wednesday,False,,,0,0,0,neutral,,
2014-07-31,Thursday,False,,,0,0,0,neutral,,
2014-08-01,Friday,False,,,0,0,0,neutral,,
2014-08-02,Saturday,False,,,0,0,0,neutral,,
2014-08-03,Sunday,False,,,0,0,0,neutral,,
2014-08-04,Monday,False,,,0,0,0,neutral,,
2014-08-05,Tuesday,False,,,0,0,0,neutral,,
2014-08-06,Wednesday,False,,,0,0,0,neutral,,
2014-08-07,Thursday,False,,,0,0,0,neutral,,
2014-08-08,Friday,False,,,0,0,0,neutral,,
2014-08-09,Saturday,False,,,0,0,0,neutral,,
2014-08-10,Sunday,False,,,0,0,0,neutral,,
2014-08-11,Monday,False,,,0,0,0,neutral,,
2014-08-12,Tuesday,False,,,0,0,0,neutral,,
2014-08-13,Wednesday,False,,,0,0,0,neutral,,
2014-08-14,Thursday,False,,,0,0,0,neutral,,
2014-08-15,Friday,True,Independence Day,general,0,0,0,neutral,,
2014-08-16,Saturday,False,,,0,0,0,neutral,,
2014-08-17,Sunday,False,,,0,0,0,neutral,,
2014-08-18,Monday,True,Janmashtami,hindu,0,0,0,neutral,,
2014-08-19,Tuesday,False,,,0,0,0,neutral,,
2014-08-20,Wednesday,False,,,0,0,0,neutral,,
2014-08-21,Thursday,False,,,0,0,0,neutral,,
2014-08-22,Friday,False,,,0,0,0,neutral,,
2014-08-23,Saturday,False,,,0,0,0,neutral,,
2014-08-24,Sunday,False,,,0,0,0,neutral,,
2014-08-25,Monday,False,,,0,0,0,neutral,,
2014-08-26,Tuesday,False,,,0,0,0,neutral,,
2014-08-27,Wednesday,False,,,0,0,0,neutral,,
2014-08-28,Thursday,False,,,0,0,0,neutral,,
2014-08-29,Friday,False,,,0,0,0,neutral,,
2014-08-30,Saturday,False,,,0,0,0,neutral,,
2014-08-31,Sunday,False,,,0,0,0,neutral,,
2014-09-01,Monday,False,,,0,0,0,neutral,,
2014-09-02,Tuesday,False,,,0,0,0,neutral,,
2014-09-03,Wednesday,False,,,0,0,0,neutral,,
2014-09-04,Thursday,False,,,0,0,0,neutral,,
2014-09-05,Friday,False,,,0,0,0,neutral,,
2014-09-06,Saturday,False,,,0,0,0,neutral,,
2014-09-07,Sunday,False,,,0,0,0,neutral,,
2014-09-08,Monday,False,,,0,0,0,neutral,,
2014-09-09,Tuesday,False,,,0,0,0,neutral,,
2014-09-10,Wednesday,False,,,0,0,0,neutral,,
2014-09-11,Thursday,False,,,0,0,0,neutral,,
2014-09-12,Friday,False,,,0,0,0,neutral,,
2014-09-13,Saturday,False,,,0,0,0,neutral,,
2014-09-14,Sunday,False,,,0,0,0,neutral,,
2014-09-15,Monday,False,,,0,0,0,neutral,,
2014-09-16,Tuesday,False,,,0,0,0,neutral,,
2014-09-17,Wednesday,False,,,0,0,0,neutral,,
2014-09-18,Thursday,False,,,0,0,0,neutral,,
2014-09-19,Friday,False,,,0,0,0,neutral,,
2014-09-20,Saturday,False,,,0,0,0,neutral,,
2014-09-21,Sunday,False,,,0,0,0,neutral,,
2014-09-22,Monday,False,,,0,0,0,neutral,,
2014-09-23,Tuesday,False,,,0,0,0,neutral,,
2014-09-24,Wednesday,False,,,0,0,0,neutral,,
2014-09-25,Thursday,False,,,0,0,0,neutral,,
2014-09-26,Friday,False,,,0,0,0,neutral,,
2014-09-27,Saturday,False,,,0,0,0,neutral,,
2014-09-28,Sunday,False,,,0,0,0,neutral,,
2014-09-29,Monday,False,,,0,0,0,neutral,,
2014-09-30,Tuesday,False,,,0,0,0,neutral,,
2014-10-01,Wednesday,False,,,0,0,0,neutral,,
2014-10-02,Thursday,True,Gandhi Jayanti,general,0,0,0,neutral,,
2014-10-03,Friday,True,Dussehra,hindu,0,0,0,neutral,,
2014-10-04,Saturday,False,,,0,0,0,neutral,,
2014-10-05,Sunday,False,,,0,0,0,neutral,,
2014-10-06,Monday,True,Bakrid,muslim,0,0,0,neutral,,
2014-10-07,Tuesday,False,,,0,0,0,neutral,,
2014-10-08,Wednesday,False,,,0,0,0,neutral,,
2014-10-09,Thursday,False,,,0,0,0,neutral,,
2014-10-10,Friday,False,,,0,0,0,neutral,,
2014-10-11,Saturday,False,,,0,0,0,neutral,,
2014-10-12,Sunday,False,,,0,0,0,neutral,,
2014-10-13,Monday,False,,,0,0,0,neutral,,
2014-10-14,Tuesday,False,,,0,0,0,neutral,,
2014-10-15,Wednesday,False,,,0,0,0,neutral,,
2014-10-16,Thursday,False,,,0,0,0,neutral,,
2014-10-17,Friday,False,,,0,0,0,neutral,,
2014-10-18,Saturday,False,,,0,0,0,neutral,,
2014-10-19,Sunday,False,,,0,0,0,neutral,,
2014-10-20,Monday,False,,,0,0,0,neutral,,
2014-10-21,Tuesday,False,,,0,0,0,neutral,,
2014-10-22,Wednesday,False,,,0,0,0,neutral,,
2014-10-23,Thursday,True,Diwali,hindu,0,0,0,neutral,,
2014-10-24,Friday,False,,,0,0,0,neutral,,
2014-10-25,Saturday,False,,,0,0,0,neutral,,
2014-10-26,Sunday,False,,,0,0,0,neutral,,
2014-10-27,Monday,False,,,0,0,0,neutral,,
2014-10-28,Tuesday,False,,,0,0,0,neutral,,
2014-10-29,Wednesday,False,,,0,0,0,neutral,,
2014-10-30,Thursday,False,,,0,0,0,neutral,,
2014-10-31,Friday,False,,,0,0,0,neutral,,
2014-11-01,Saturday,False,,,0,0,0,neutral,,
2014-11-02,Sunday,False,,,0,0,0,neutral,,
2014-11-03,Monday,False,,,0,0,0,neutral,,
2014-11-04,Tuesday,True,Muharram,muslim,0,0,0,neutral,,
2014-11-05,Wednesday,False,,,0,0,0,neutral,,
2014-11-06,Thursday,True,Guru Nanak Jayanti,sikh,0,0,0,neutral,,
2014-11-07,Friday,False,,,0,0,0,neutral,,
2014-11-08,Saturday,False,,,0,0,0,neutral,,
2014-11-09,Sunday,False,,,0,0,0,neutral,,
2014-11-10,Monday,False,,,0,0,0,neutral,,
2014-11-11,Tuesday,False,,,0,0,0,neutral,,
2014-11-12,Wednesday,False,,,0,0,0,neutral,,
2014-11-13,Thursday,False,,,0,0,0,neutral,,
2014-11-14,Friday,False,,,0,0,0,neutral,,
2014-11-15,Saturday,False,,,0,0,0,neutral,,
2014-11-16,Sunday,False,,,0,0,0,neutral,,
2014-11-17,Monday,False,,,0,0,0,neutral,,
2014-11-18,Tuesday,False,,,0,0,0,neutral,,
2014-11-19,Wednesday,False,,,0,0,0,neutral,,
2014-11-20,Thursday,False,,,0,0,0,neutral,,
2014-11-21,Friday,False,,,0,0,0,neutral,,
2014-11-22,Saturday,False,,,0,0,0,neutral,,
2014-11-23,Sunday,False,,,0,0,0,neutral,,
2014-11-24,Monday,False,,,0,0,0,neutral,,
2014-11-25,Tuesday,False,,,0,0,0,neutral,,
2014-11-26,Wednesday,False,,,0,0,0,neutral,,
2014-11-27,Thursday,False,,,0,0,0,neutral,,
2014-11-28,Friday,False,,,0,0,0,neutral,,
2014-11-29,Saturday,False,,,0,0,0,neutral,,
2014-11-30,Sunday,False,,,0,0,0,neutral,,
2014-12-01,Monday,False,,,0,0,0,neutral,,
2014-12-02,Tuesday,False,,,0,0,0,neutral,,
2014-12-03,Wednesday,False,,,0,0,0,neutral,,
2014-12-04,Thursday,False,,,0,0,0,neutral,,
2014-12-05,Friday,False,,,0,0,0,neutral,,
2014-12-06,Saturday,False,,,0,0,0,neutral,,
2014-12-07,Sunday,False,,,0,0,0,neutral,,
2014-12-08,Monday,False,,,0,0,0,neutral,,
2014-12-09,Tuesday,False,,,0,0,0,neutral,,
2014-12-10,Wednesday,False,,,0,0,0,neutral,,
2014-12-11,Thursday,False,,,0,0,0,neutral,,
2014-12-12,Friday,False,,,0,0,0,neutral,,
2014-12-13,Saturday,False,,,0,0,0,neutral,,
2014-12-14,Sunday,False,,,0,0,0,neutral,,
2014-12-15,Monday,False,,,0,0,0,neutral,,
2014-12-16,Tuesday,False,,,0,0,0,neutral,,
2014-12-17,Wednesday,False,,,0,0,0,neutral,,
2014-12-18,Thursday,False,,,0,0,0,neutral,,
2014-12-19,Friday,False,,,0,0,0,neutral,,
2014-12-20,Saturday,False,,,0,0,0,neutral,,
2014-12-21,Sunday,False,,,0,0,0,neutral,,
2014-12-22,Monday,False,,,0,0,0,neutral,,
2014-12-23,Tuesday,False,,,0,0,0,neutral,,
2014-12-24,Wednesday,False,,,0,0,0,neutral,,
2014-12-25,Thursday,True,Christmas,christian,0,0,0,neutral,,
2014-12-26,Friday,False,,,0,0,0,neutral,,
2014-12-27,Saturday,False,,,0,0,0,neutral,,
2014-12-28,Sunday,False,,,0,0,0,neutral,,
2014-12-29,Monday,False,,,0,0,0,neutral,,
2014-12-30,Tuesday,False,,,0,0,0,neutral,,
2014-12-31,Wednesday,False,,,0,0,0,neutral,,
2015-01-01,Thursday,False,,,1,0,0,neutral,"The Eurasian Economic Union comes into effect, creating a political and economic union between Russia, Belarus, Armenia, Kazakhstan and Kyrgyzstan.",https://en.wikipedia.org/wiki/Eurasian_Economic_Union
2015-01-02,Friday,False,,,0,0,0,neutral,,
2015-01-03,Saturday,False,,,1,0,1,bad,"Boko Haram militants destroy the entire town of Baga in north-east Nigeria, starting the Baga massacre and killing as many as 2,000 people.",https://en.wikipedia.org/wiki/Boko_Haram
2015-01-04,Sunday,True,Milad-un-Nabi,muslim,0,0,0,neutral,,
2015-01-05,Monday,False,,,2,0,2,bad,"Two gunmen commit mass murder at the offices of Charlie Hebdo in Paris, executing twelve people and wounding eleven others. || A car bomb explodes outside a police college in the Yemeni capital Sana'a with at least 38 people reported dead and more than 63 injured.",https://en.wikipedia.org/wiki/Charlie_Hebdo_shooting || https://en.wikipedia.org/wiki/January_2015_Sanaa_bombing
2015-01-06,Tuesday,False,,,0,0,0,neutral,,
2015-01-07,Wednesday,False,,,0,0,0,neutral,,
2015-01-08,Thursday,False,,,0,0,0,neutral,,
2015-01-09,Friday,False,,,1,0,0,neutral,"The Swiss National Bank abandons the cap on the Swiss franc's value relative to the euro, causing turmoil in international financial markets.",https://en.wikipedia.org/wiki/Swiss_National_Bank
2015-01-10,Saturday,False,,,1,0,0,neutral,"A traffic accident between an oil tanker truck and passenger coach en route to Shikarpur from Karachi on the Pakistan National Highway Link Road near Gulshan-e-Hadeed, Karachi, killing at least 62 people.",https://en.wikipedia.org/wiki/List_of_traffic_collisions_(2000%E2%80%93present)
2015-01-11,Sunday,False,,,0,0,0,neutral,,
2015-01-12,Monday,False,,,1,0,0,neutral,"Government raids kill 143 Boko Haram fighters in Kolofata, Cameroon.",https://en.wikipedia.org/wiki/January_2015_raid_on_Kolofata
2015-01-13,Tuesday,False,,,0,0,0,neutral,,
2015-01-14,Wednesday,False,,,0,0,0,neutral,,
2015-01-15,Thursday,False,,,2,0,2,bad,"The perpetrators of the Charlie Hebdo shooting in Paris two days earlier are both killed after a hostage situation; a second hostage situation, related to the Charlie Hebdo shooting, occurs at a Jewish market in Vincennes. || A mass poisoning at a funeral in Mozambique involving beer that was contaminated with Burkholderia gladioli leaves 75 dead and over 230 people ill.",https://en.wikipedia.org/wiki/Charlie_Hebdo_shooting || https://en.wikipedia.org/wiki/Mozambique_funeral_beer_poisoning
2015-01-16,Friday,False,,,0,0,0,neutral,,
2015-01-17,Saturday,False,,,0,0,0,neutral,,
2015-01-18,Sunday,False,,,0,0,0,neutral,,
2015-01-19,Monday,False,,,0,0,0,neutral,,
2015-01-20,Tuesday,False,,,0,0,0,neutral,,
2015-01-21,Wednesday,False,,,0,0,0,neutral,,
2015-01-22,Thursday,False,,,0,0,0,neutral,,
2015-01-23,Friday,False,,,0,0,0,neutral,,
2015-01-24,Saturday,False,,,0,0,0,neutral,,
2015-01-25,Sunday,False,,,1,1,0,good,"A clash in Mamasapano, Maguindanao in the Philippines kills 44 members of Special Action Force (SAF), at least 18 from the Moro Islamic Liberation Front and five from the Bangsamoro Islamic Freedom Fighters.",https://en.wikipedia.org/wiki/Mamasapano_clash
2015-01-26,Monday,True,Republic Day,general,2,0,2,bad,"An aircraft crashes at Los Llanos Air Base in Albacete, Spain, killing 11 people and injuring 21 others. || Syrian civil war: The People's Protection Units (YPG) recaptures the city of Kobanî from the Islamic State of Iraq and the Levant (ISIL), marking a turning point in the Siege of Kobanî.",https://en.wikipedia.org/wiki/2015_Los_Llanos_Air_Base_crash || https://en.wikipedia.org/wiki/Syrian_civil_war
2015-01-27,Tuesday,False,,,0,0,0,neutral,,
2015-01-28,Wednesday,False,,,0,0,0,neutral,,
2015-01-29,Thursday,False,,,0,0,0,neutral,,
2015-01-30,Friday,False,,,0,0,0,neutral,,
2015-01-31,Saturday,False,,,0,0,0,neutral,,
2015-02-01,Sunday,False,,,0,0,0,neutral,,
2015-02-02,Monday,False,,,0,0,0,neutral,,
2015-02-03,Tuesday,False,,,0,0,0,neutral,,
2015-02-04,Wednesday,False,,,1,0,1,bad,"TransAsia Airways Flight 235, with 58 people on board, en route from the Taiwanese capital Taipei to Kinmen, crashes into the Keelung River just after takeoff, killing 43 people.",https://en.wikipedia.org/wiki/TransAsia_Airways_Flight_235
2015-02-05,Thursday,False,,,0,0,0,neutral,,
2015-02-06,Friday,False,,,0,0,0,neutral,,
2015-02-07,Saturday,False,,,0,0,0,neutral,,
2015-02-08,Sunday,False,,,0,0,0,neutral,,
2015-02-09,Monday,False,,,0,0,0,neutral,,
2015-02-10,Tuesday,False,,,0,0,0,neutral,,
2015-02-11,Wednesday,False,,,1,0,1,bad,"A university student was murdered as she resisted an attempted rape in Turkey, sparking nationwide protests and public outcry against harassment and violence against women.",https://en.wikipedia.org/wiki/Murder_of_%C3%96zgecan_Aslan
2015-02-12,Thursday,False,,,0,0,0,neutral,,
2015-02-13,Friday,False,,,0,0,0,neutral,,
2015-02-14,Saturday,False,,,0,0,0,neutral,,
2015-02-15,Sunday,False,,,0,0,0,neutral,,
2015-02-16,Monday,False,,,0,0,0,neutral,,
2015-02-17,Tuesday,True,Maha Shivaratri,general,1,0,1,bad,Eighteen people are killed and 78 injured in a stampede at a Mardi Gras parade in Haiti.,https://en.wikipedia.org/wiki/2015_Haiti_Carnival_stampede
2015-02-18,Wednesday,False,,,0,0,0,neutral,,
2015-02-19,Thursday,False,,,0,0,0,neutral,,
2015-02-20,Friday,False,,,1,0,0,neutral,Two trains collide in the Swiss town of Rafz resulting in as many as 49 people injured and Swiss Federal Railways cancelling some services.,https://en.wikipedia.org/wiki/Rafz_train_crash
2015-02-21,Saturday,False,,,0,0,0,neutral,,
2015-02-22,Sunday,False,,,1,0,0,neutral,"A ferry carrying 100 passengers capsizes in the Padma River, killing 70 people.",https://en.wikipedia.org/wiki/Sinking_of_ML_Mostofa-3
2015-02-23,Monday,False,,,0,0,0,neutral,,
2015-02-24,Tuesday,False,,,1,0,0,neutral,"A Metrolink train derails in Oxnard, California following a collision with a truck, leaving more than 30 injured.",https://en.wikipedia.org/wiki/Metrolink_(California)
2015-02-25,Wednesday,False,,,1,0,1,bad,At least 310 people are killed in avalanches in northeastern Afghanistan.,https://en.wikipedia.org/wiki/2015_Afghanistan_avalanches
2015-02-26,Thursday,False,,,0,0,0,neutral,,
2015-02-27,Friday,False,,,0,0,0,neutral,,
2015-02-28,Saturday,False,,,0,0,0,neutral,,
2015-03-01,Sunday,False,,,0,0,0,neutral,,
2015-03-02,Monday,False,,,1,0,1,bad,Russian politician Boris Nemtsov is assassinated in Moscow while out walking with his girlfriend.,https://en.wikipedia.org/wiki/Boris_Nemtsov
2015-03-03,Tuesday,False,,,0,0,0,neutral,,
2015-03-04,Wednesday,False,,,0,0,0,neutral,,
2015-03-05,Thursday,False,,,0,0,0,neutral,,
2015-03-06,Friday,False,,,0,0,0,neutral,,
2015-03-07,Saturday,False,,,0,0,0,neutral,,
2015-03-08,Sunday,False,,,0,0,0,neutral,,
2015-03-09,Monday,False,,,0,0,0,neutral,,
2015-03-10,Tuesday,False,,,1,0,0,neutral,"Two Eurocopter AS350 Écureuil helicopters collide in mid-air over Villa Castelli, Argentina, killing all 10 people on board both aircraft, including French athletes Florence Arthaud, Camille Muffat and Alexis Vastine, as well as producers and guests for the French TV show Dropped.",https://en.wikipedia.org/wiki/Eurocopter_AS350_%C3%89cureuil
2015-03-11,Wednesday,False,,,0,0,0,neutral,,
2015-03-12,Thursday,False,,,0,0,0,neutral,,
2015-03-13,Friday,False,,,0,0,0,neutral,,
2015-03-14,Saturday,False,,,0,0,0,neutral,,
2015-03-15,Sunday,False,,,0,0,0,neutral,,
2015-03-16,Monday,False,,,0,0,0,neutral,,
2015-03-17,Tuesday,False,,,0,0,0,neutral,,
2015-03-18,Wednesday,False,,,1,0,1,bad,"The Bardo National Museum in Tunisia is attacked by gunmen. Twenty-four people, almost all tourists, are killed, and at least 50 other people are wounded.",https://en.wikipedia.org/wiki/Bardo_National_Museum_(Tunis)
2015-03-19,Thursday,False,,,0,0,0,neutral,,
2015-03-20,Friday,False,,,2,0,1,bad,"A Solar eclipse, equinox, and a supermoon all occur on the same day. || Syrian civil war: The Siege of Kobanî is broken by the People's Protection Units (YPG) and Free Syrian Army (FSA), marking a turning point in the Rojava–Islamist conflict.",https://en.wikipedia.org/wiki/Solar_eclipse_of_March_20%2C_2015 || https://en.wikipedia.org/wiki/Syrian_civil_war
2015-03-21,Saturday,False,,,0,0,0,neutral,,
2015-03-22,Sunday,False,,,0,0,0,neutral,,
2015-03-23,Monday,False,,,0,0,0,neutral,,
2015-03-24,Tuesday,False,,,1,0,1,bad,"Germanwings Flight 9525 crashes in the French Alps in an apparent pilot mass murder-suicide, killing all 150 people on board.",https://en.wikipedia.org/wiki/Germanwings_Flight_9525
2015-03-25,Wednesday,False,,,0,0,0,neutral,,
2015-03-26,Thursday,False,,,0,0,0,neutral,,
2015-03-27,Friday,False,,,1,0,1,bad,Al-Shabab militants attack and temporarily occupy a Mogadishu hotel leaving at least 20 people dead.,https://en.wikipedia.org/wiki/Al-Shabaab_(militant_group)
2015-03-28,Saturday,False,,,0,0,0,neutral,,
2015-03-29,Sunday,False,,,1,0,0,neutral,"Air Canada Flight 624 skids off the runway at Halifax Stanfield International Airport, after arriving from Toronto shortly past midnight. All 133 passengers and five crews on board survive, with 23 treated for minor injuries.",https://en.wikipedia.org/wiki/Air_Canada_Flight_624
2015-03-30,Monday,False,,,0,0,0,neutral,,
2015-03-31,Tuesday,False,,,0,0,0,neutral,,
2015-04-01,Wednesday,False,,,0,0,0,neutral,,
2015-04-02,Thursday,True,Mahavir Jayanti,general,0,0,0,neutral,,
2015-04-03,Friday,True,Good Friday,christian,0,0,0,neutral,,
2015-04-04,Saturday,False,,,2,0,1,bad,"Gunmen attack Garissa University College in Kenya, killing at least 148 people and wounding 79 others. || Four men steal items worth up to £200 million from an underground safe deposit facility in London's Hatton Garden area in what has been called the ""largest burglary in English legal history.""",https://en.wikipedia.org/wiki/Garissa_University_College_attack || https://en.wikipedia.org/wiki/Hatton_Garden_safe_deposit_burglary
2015-04-05,Sunday,False,,,0,0,0,neutral,,
2015-04-06,Monday,False,,,0,0,0,neutral,,
2015-04-07,Tuesday,False,,,0,0,0,neutral,,
2015-04-08,Wednesday,False,,,0,0,0,neutral,,
2015-04-09,Thursday,False,,,0,0,0,neutral,,
2015-04-10,Friday,False,,,0,0,0,neutral,,
2015-04-11,Saturday,False,,,0,0,0,neutral,,
2015-04-12,Sunday,False,,,0,0,0,neutral,,
2015-04-13,Monday,False,,,0,0,0,neutral,,
2015-04-14,Tuesday,False,,,0,0,0,neutral,,
2015-04-15,Wednesday,False,,,0,0,0,neutral,,
2015-04-16,Thursday,False,,,0,0,0,neutral,,
2015-04-17,Friday,False,,,0,0,0,neutral,,
2015-04-18,Saturday,False,,,0,0,0,neutral,,
2015-04-19,Sunday,False,,,0,0,0,neutral,,
2015-04-20,Monday,False,,,1,0,1,bad,"At least 8,962 are killed in Nepal after a massive 7.8 magnitude earthquake strikes Nepal.",https://en.wikipedia.org/wiki/April_2015_Nepal_earthquake
2015-04-21,Tuesday,False,,,0,0,0,neutral,,
2015-04-22,Wednesday,False,,,0,0,0,neutral,,
2015-04-23,Thursday,False,,,0,0,0,neutral,,
2015-04-24,Friday,False,,,1,0,0,neutral,"Nursultan Nazarbayev is re-elected President of Kazakhstan with 97.7% of the vote, one of the biggest vote shares in Kazakhstan's history.",https://en.wikipedia.org/wiki/Nursultan_Nazarbayev
2015-04-25,Saturday,False,,,0,0,0,neutral,,
2015-04-26,Sunday,False,,,0,0,0,neutral,,
2015-04-27,Monday,False,,,0,0,0,neutral,,
2015-04-28,Tuesday,False,,,1,0,1,bad,Ten people are killed in a bomb attack on a convoy carrying food supplies to a United Nations compound in Garowe in the Somali region of Puntland.,https://en.wikipedia.org/wiki/Garowe_attack
2015-04-29,Wednesday,False,,,1,0,0,neutral,"A baseball game between the Baltimore Orioles and the Chicago White Sox sets the all-time low attendance mark for Major League Baseball. Zero fans were in attendance for the game, as the stadium was officially closed to the public due to the 2015 Baltimore protests.",https://en.wikipedia.org/wiki/Baltimore_Orioles
2015-04-30,Thursday,False,,,0,0,0,neutral,,
2015-05-01,Friday,False,,,0,0,0,neutral,,
2015-05-02,Saturday,False,,,0,0,0,neutral,,
2015-05-03,Sunday,False,,,1,0,1,bad,"Two gunmen launch an attempted attack on an anti-Islam event in Garland, Texas, which was held in response to the Charlie Hebdo shooting.",https://en.wikipedia.org/wiki/Curtis_Culwell_Center_attack
2015-05-04,Monday,True,Buddha Purnima,general,0,0,0,neutral,,
2015-05-05,Tuesday,False,,,0,0,0,neutral,,
2015-05-06,Wednesday,False,,,0,0,0,neutral,,
2015-05-07,Thursday,False,,,0,0,0,neutral,,
2015-05-08,Friday,False,,,0,0,0,neutral,,
2015-05-09,Saturday,False,,,0,0,0,neutral,,
2015-05-10,Sunday,False,,,0,0,0,neutral,,
2015-05-11,Monday,False,,,0,0,0,neutral,,
2015-05-12,Tuesday,False,,,0,0,0,neutral,,
2015-05-13,Wednesday,False,,,0,0,0,neutral,,
2015-05-14,Thursday,False,,,0,0,0,neutral,,
2015-05-15,Friday,False,,,0,0,0,neutral,,
2015-05-16,Saturday,False,,,0,0,0,neutral,,
2015-05-17,Sunday,False,,,0,0,0,neutral,,
2015-05-18,Monday,False,,,0,0,0,neutral,,
2015-05-19,Tuesday,False,,,0,0,0,neutral,,
2015-05-20,Wednesday,False,,,0,0,0,neutral,,
2015-05-21,Thursday,False,,,0,0,0,neutral,,
2015-05-22,Friday,False,,,0,0,0,neutral,,
2015-05-23,Saturday,False,,,0,0,0,neutral,,
2015-05-24,Sunday,False,,,0,0,0,neutral,,
2015-05-25,Monday,False,,,0,0,0,neutral,,
2015-05-26,Tuesday,False,,,0,0,0,neutral,,
2015-05-27,Wednesday,False,,,0,0,0,neutral,,
2015-05-28,Thursday,False,,,0,0,0,neutral,,
2015-05-29,Friday,False,,,0,0,0,neutral,,
2015-05-30,Saturday,False,,,0,0,0,neutral,,
2015-05-31,Sunday,False,,,0,0,0,neutral,,
2015-06-01,Monday,False,,,0,0,0,neutral,,
2015-06-02,Tuesday,False,,,0,0,0,neutral,,
2015-06-03,Wednesday,False,,,0,0,0,neutral,,
2015-06-04,Thursday,False,,,0,0,0,neutral,,
2015-06-05,Friday,False,,,0,0,0,neutral,,
2015-06-06,Saturday,False,,,0,0,0,neutral,,
2015-06-07,Sunday,False,,,0,0,0,neutral,,
2015-06-08,Monday,False,,,0,0,0,neutral,,
2015-06-09,Tuesday,False,,,0,0,0,neutral,,
2015-06-10,Wednesday,False,,,0,0,0,neutral,,
2015-06-11,Thursday,False,,,0,0,0,neutral,,
2015-06-12,Friday,False,,,0,0,0,neutral,,
2015-06-13,Saturday,False,,,0,0,0,neutral,,
2015-06-14,Sunday,False,,,0,0,0,neutral,,
2015-06-15,Monday,False,,,0,0,0,neutral,,
2015-06-16,Tuesday,False,,,0,0,0,neutral,,
2015-06-17,Wednesday,False,,,0,0,0,neutral,,
2015-06-18,Thursday,False,,,0,0,0,neutral,,
2015-06-19,Friday,False,,,0,0,0,neutral,,
2015-06-20,Saturday,False,,,0,0,0,neutral,,
2015-06-21,Sunday,False,,,0,0,0,neutral,,
2015-06-22,Monday,False,,,0,0,0,neutral,,
2015-06-23,Tuesday,False,,,0,0,0,neutral,,
2015-06-24,Wednesday,False,,,0,0,0,neutral,,
2015-06-25,Thursday,False,,,0,0,0,neutral,,
2015-06-26,Friday,False,,,0,0,0,neutral,,
2015-06-27,Saturday,False,,,0,0,0,neutral,,
2015-06-28,Sunday,False,,,0,0,0,neutral,,
2015-06-29,Monday,False,,,0,0,0,neutral,,
2015-06-30,Tuesday,False,,,0,0,0,neutral,,
2015-07-01,Wednesday,False,,,0,0,0,neutral,,
2015-07-02,Thursday,False,,,0,0,0,neutral,,
2015-07-03,Friday,False,,,0,0,0,neutral,,
2015-07-04,Saturday,False,,,0,0,0,neutral,,
2015-07-05,Sunday,False,,,0,0,0,neutral,,
2015-07-06,Monday,False,,,0,0,0,neutral,,
2015-07-07,Tuesday,False,,,0,0,0,neutral,,
2015-07-08,Wednesday,False,,,0,0,0,neutral,,
2015-07-09,Thursday,False,,,0,0,0,neutral,,
2015-07-10,Friday,False,,,0,0,0,neutral,,
2015-07-11,Saturday,False,,,0,0,0,neutral,,
2015-07-12,Sunday,False,,,0,0,0,neutral,,
2015-07-13,Monday,False,,,0,0,0,neutral,,
2015-07-14,Tuesday,False,,,0,0,0,neutral,,
2015-07-15,Wednesday,False,,,0,0,0,neutral,,
2015-07-16,Thursday,False,,,0,0,0,neutral,,
2015-07-17,Friday,False,,,0,0,0,neutral,,
2015-07-18,Saturday,True,Id-ul-Fitr,general,0,0,0,neutral,,
2015-07-19,Sunday,False,,,0,0,0,neutral,,
2015-07-20,Monday,False,,,0,0,0,neutral,,
2015-07-21,Tuesday,False,,,0,0,0,neutral,,
2015-07-22,Wednesday,False,,,0,0,0,neutral,,
2015-07-23,Thursday,False,,,0,0,0,neutral,,
2015-07-24,Friday,False,,,0,0,0,neutral,,
2015-07-25,Saturday,False,,,0,0,0,neutral,,
2015-07-26,Sunday,False,,,0,0,0,neutral,,
2015-07-27,Monday,False,,,0,0,0,neutral,,
2015-07-28,Tuesday,False,,,0,0,0,neutral,,
2015-07-29,Wednesday,False,,,0,0,0,neutral,,
2015-07-30,Thursday,False,,,0,0,0,neutral,,
2015-07-31,Friday,False,,,0,0,0,neutral,,
2015-08-01,Saturday,False,,,0,0,0,neutral,,
2015-08-02,Sunday,False,,,0,0,0,neutral,,
2015-08-03,Monday,False,,,0,0,0,neutral,,
2015-08-04,Tuesday,False,,,0,0,0,neutral,,
2015-08-05,Wednesday,False,,,0,0,0,neutral,,
2015-08-06,Thursday,False,,,0,0,0,neutral,,
2015-08-07,Friday,False,,,0,0,0,neutral,,
2015-08-08,Saturday,False,,,0,0,0,neutral,,
2015-08-09,Sunday,False,,,0,0,0,neutral,,
2015-08-10,Monday,False,,,0,0,0,neutral,,
2015-08-11,Tuesday,False,,,0,0,0,neutral,,
2015-08-12,Wednesday,False,,,0,0,0,neutral,,
2015-08-13,Thursday,False,,,0,0,0,neutral,,
2015-08-14,Friday,False,,,0,0,0,neutral,,
2015-08-15,Saturday,True,Independence Day,general,0,0,0,neutral,,
2015-08-16,Sunday,False,,,0,0,0,neutral,,
2015-08-17,Monday,False,,,0,0,0,neutral,,
2015-08-18,Tuesday,False,,,0,0,0,neutral,,
2015-08-19,Wednesday,False,,,0,0,0,neutral,,
2015-08-20,Thursday,False,,,0,0,0,neutral,,
2015-08-21,Friday,False,,,0,0,0,neutral,,
2015-08-22,Saturday,False,,,0,0,0,neutral,,
2015-08-23,Sunday,False,,,0,0,0,neutral,,
2015-08-24,Monday,False,,,0,0,0,neutral,,
2015-08-25,Tuesday,False,,,0,0,0,neutral,,
2015-08-26,Wednesday,False,,,0,0,0,neutral,,
2015-08-27,Thursday,False,,,0,0,0,neutral,,
2015-08-28,Friday,False,,,0,0,0,neutral,,
2015-08-29,Saturday,False,,,0,0,0,neutral,,
2015-08-30,Sunday,False,,,0,0,0,neutral,,
2015-08-31,Monday,False,,,0,0,0,neutral,,
2015-09-01,Tuesday,False,,,0,0,0,neutral,,
2015-09-02,Wednesday,False,,,0,0,0,neutral,,
2015-09-03,Thursday,False,,,0,0,0,neutral,,
2015-09-04,Friday,False,,,0,0,0,neutral,,
2015-09-05,Saturday,True,Janmashtami,hindu,0,0,0,neutral,,
2015-09-06,Sunday,False,,,0,0,0,neutral,,
2015-09-07,Monday,False,,,0,0,0,neutral,,
2015-09-08,Tuesday,False,,,0,0,0,neutral,,
2015-09-09,Wednesday,False,,,0,0,0,neutral,,
2015-09-10,Thursday,False,,,0,0,0,neutral,,
2015-09-11,Friday,False,,,0,0,0,neutral,,
2015-09-12,Saturday,False,,,0,0,0,neutral,,
2015-09-13,Sunday,False,,,0,0,0,neutral,,
2015-09-14,Monday,False,,,0,0,0,neutral,,
2015-09-15,Tuesday,False,,,0,0,0,neutral,,
2015-09-16,Wednesday,False,,,0,0,0,neutral,,
2015-09-17,Thursday,False,,,0,0,0,neutral,,
2015-09-18,Friday,False,,,0,0,0,neutral,,
2015-09-19,Saturday,False,,,0,0,0,neutral,,
2015-09-20,Sunday,False,,,0,0,0,neutral,,
2015-09-21,Monday,False,,,0,0,0,neutral,,
2015-09-22,Tuesday,False,,,0,0,0,neutral,,
2015-09-23,Wednesday,False,,,0,0,0,neutral,,
2015-09-24,Thursday,False,,,0,0,0,neutral,,
2015-09-25,Friday,True,Bakrid,muslim,0,0,0,neutral,,
2015-09-26,Saturday,False,,,0,0,0,neutral,,
2015-09-27,Sunday,False,,,0,0,0,neutral,,
2015-09-28,Monday,False,,,0,0,0,neutral,,
2015-09-29,Tuesday,False,,,0,0,0,neutral,,
2015-09-30,Wednesday,False,,,0,0,0,neutral,,
2015-10-01,Thursday,False,,,0,0,0,neutral,,
2015-10-02,Friday,True,Gandhi Jayanti,general,0,0,0,neutral,,
2015-10-03,Saturday,False,,,0,0,0,neutral,,
2015-10-04,Sunday,False,,,0,0,0,neutral,,
2015-10-05,Monday,False,,,0,0,0,neutral,,
2015-10-06,Tuesday,False,,,0,0,0,neutral,,
2015-10-07,Wednesday,False,,,0,0,0,neutral,,
2015-10-08,Thursday,False,,,0,0,0,neutral,,
2015-10-09,Friday,False,,,0,0,0,neutral,,
2015-10-10,Saturday,False,,,0,0,0,neutral,,
2015-10-11,Sunday,False,,,0,0,0,neutral,,
2015-10-12,Monday,False,,,0,0,0,neutral,,
2015-10-13,Tuesday,False,,,0,0,0,neutral,,
2015-10-14,Wednesday,False,,,0,0,0,neutral,,
2015-10-15,Thursday,False,,,0,0,0,neutral,,
2015-10-16,Friday,False,,,0,0,0,neutral,,
2015-10-17,Saturday,False,,,0,0,0,neutral,,
2015-10-18,Sunday,False,,,0,0,0,neutral,,
2015-10-19,Monday,False,,,0,0,0,neutral,,
2015-10-20,Tuesday,False,,,0,0,0,neutral,,
2015-10-21,Wednesday,False,,,0,0,0,neutral,,
2015-10-22,Thursday,True,Dussehra,hindu,0,0,0,neutral,,
2015-10-23,Friday,False,,,0,0,0,neutral,,
2015-10-24,Saturday,True,Muharram,muslim,0,0,0,neutral,,
2015-10-25,Sunday,False,,,0,0,0,neutral,,
2015-10-26,Monday,False,,,0,0,0,neutral,,
2015-10-27,Tuesday,False,,,0,0,0,neutral,,
2015-10-28,Wednesday,False,,,0,0,0,neutral,,
2015-10-29,Thursday,False,,,0,0,0,neutral,,
2015-10-30,Friday,False,,,0,0,0,neutral,,
2015-10-31,Saturday,False,,,0,0,0,neutral,,
2015-11-01,Sunday,False,,,0,0,0,neutral,,
2015-11-02,Monday,False,,,0,0,0,neutral,,
2015-11-03,Tuesday,False,,,0,0,0,neutral,,
2015-11-04,Wednesday,False,,,0,0,0,neutral,,
2015-11-05,Thursday,False,,,0,0,0,neutral,,
2015-11-06,Friday,False,,,0,0,0,neutral,,
2015-11-07,Saturday,False,,,0,0,0,neutral,,
2015-11-08,Sunday,False,,,0,0,0,neutral,,
2015-11-09,Monday,False,,,0,0,0,neutral,,
2015-11-10,Tuesday,False,,,0,0,0,neutral,,
2015-11-11,Wednesday,True,Diwali,hindu,0,0,0,neutral,,
2015-11-12,Thursday,False,,,0,0,0,neutral,,
2015-11-13,Friday,False,,,0,0,0,neutral,,
2015-11-14,Saturday,False,,,0,0,0,neutral,,
2015-11-15,Sunday,False,,,0,0,0,neutral,,
2015-11-16,Monday,False,,,0,0,0,neutral,,
2015-11-17,Tuesday,False,,,0,0,0,neutral,,
2015-11-18,Wednesday,False,,,0,0,0,neutral,,
2015-11-19,Thursday,False,,,0,0,0,neutral,,
2015-11-20,Friday,False,,,0,0,0,neutral,,
2015-11-21,Saturday,False,,,0,0,0,neutral,,
2015-11-22,Sunday,False,,,0,0,0,neutral,,
2015-11-23,Monday,False,,,0,0,0,neutral,,
2015-11-24,Tuesday,False,,,0,0,0,neutral,,
2015-11-25,Wednesday,True,Guru Nanak Jayanti,sikh,0,0,0,neutral,,
2015-11-26,Thursday,False,,,0,0,0,neutral,,
2015-11-27,Friday,False,,,0,0,0,neutral,,
2015-11-28,Saturday,False,,,0,0,0,neutral,,
2015-11-29,Sunday,False,,,0,0,0,neutral,,
2015-11-30,Monday,False,,,0,0,0,neutral,,
2015-12-01,Tuesday,False,,,0,0,0,neutral,,
2015-12-02,Wednesday,False,,,0,0,0,neutral,,
2015-12-03,Thursday,False,,,0,0,0,neutral,,
2015-12-04,Friday,False,,,0,0,0,neutral,,
2015-12-05,Saturday,False,,,0,0,0,neutral,,
2015-12-06,Sunday,False,,,0,0,0,neutral,,
2015-12-07,Monday,False,,,0,0,0,neutral,,
2015-12-08,Tuesday,False,,,0,0,0,neutral,,
2015-12-09,Wednesday,False,,,0,0,0,neutral,,
2015-12-10,Thursday,False,,,0,0,0,neutral,,
2015-12-11,Friday,False,,,0,0,0,neutral,,
2015-12-12,Saturday,False,,,0,0,0,neutral,,
2015-12-13,Sunday,False,,,0,0,0,neutral,,
2015-12-14,Monday,False,,,0,0,0,neutral,,
2015-12-15,Tuesday,False,,,0,0,0,neutral,,
2015-12-16,Wednesday,False,,,0,0,0,neutral,,
2015-12-17,Thursday,False,,,0,0,0,neutral,,
2015-12-18,Friday,False,,,0,0,0,neutral,,
2015-12-19,Saturday,False,,,0,0,0,neutral,,
2015-12-20,Sunday,False,,,0,0,0,neutral,,
2015-12-21,Monday,False,,,0,0,0,neutral,,
2015-12-22,Tuesday,False,,,0,0,0,neutral,,
2015-12-23,Wednesday,False,,,0,0,0,neutral,,
2015-12-24,Thursday,False,,,0,0,0,neutral,,
2015-12-25,Friday,True,Christmas; Milad-un-Nabi,muslim,0,0,0,neutral,,
2015-12-26,Saturday,False,,,0,0,0,neutral,,
2015-12-27,Sunday,False,,,0,0,0,neutral,,
2015-12-28,Monday,False,,,0,0,0,neutral,,
2015-12-29,Tuesday,False,,,0,0,0,neutral,,
2015-12-30,Wednesday,False,,,0,0,0,neutral,,
2015-12-31,Thursday,False,,,0,0,0,neutral,,
2016-01-01,Friday,False,,,0,0,0,neutral,,
2016-01-02,Saturday,False,,,0,0,0,neutral,,
2016-01-03,Sunday,False,,,1,0,0,neutral,"In response to the execution of Nimr al-Nimr, Iran ends its diplomatic relations with Saudi Arabia.",https://en.wikipedia.org/wiki/Nimr_al-Nimr
2016-01-04,Monday,False,,,0,0,0,neutral,,
2016-01-05,Tuesday,False,,,0,0,0,neutral,,
2016-01-06,Wednesday,False,,,0,0,0,neutral,,
2016-01-07,Thursday,False,,,0,0,0,neutral,,
2016-01-08,Friday,False,,,2,0,1,bad,"Joaquín Guzmán, widely regarded as the world's most powerful drug trafficker, is recaptured following his escape from a maximum security prison in Mexico. || West Air Sweden Flight 294 crashes near the Swedish reservoir of Akkajaure; both pilots, the only people on board, are killed.",https://en.wikipedia.org/wiki/Joaqu%C3%ADn_%22El_Chapo%22_Guzm%C3%A1n || https://en.wikipedia.org/wiki/West_Air_Sweden_Flight_294
2016-01-09,Saturday,False,,,1,0,1,bad,"The Kenyan Army suffers its worst defeat ever in a battle with Al-Shabaab Islamic insurgents in El-Adde, Somalia. An estimated 150 Kenyan soldiers are killed in the battle.",https://en.wikipedia.org/wiki/Kenya_Defence_Forces
2016-01-10,Sunday,False,,,0,0,0,neutral,,
2016-01-11,Monday,False,,,1,1,0,good,"President Barack Obama announces the Joint Comprehensive Plan of Action, an agreement intended to limit Iran's nuclear program.",https://en.wikipedia.org/wiki/Barack_Obama
2016-01-12,Tuesday,False,,,1,0,1,bad,Ten people are killed and 15 wounded in a bombing near the Blue Mosque in Istanbul.,https://en.wikipedia.org/wiki/January_2016_Istanbul_bombing
2016-01-13,Wednesday,False,,,0,0,0,neutral,,
2016-01-14,Thursday,False,,,1,0,1,bad,"Multiple explosions reported near the Sarinah Building, Jakarta, followed by shootout between perpetrators and the police, killing seven people. The Islamic State of Iraq and the Levant claimed responsibility.",https://en.wikipedia.org/wiki/2016_Jakarta_attacks
2016-01-15,Friday,False,,,0,0,0,neutral,,
2016-01-16,Saturday,False,,,0,0,0,neutral,,
2016-01-17,Sunday,False,,,1,0,1,bad,"Thirty-three out of 126 freed hostages are injured and 23 killed in terrorist attacks in Ouagadougou, Burkina Faso on a hotel and a nearby restaurant.",https://en.wikipedia.org/wiki/2016_Ouagadougou_attacks
2016-01-18,Monday,False,,,0,0,0,neutral,,
2016-01-19,Tuesday,False,,,0,0,0,neutral,,
2016-01-20,Wednesday,False,,,0,0,0,neutral,,
2016-01-21,Thursday,False,,,0,0,0,neutral,,
2016-01-22,Friday,False,,,0,0,0,neutral,,
2016-01-23,Saturday,False,,,0,0,0,neutral,,
2016-01-24,Sunday,False,,,0,0,0,neutral,,
2016-01-25,Monday,False,,,0,0,0,neutral,,
2016-01-26,Tuesday,True,Republic Day,general,0,0,0,neutral,,
2016-01-27,Wednesday,False,,,0,0,0,neutral,,
2016-01-28,Thursday,False,,,0,0,0,neutral,,
2016-01-29,Friday,False,,,0,0,0,neutral,,
2016-01-30,Saturday,False,,,0,0,0,neutral,,
2016-01-31,Sunday,False,,,0,0,0,neutral,,
2016-02-01,Monday,False,,,0,0,0,neutral,,
2016-02-02,Tuesday,False,,,0,0,0,neutral,,
2016-02-03,Wednesday,False,,,0,0,0,neutral,,
2016-02-04,Thursday,False,,,0,0,0,neutral,,
2016-02-05,Friday,False,,,1,0,0,neutral,New Zealand politician Steven Joyce is hit by a flung rubber dildo in a Waitangi Day protest.,https://en.wikipedia.org/wiki/Steven_Joyce
2016-02-06,Saturday,False,,,1,0,1,bad,"An earthquake of magnitude 6.6 strikes southern Taiwan, killing 117 people.",https://en.wikipedia.org/wiki/2016_southern_Taiwan_earthquake
2016-02-07,Sunday,False,,,1,1,0,good,North Korea launches Kwangmyŏngsŏng-4 into outer space violating multiple UN treaties and prompting condemnation from around the world.,https://en.wikipedia.org/wiki/Kwangmy%C5%8Fngs%C5%8Fng-4
2016-02-08,Monday,False,,,0,0,0,neutral,,
2016-02-09,Tuesday,False,,,1,0,0,neutral,Two passenger trains collide in the German town of Bad Aibling in the state of Bavaria. Twelve people die and 85 others are injured.,https://en.wikipedia.org/wiki/Bad_Aibling_rail_accident
2016-02-10,Wednesday,False,,,1,1,0,good,South Korea decides to stop the operation of the Kaesong joint industrial complex with North Korea in response to the launch of Kwangmyŏngsŏng-4.,https://en.wikipedia.org/wiki/South_Korea
2016-02-11,Thursday,False,,,1,0,1,bad,"A man shoots seven people dead at an education center in Jizan Province, Saudi Arabia.",https://en.wikipedia.org/wiki/2016_Ad_Dair_shooting
2016-02-12,Friday,False,,,1,1,0,good,Pope Francis and Patriarch Kirill sign an Ecumenical Declaration in the first such meeting between leaders of the Catholic and Russian Orthodox Churches since their split in 1054.,https://en.wikipedia.org/wiki/Pope_Francis
2016-02-13,Saturday,False,,,0,0,0,neutral,,
2016-02-14,Sunday,False,,,0,0,0,neutral,,
2016-02-15,Monday,False,,,0,0,0,neutral,,
2016-02-16,Tuesday,False,,,0,0,0,neutral,,
2016-02-17,Wednesday,False,,,1,0,0,neutral,"Military vehicles explode outside a Turkish Armed Forces barracks in Ankara, Turkey, killing at least 29 people and injuring 61 others.",https://en.wikipedia.org/wiki/February_2016_Ankara_bombing
2016-02-18,Thursday,False,,,0,0,0,neutral,,
2016-02-19,Friday,False,,,0,0,0,neutral,,
2016-02-20,Saturday,False,,,1,0,1,bad,"Six people are killed and two injured in multiple shooting incidents in Kalamazoo County, Michigan.",https://en.wikipedia.org/wiki/2016_Kalamazoo_shootings
2016-02-21,Sunday,False,,,0,0,0,neutral,,
2016-02-22,Monday,False,,,0,0,0,neutral,,
2016-02-23,Tuesday,False,,,0,0,0,neutral,,
2016-02-24,Wednesday,False,,,1,0,1,bad,"Tara Air Flight 193, a de Havilland Canada DHC-6 Twin Otter aircraft, crashed, with 23 fatalities, in Solighopte, Myagdi District, Dhaulagiri Zone, while en route from Pokhara Airport to Jomsom Airport.",https://en.wikipedia.org/wiki/Tara_Air_Flight_193
2016-02-25,Thursday,False,,,1,0,1,bad,Three people are killed and fourteen others injured in a series of shootings in the small Kansas cities of Newton and Hesston.,https://en.wikipedia.org/wiki/Hesston_shootings
2016-02-26,Friday,False,,,0,0,0,neutral,,
2016-02-27,Saturday,False,,,0,0,0,neutral,,
2016-02-28,Sunday,False,,,0,0,0,neutral,,
2016-02-29,Monday,False,,,0,0,0,neutral,,
2016-03-01,Tuesday,False,,,0,0,0,neutral,,
2016-03-02,Wednesday,False,,,0,0,0,neutral,,
2016-03-03,Thursday,False,,,0,0,0,neutral,,
2016-03-04,Friday,False,,,1,0,1,bad,"In the Miqdadiyah bombing: at least 40 people are killed and 58 others wounded following a suicide bombing by ISIL at a Shi'ite funeral in the city of Miqdadiyah, Diyala, Iraq.",https://en.wikipedia.org/wiki/2016_Miqdadiyah_bombing
2016-03-05,Saturday,False,,,0,0,0,neutral,,
2016-03-06,Sunday,False,,,0,0,0,neutral,,
2016-03-07,Monday,True,Maha Shivaratri,general,0,0,0,neutral,,
2016-03-08,Tuesday,False,,,0,0,0,neutral,,
2016-03-09,Wednesday,False,,,0,0,0,neutral,,
2016-03-10,Thursday,False,,,0,0,0,neutral,,
2016-03-11,Friday,False,,,0,0,0,neutral,,
2016-03-12,Saturday,False,,,0,0,0,neutral,,
2016-03-13,Sunday,False,,,2,0,2,bad,"The Ankara bombing kills at least 37 people. || Three gunmen attack two hotels in the Ivory Coast town of Grand-Bassam, killing at least 19 people.",https://en.wikipedia.org/wiki/March_2016_Ankara_bombing || https://en.wikipedia.org/wiki/Grand-Bassam_shootings
2016-03-14,Monday,False,,,0,0,0,neutral,,
2016-03-15,Tuesday,False,,,0,0,0,neutral,,
2016-03-16,Wednesday,False,,,2,0,2,bad,"A bomb detonates in a bus carrying government employees in Peshawar, Pakistan, killing 15 and injuring at least 30. || Two suicide bombers detonate their explosives at a mosque during morning prayer on the outskirts of Maiduguri, Nigeria, killing 24 and injuring 18.",https://en.wikipedia.org/wiki/2016_Peshawar_bus_bombing || https://en.wikipedia.org/wiki/March_2016_Maiduguri_bombings
2016-03-17,Thursday,False,,,1,0,1,bad,"Rojava conflict: At a conference in Rmelan, the Movement for a Democratic Society declares the establishment of the Democratic Federation of Northern Syria.",https://en.wikipedia.org/wiki/Rojava_conflict
2016-03-18,Friday,False,,,0,0,0,neutral,,
2016-03-19,Saturday,False,,,2,0,2,bad,"Flydubai Flight 981 crashes while attempting to land at Rostov-on-Don international airport, killing all 62 on board. || An explosion occurs in Taksim Square in Istanbul, Turkey, killing five people and injuring 36.",https://en.wikipedia.org/wiki/Flydubai_Flight_981 || https://en.wikipedia.org/wiki/March_2016_Istanbul_bombing
2016-03-20,Sunday,False,,,0,0,0,neutral,,
2016-03-21,Monday,False,,,0,0,0,neutral,,
2016-03-22,Tuesday,False,,,1,0,1,bad,Three suicide bombers kill 32 people and injure 316 in the 2016 Brussels bombings at the airport and at the Maelbeek/Maalbeek metro station.,https://en.wikipedia.org/wiki/2016_Brussels_bombings
2016-03-23,Wednesday,False,,,0,0,0,neutral,,
2016-03-24,Thursday,False,,,0,0,0,neutral,,
2016-03-25,Friday,True,Good Friday,christian,0,0,0,neutral,,
2016-03-26,Saturday,False,,,0,0,0,neutral,,
2016-03-27,Sunday,False,,,1,0,1,bad,"A suicide blast in Gulshan-e-Iqbal Park, Lahore claims over 70 lives and leaves almost 300 others injured. The target of the bombing are Christians celebrating Easter.",https://en.wikipedia.org/wiki/2016_Lahore_suicide_bombing
2016-03-28,Monday,False,,,0,0,0,neutral,,
2016-03-29,Tuesday,False,,,1,0,1,bad,A United States Air Force F-16 crashes during takeoff from Bagram Airfield in Afghanistan.,https://en.wikipedia.org/wiki/United_States_Air_Force
2016-03-30,Wednesday,False,,,0,0,0,neutral,,
2016-03-31,Thursday,False,,,1,0,0,neutral,"The Panama Papers, a leak of legal documents, reveals information on 214,488 offshore companies.",https://en.wikipedia.org/wiki/Panama_Papers
2016-04-01,Friday,False,,,0,0,0,neutral,,
2016-04-02,Saturday,False,,,1,0,0,neutral,NASA astronaut Scott Kelly and Roscosmos cosmonaut Mikhail Kornienko return to Earth after a yearlong mission at the International Space Station.,https://en.wikipedia.org/wiki/NASA
2016-04-03,Sunday,False,,,1,0,1,bad,The 2016 Nagorno-Karabakh conflict begins along the Nagorno-Karabakh Line of Contact.,https://en.wikipedia.org/wiki/2016_Nagorno-Karabakh_conflict
2016-04-04,Monday,False,,,0,0,0,neutral,,
2016-04-05,Tuesday,False,,,0,0,0,neutral,,
2016-04-06,Wednesday,False,,,0,0,0,neutral,,
2016-04-07,Thursday,False,,,0,0,0,neutral,,
2016-04-08,Friday,False,,,0,0,0,neutral,,
2016-04-09,Saturday,False,,,0,0,0,neutral,,
2016-04-10,Sunday,False,,,2,0,2,bad,"The Paravur temple accident in which a devastating fire caused by the explosion of firecrackers stored for Vishu, kills more than one hundred people out of the thousands gathered for seventh day of Bhadrakali worship. || An earthquake of 6.6 magnitude strikes 39 km west-southwest of Ashkasham, impacting India, Afghanistan, Tajikistan, Srinagar and Pakistan.",https://en.wikipedia.org/wiki/Puttingal_temple_fire || https://en.wikipedia.org/wiki/2016_Afghanistan_earthquake
2016-04-11,Monday,False,,,0,0,0,neutral,,
2016-04-12,Tuesday,False,,,0,0,0,neutral,,
2016-04-13,Wednesday,False,,,0,0,0,neutral,,
2016-04-14,Thursday,False,,,1,0,1,bad,"The foreshock of a major earthquake occurs in Kumamoto, Japan.",https://en.wikipedia.org/wiki/2016_Kumamoto_earthquakes
2016-04-15,Friday,False,,,0,0,0,neutral,,
2016-04-16,Saturday,False,,,1,0,1,bad,"Ecuador's worst earthquake in nearly 40 years kills 676 and injures more than 230,000.",https://en.wikipedia.org/wiki/2016_Ecuador_earthquake
2016-04-17,Sunday,False,,,0,0,0,neutral,,
2016-04-18,Monday,False,,,0,0,0,neutral,,
2016-04-19,Tuesday,False,,,0,0,0,neutral,,
2016-04-20,Wednesday,True,Mahavir Jayanti,general,0,0,0,neutral,,
2016-04-21,Thursday,False,,,0,0,0,neutral,,
2016-04-22,Friday,False,,,1,0,1,bad,"The Paris Agreement is signed, an agreement to help fight global warming.",https://en.wikipedia.org/wiki/Paris_Agreement
2016-04-23,Saturday,False,,,0,0,0,neutral,,
2016-04-24,Sunday,False,,,0,0,0,neutral,,
2016-04-25,Monday,False,,,0,0,0,neutral,,
2016-04-26,Tuesday,False,,,0,0,0,neutral,,
2016-04-27,Wednesday,False,,,0,0,0,neutral,,
2016-04-28,Thursday,False,,,0,0,0,neutral,,
2016-04-29,Friday,False,,,0,0,0,neutral,,
2016-04-30,Saturday,False,,,0,0,0,neutral,,
2016-05-01,Sunday,False,,,0,0,0,neutral,,
2016-05-02,Monday,False,,,0,0,0,neutral,,
2016-05-03,Tuesday,False,,,1,0,0,neutral,"Eighty-eight thousand people are evacuated from their homes in Fort McMurray, Alberta, Canada as a wildfire rips through the community, destroying approximately 2,400 homes and buildings.",https://en.wikipedia.org/wiki/Fort_McMurray
2016-05-04,Wednesday,False,,,0,0,0,neutral,,
2016-05-05,Thursday,False,,,0,0,0,neutral,,
2016-05-06,Friday,False,,,0,0,0,neutral,,
2016-05-07,Saturday,False,,,0,0,0,neutral,,
2016-05-08,Sunday,False,,,0,0,0,neutral,,
2016-05-09,Monday,False,,,0,0,0,neutral,,
2016-05-10,Tuesday,False,,,0,0,0,neutral,,
2016-05-11,Wednesday,False,,,1,0,1,bad,One hundred and ten people are killed in an ISIL bombing in Baghdad.,https://en.wikipedia.org/wiki/11_May_2016_Baghdad_bombings
2016-05-12,Thursday,False,,,0,0,0,neutral,,
2016-05-13,Friday,False,,,0,0,0,neutral,,
2016-05-14,Saturday,False,,,0,0,0,neutral,,
2016-05-15,Sunday,False,,,0,0,0,neutral,,
2016-05-16,Monday,False,,,0,0,0,neutral,,
2016-05-17,Tuesday,False,,,0,0,0,neutral,,
2016-05-18,Wednesday,False,,,0,0,0,neutral,,
2016-05-19,Thursday,False,,,0,0,0,neutral,,
2016-05-20,Friday,False,,,0,0,0,neutral,,
2016-05-21,Saturday,True,Buddha Purnima,general,0,0,0,neutral,,
2016-05-22,Sunday,False,,,0,0,0,neutral,,
2016-05-23,Monday,False,,,0,0,0,neutral,,
2016-05-24,Tuesday,False,,,0,0,0,neutral,,
2016-05-25,Wednesday,False,,,0,0,0,neutral,,
2016-05-26,Thursday,False,,,0,0,0,neutral,,
2016-05-27,Friday,False,,,0,0,0,neutral,,
2016-05-28,Saturday,False,,,0,0,0,neutral,,
2016-05-29,Sunday,False,,,0,0,0,neutral,,
2016-05-30,Monday,False,,,0,0,0,neutral,,
2016-05-31,Tuesday,False,,,0,0,0,neutral,,
2016-06-01,Wednesday,False,,,0,0,0,neutral,,
2016-06-02,Thursday,False,,,0,0,0,neutral,,
2016-06-03,Friday,False,,,0,0,0,neutral,,
2016-06-04,Saturday,False,,,0,0,0,neutral,,
2016-06-05,Sunday,False,,,0,0,0,neutral,,
2016-06-06,Monday,False,,,0,0,0,neutral,,
2016-06-07,Tuesday,False,,,0,0,0,neutral,,
2016-06-08,Wednesday,False,,,0,0,0,neutral,,
2016-06-09,Thursday,False,,,0,0,0,neutral,,
2016-06-10,Friday,False,,,0,0,0,neutral,,
2016-06-11,Saturday,False,,,0,0,0,neutral,,
2016-06-12,Sunday,False,,,0,0,0,neutral,,
2016-06-13,Monday,False,,,0,0,0,neutral,,
2016-06-14,Tuesday,False,,,0,0,0,neutral,,
2016-06-15,Wednesday,False,,,0,0,0,neutral,,
2016-06-16,Thursday,False,,,0,0,0,neutral,,
2016-06-17,Friday,False,,,0,0,0,neutral,,
2016-06-18,Saturday,False,,,0,0,0,neutral,,
2016-06-19,Sunday,False,,,0,0,0,neutral,,
2016-06-20,Monday,False,,,0,0,0,neutral,,
2016-06-21,Tuesday,False,,,0,0,0,neutral,,
2016-06-22,Wednesday,False,,,0,0,0,neutral,,
2016-06-23,Thursday,False,,,0,0,0,neutral,,
2016-06-24,Friday,False,,,0,0,0,neutral,,
2016-06-25,Saturday,False,,,0,0,0,neutral,,
2016-06-26,Sunday,False,,,0,0,0,neutral,,
2016-06-27,Monday,False,,,0,0,0,neutral,,
2016-06-28,Tuesday,False,,,0,0,0,neutral,,
2016-06-29,Wednesday,False,,,0,0,0,neutral,,
2016-06-30,Thursday,False,,,0,0,0,neutral,,
2016-07-01,Friday,False,,,0,0,0,neutral,,
2016-07-02,Saturday,False,,,0,0,0,neutral,,
2016-07-03,Sunday,False,,,0,0,0,neutral,,
2016-07-04,Monday,False,,,0,0,0,neutral,,
2016-07-05,Tuesday,False,,,0,0,0,neutral,,
2016-07-06,Wednesday,False,,,0,0,0,neutral,,
2016-07-07,Thursday,True,Id-ul-Fitr,general,0,0,0,neutral,,
2016-07-08,Friday,False,,,0,0,0,neutral,,
2016-07-09,Saturday,False,,,0,0,0,neutral,,
2016-07-10,Sunday,False,,,0,0,0,neutral,,
2016-07-11,Monday,False,,,0,0,0,neutral,,
2016-07-12,Tuesday,False,,,0,0,0,neutral,,
2016-07-13,Wednesday,False,,,0,0,0,neutral,,
2016-07-14,Thursday,False,,,0,0,0,neutral,,
2016-07-15,Friday,False,,,0,0,0,neutral,,
2016-07-16,Saturday,False,,,0,0,0,neutral,,
2016-07-17,Sunday,False,,,0,0,0,neutral,,
2016-07-18,Monday,False,,,0,0,0,neutral,,
2016-07-19,Tuesday,False,,,0,0,0,neutral,,
2016-07-20,Wednesday,False,,,0,0,0,neutral,,
2016-07-21,Thursday,False,,,0,0,0,neutral,,
2016-07-22,Friday,False,,,0,0,0,neutral,,
2016-07-23,Saturday,False,,,0,0,0,neutral,,
2016-07-24,Sunday,False,,,0,0,0,neutral,,
2016-07-25,Monday,False,,,0,0,0,neutral,,
2016-07-26,Tuesday,False,,,0,0,0,neutral,,
2016-07-27,Wednesday,False,,,0,0,0,neutral,,
2016-07-28,Thursday,False,,,0,0,0,neutral,,
2016-07-29,Friday,False,,,0,0,0,neutral,,
2016-07-30,Saturday,False,,,0,0,0,neutral,,
2016-07-31,Sunday,False,,,0,0,0,neutral,,
2016-08-01,Monday,False,,,0,0,0,neutral,,
2016-08-02,Tuesday,False,,,0,0,0,neutral,,
2016-08-03,Wednesday,False,,,0,0,0,neutral,,
2016-08-04,Thursday,False,,,0,0,0,neutral,,
2016-08-05,Friday,False,,,0,0,0,neutral,,
2016-08-06,Saturday,False,,,0,0,0,neutral,,
2016-08-07,Sunday,False,,,0,0,0,neutral,,
2016-08-08,Monday,False,,,0,0,0,neutral,,
2016-08-09,Tuesday,False,,,0,0,0,neutral,,
2016-08-10,Wednesday,False,,,0,0,0,neutral,,
2016-08-11,Thursday,False,,,0,0,0,neutral,,
2016-08-12,Friday,False,,,0,0,0,neutral,,
2016-08-13,Saturday,False,,,0,0,0,neutral,,
2016-08-14,Sunday,False,,,0,0,0,neutral,,
2016-08-15,Monday,True,Independence Day,general,0,0,0,neutral,,
2016-08-16,Tuesday,False,,,0,0,0,neutral,,
2016-08-17,Wednesday,False,,,0,0,0,neutral,,
2016-08-18,Thursday,False,,,0,0,0,neutral,,
2016-08-19,Friday,False,,,0,0,0,neutral,,
2016-08-20,Saturday,False,,,0,0,0,neutral,,
2016-08-21,Sunday,False,,,0,0,0,neutral,,
2016-08-22,Monday,False,,,0,0,0,neutral,,
2016-08-23,Tuesday,False,,,0,0,0,neutral,,
2016-08-24,Wednesday,False,,,0,0,0,neutral,,
2016-08-25,Thursday,True,Janmashtami,hindu,0,0,0,neutral,,
2016-08-26,Friday,False,,,0,0,0,neutral,,
2016-08-27,Saturday,False,,,0,0,0,neutral,,
2016-08-28,Sunday,False,,,0,0,0,neutral,,
2016-08-29,Monday,False,,,0,0,0,neutral,,
2016-08-30,Tuesday,False,,,0,0,0,neutral,,
2016-08-31,Wednesday,False,,,0,0,0,neutral,,
2016-09-01,Thursday,False,,,0,0,0,neutral,,
2016-09-02,Friday,False,,,0,0,0,neutral,,
2016-09-03,Saturday,False,,,0,0,0,neutral,,
2016-09-04,Sunday,False,,,0,0,0,neutral,,
2016-09-05,Monday,False,,,0,0,0,neutral,,
2016-09-06,Tuesday,False,,,0,0,0,neutral,,
2016-09-07,Wednesday,False,,,0,0,0,neutral,,
2016-09-08,Thursday,False,,,0,0,0,neutral,,
2016-09-09,Friday,False,,,0,0,0,neutral,,
2016-09-10,Saturday,False,,,0,0,0,neutral,,
2016-09-11,Sunday,False,,,0,0,0,neutral,,
2016-09-12,Monday,False,,,0,0,0,neutral,,
2016-09-13,Tuesday,True,Bakrid,muslim,0,0,0,neutral,,
2016-09-14,Wednesday,False,,,0,0,0,neutral,,
2016-09-15,Thursday,False,,,0,0,0,neutral,,
2016-09-16,Friday,False,,,0,0,0,neutral,,
2016-09-17,Saturday,False,,,0,0,0,neutral,,
2016-09-18,Sunday,False,,,0,0,0,neutral,,
2016-09-19,Monday,False,,,0,0,0,neutral,,
2016-09-20,Tuesday,False,,,0,0,0,neutral,,
2016-09-21,Wednesday,False,,,0,0,0,neutral,,
2016-09-22,Thursday,False,,,0,0,0,neutral,,
2016-09-23,Friday,False,,,0,0,0,neutral,,
2016-09-24,Saturday,False,,,0,0,0,neutral,,
2016-09-25,Sunday,False,,,0,0,0,neutral,,
2016-09-26,Monday,False,,,0,0,0,neutral,,
2016-09-27,Tuesday,False,,,0,0,0,neutral,,
2016-09-28,Wednesday,False,,,0,0,0,neutral,,
2016-09-29,Thursday,False,,,0,0,0,neutral,,
2016-09-30,Friday,False,,,0,0,0,neutral,,
2016-10-01,Saturday,False,,,0,0,0,neutral,,
2016-10-02,Sunday,True,Gandhi Jayanti,general,0,0,0,neutral,,
2016-10-03,Monday,False,,,0,0,0,neutral,,
2016-10-04,Tuesday,False,,,0,0,0,neutral,,
2016-10-05,Wednesday,False,,,0,0,0,neutral,,
2016-10-06,Thursday,False,,,0,0,0,neutral,,
2016-10-07,Friday,False,,,0,0,0,neutral,,
2016-10-08,Saturday,False,,,0,0,0,neutral,,
2016-10-09,Sunday,False,,,0,0,0,neutral,,
2016-10-10,Monday,False,,,0,0,0,neutral,,
2016-10-11,Tuesday,True,Dussehra,hindu,0,0,0,neutral,,
2016-10-12,Wednesday,True,Muharram,muslim,0,0,0,neutral,,
2016-10-13,Thursday,False,,,0,0,0,neutral,,
2016-10-14,Friday,False,,,0,0,0,neutral,,
2016-10-15,Saturday,False,,,0,0,0,neutral,,
2016-10-16,Sunday,False,,,0,0,0,neutral,,
2016-10-17,Monday,False,,,0,0,0,neutral,,
2016-10-18,Tuesday,False,,,0,0,0,neutral,,
2016-10-19,Wednesday,False,,,0,0,0,neutral,,
2016-10-20,Thursday,False,,,0,0,0,neutral,,
2016-10-21,Friday,False,,,0,0,0,neutral,,
2016-10-22,Saturday,False,,,0,0,0,neutral,,
2016-10-23,Sunday,False,,,0,0,0,neutral,,
2016-10-24,Monday,False,,,0,0,0,neutral,,
2016-10-25,Tuesday,False,,,0,0,0,neutral,,
2016-10-26,Wednesday,False,,,0,0,0,neutral,,
2016-10-27,Thursday,False,,,0,0,0,neutral,,
2016-10-28,Friday,False,,,0,0,0,neutral,,
2016-10-29,Saturday,False,,,0,0,0,neutral,,
2016-10-30,Sunday,True,Diwali,hindu,0,0,0,neutral,,
2016-10-31,Monday,False,,,0,0,0,neutral,,
2016-11-01,Tuesday,False,,,0,0,0,neutral,,
2016-11-02,Wednesday,False,,,0,0,0,neutral,,
2016-11-03,Thursday,False,,,0,0,0,neutral,,
2016-11-04,Friday,False,,,0,0,0,neutral,,
2016-11-05,Saturday,False,,,0,0,0,neutral,,
2016-11-06,Sunday,False,,,0,0,0,neutral,,
2016-11-07,Monday,False,,,0,0,0,neutral,,
2016-11-08,Tuesday,False,,,0,0,0,neutral,,
2016-11-09,Wednesday,False,,,0,0,0,neutral,,
2016-11-10,Thursday,False,,,0,0,0,neutral,,
2016-11-11,Friday,False,,,0,0,0,neutral,,
2016-11-12,Saturday,False,,,0,0,0,neutral,,
2016-11-13,Sunday,False,,,0,0,0,neutral,,
2016-11-14,Monday,True,Guru Nanak Jayanti,sikh,0,0,0,neutral,,
2016-11-15,Tuesday,False,,,0,0,0,neutral,,
2016-11-16,Wednesday,False,,,0,0,0,neutral,,
2016-11-17,Thursday,False,,,0,0,0,neutral,,
2016-11-18,Friday,False,,,0,0,0,neutral,,
2016-11-19,Saturday,False,,,0,0,0,neutral,,
2016-11-20,Sunday,False,,,0,0,0,neutral,,
2016-11-21,Monday,False,,,0,0,0,neutral,,
2016-11-22,Tuesday,False,,,0,0,0,neutral,,
2016-11-23,Wednesday,False,,,0,0,0,neutral,,
2016-11-24,Thursday,False,,,0,0,0,neutral,,
2016-11-25,Friday,False,,,0,0,0,neutral,,
2016-11-26,Saturday,False,,,0,0,0,neutral,,
2016-11-27,Sunday,False,,,0,0,0,neutral,,
2016-11-28,Monday,False,,,0,0,0,neutral,,
2016-11-29,Tuesday,False,,,0,0,0,neutral,,
2016-11-30,Wednesday,False,,,0,0,0,neutral,,
2016-12-01,Thursday,False,,,0,0,0,neutral,,
2016-12-02,Friday,False,,,0,0,0,neutral,,
2016-12-03,Saturday,False,,,0,0,0,neutral,,
2016-12-04,Sunday,False,,,0,0,0,neutral,,
2016-12-05,Monday,False,,,0,0,0,neutral,,
2016-12-06,Tuesday,False,,,0,0,0,neutral,,
2016-12-07,Wednesday,False,,,0,0,0,neutral,,
2016-12-08,Thursday,False,,,0,0,0,neutral,,
2016-12-09,Friday,False,,,0,0,0,neutral,,
2016-12-10,Saturday,False,,,0,0,0,neutral,,
2016-12-11,Sunday,False,,,0,0,0,neutral,,
2016-12-12,Monday,False,,,0,0,0,neutral,,
2016-12-13,Tuesday,True,Milad-un-Nabi,muslim,0,0,0,neutral,,
2016-12-14,Wednesday,False,,,0,0,0,neutral,,
2016-12-15,Thursday,False,,,0,0,0,neutral,,
2016-12-16,Friday,False,,,0,0,0,neutral,,
2016-12-17,Saturday,False,,,0,0,0,neutral,,
2016-12-18,Sunday,False,,,0,0,0,neutral,,
2016-12-19,Monday,False,,,0,0,0,neutral,,
2016-12-20,Tuesday,False,,,0,0,0,neutral,,
2016-12-21,Wednesday,False,,,0,0,0,neutral,,
2016-12-22,Thursday,False,,,0,0,0,neutral,,
2016-12-23,Friday,False,,,0,0,0,neutral,,
2016-12-24,Saturday,False,,,0,0,0,neutral,,
2016-12-25,Sunday,True,Christmas,christian,0,0,0,neutral,,
2016-12-26,Monday,False,,,0,0,0,neutral,,
2016-12-27,Tuesday,False,,,0,0,0,neutral,,
2016-12-28,Wednesday,False,,,0,0,0,neutral,,
2016-12-29,Thursday,False,,,0,0,0,neutral,,
2016-12-30,Friday,False,,,0,0,0,neutral,,
2016-12-31,Saturday,False,,,0,0,0,neutral,,
2017-01-01,Sunday,False,,,1,0,1,bad,"An attack on a nightclub in Istanbul, Turkey, during New Year's celebrations, kills 39 people and injures 79 others.",https://en.wikipedia.org/wiki/Istanbul_nightclub_shooting
2017-01-02,Monday,False,,,0,0,0,neutral,,
2017-01-03,Tuesday,False,,,0,0,0,neutral,,
2017-01-04,Wednesday,False,,,0,0,0,neutral,,
2017-01-05,Thursday,False,,,0,0,0,neutral,,
2017-01-06,Friday,False,,,0,0,0,neutral,,
2017-01-07,Saturday,False,,,1,0,1,bad,"Five people are killed and six others injured in a mass shooting at Fort Lauderdale–Hollywood International Airport in Broward County, Florida.",https://en.wikipedia.org/wiki/Fort_Lauderdale_airport_shooting
2017-01-08,Sunday,False,,,0,0,0,neutral,,
2017-01-09,Monday,False,,,0,0,0,neutral,,
2017-01-10,Tuesday,False,,,0,0,0,neutral,,
2017-01-11,Wednesday,False,,,1,0,0,neutral,The search for Malaysia Airlines Flight 370 is announced to be suspended.,https://en.wikipedia.org/wiki/Search_for_Malaysia_Airlines_Flight_370
2017-01-12,Thursday,False,,,0,0,0,neutral,,
2017-01-13,Friday,False,,,0,0,0,neutral,,
2017-01-14,Saturday,False,,,0,0,0,neutral,,
2017-01-15,Sunday,False,,,0,0,0,neutral,,
2017-01-16,Monday,False,,,0,0,0,neutral,,
2017-01-17,Tuesday,False,,,1,0,1,bad,"Turkish Airlines Flight 6491 crashes into a residential area near Manas International Airport in Kyrgyzstan, killing 39 people.",https://en.wikipedia.org/wiki/Turkish_Airlines_Flight_6491
2017-01-18,Wednesday,False,,,0,0,0,neutral,,
2017-01-19,Thursday,False,,,0,0,0,neutral,,
2017-01-20,Friday,False,,,1,1,0,good,Donald Trump is inaugurated as the 45th President of the United States of America.,https://en.wikipedia.org/wiki/Donald_Trump
2017-01-21,Saturday,False,,,1,1,0,good,"Over 400 cities across America and 160+ countries worldwide participate in a large-scale women's march, on Donald Trump's first full day as President of the United States.",https://en.wikipedia.org/wiki/2017_Women's_March
2017-01-22,Sunday,False,,,0,0,0,neutral,,
2017-01-23,Monday,False,,,0,0,0,neutral,,
2017-01-24,Tuesday,False,,,0,0,0,neutral,,
2017-01-25,Wednesday,False,,,0,0,0,neutral,,
2017-01-26,Thursday,True,Republic Day,general,0,0,0,neutral,,
2017-01-27,Friday,False,,,1,0,0,neutral,A naming ceremony for the chemical element tennessine takes place in the United States.,https://en.wikipedia.org/wiki/Tennessine
2017-01-28,Saturday,False,,,0,0,0,neutral,,
2017-01-29,Sunday,False,,,1,0,1,bad,"A gunman opens fire at the Islamic Cultural Centre of Quebec City, killing six people and wounding 19 others in a spree shooting.",https://en.wikipedia.org/wiki/Quebec_City_mosque_shooting
2017-01-30,Monday,False,,,0,0,0,neutral,,
2017-01-31,Tuesday,False,,,0,0,0,neutral,,
2017-02-01,Wednesday,False,,,0,0,0,neutral,,
2017-02-02,Thursday,False,,,0,0,0,neutral,,
2017-02-03,Friday,False,,,0,0,0,neutral,,
2017-02-04,Saturday,False,,,0,0,0,neutral,,
2017-02-05,Sunday,False,,,0,0,0,neutral,,
2017-02-06,Monday,False,,,0,0,0,neutral,,
2017-02-07,Tuesday,False,,,0,0,0,neutral,,
2017-02-08,Wednesday,False,,,0,0,0,neutral,,
2017-02-09,Thursday,False,,,0,0,0,neutral,,
2017-02-10,Friday,False,,,0,0,0,neutral,,
2017-02-11,Saturday,False,,,1,0,0,neutral,North Korea test fires a ballistic missile across the Sea of Japan.,https://en.wikipedia.org/wiki/North_Korea
2017-02-12,Sunday,False,,,0,0,0,neutral,,
2017-02-13,Monday,False,,,1,0,1,bad,"Kim Jong-nam, brother of North Korean dictator Kim Jong-un, is assassinated at Kuala Lumpur International Airport.",https://en.wikipedia.org/wiki/Kim_Jong-nam
2017-02-14,Tuesday,False,,,0,0,0,neutral,,
2017-02-15,Wednesday,False,,,0,0,0,neutral,,
2017-02-16,Thursday,False,,,0,0,0,neutral,,
2017-02-17,Friday,False,,,0,0,0,neutral,,
2017-02-18,Saturday,False,,,0,0,0,neutral,,
2017-02-19,Sunday,False,,,0,0,0,neutral,,
2017-02-20,Monday,False,,,0,0,0,neutral,,
2017-02-21,Tuesday,False,,,0,0,0,neutral,,
2017-02-22,Wednesday,False,,,0,0,0,neutral,,
2017-02-23,Thursday,False,,,1,0,0,neutral,The Turkish-backed Free Syrian Army captures Al-Bab from ISIL.,https://en.wikipedia.org/wiki/Free_Syrian_Army
2017-02-24,Friday,True,Maha Shivaratri,general,0,0,0,neutral,,
2017-02-25,Saturday,False,,,0,0,0,neutral,,
2017-02-26,Sunday,False,,,0,0,0,neutral,,
2017-02-27,Monday,False,,,0,0,0,neutral,,
2017-02-28,Tuesday,False,,,0,0,0,neutral,,
2017-03-01,Wednesday,False,,,0,0,0,neutral,,
2017-03-02,Thursday,False,,,0,0,0,neutral,,
2017-03-03,Friday,False,,,1,0,0,neutral,"The elements Moscovium, Tennessine, and Oganesson are officially added to the periodic table at a conference in Moscow, Russia.",https://en.wikipedia.org/wiki/Moscovium
2017-03-04,Saturday,False,,,0,0,0,neutral,,
2017-03-05,Sunday,False,,,1,0,0,neutral,"The impeachment of President Park Geun-hye of South Korea in response to a major political scandal is unanimously upheld by the country's Constitutional Court, ending her presidency.",https://en.wikipedia.org/wiki/Impeachment_of_Park_Geun-hye
2017-03-06,Monday,False,,,0,0,0,neutral,,
2017-03-07,Tuesday,False,,,1,0,1,bad,"The Azure Window, a natural arch on the Maltese island of Gozo, collapses in stormy weather.",https://en.wikipedia.org/wiki/Azure_Window
2017-03-08,Wednesday,False,,,0,0,0,neutral,,
2017-03-09,Thursday,False,,,0,0,0,neutral,,
2017-03-10,Friday,False,,,0,0,0,neutral,,
2017-03-11,Saturday,False,,,0,0,0,neutral,,
2017-03-12,Sunday,False,,,0,0,0,neutral,,
2017-03-13,Monday,False,,,0,0,0,neutral,,
2017-03-14,Tuesday,False,,,1,0,0,neutral,"A naming ceremony for the chemical element nihonium takes place in Tokyo, with then Crown Prince Naruhito in attendance.",https://en.wikipedia.org/wiki/Nihonium
2017-03-15,Wednesday,False,,,0,0,0,neutral,,
2017-03-16,Thursday,False,,,0,0,0,neutral,,
2017-03-17,Friday,False,,,0,0,0,neutral,,
2017-03-18,Saturday,False,,,0,0,0,neutral,,
2017-03-19,Sunday,False,,,0,0,0,neutral,,
2017-03-20,Monday,False,,,0,0,0,neutral,,
2017-03-21,Tuesday,False,,,0,0,0,neutral,,
2017-03-22,Wednesday,False,,,2,0,2,bad,"A terrorist attack in London near the Houses of Parliament leaves four people dead and at least 20 injured. || Syrian civil war: Five hundred members of the Syrian Democratic Forces (SDF) are airlifted south of the Euphrates by United States Air Force helicopters, beginning the Battle of Tabqa.",https://en.wikipedia.org/wiki/2017_Westminster_attack || https://en.wikipedia.org/wiki/Syrian_civil_war
2017-03-23,Thursday,False,,,0,0,0,neutral,,
2017-03-24,Friday,False,,,0,0,0,neutral,,
2017-03-25,Saturday,False,,,0,0,0,neutral,,
2017-03-26,Sunday,False,,,1,0,0,neutral,Russia-wide anti-corruption protests in 99 cities. The Levada Center survey showed that 38% of surveyed Russians supported protests and that 67 percent held Putin personally responsible for high-level corruption.,https://en.wikipedia.org/wiki/2017%E2%80%932018_Russian_protests
2017-03-27,Monday,False,,,0,0,0,neutral,,
2017-03-28,Tuesday,False,,,0,0,0,neutral,,
2017-03-29,Wednesday,False,,,1,1,0,good,"Prime Minister Theresa May invokes Article 50 of the Treaty on European Union, formally beginning the United Kingdom's withdrawal from the European Union.",https://en.wikipedia.org/wiki/Prime_Minister_of_the_United_Kingdom
2017-03-30,Thursday,False,,,1,1,0,good,SpaceX conducts the world's first reflight of an orbital class rocket.,https://en.wikipedia.org/wiki/SpaceX
2017-03-31,Friday,False,,,1,0,1,bad,"A bomb explodes in the St Petersburg metro system, killing 14 and injuring several more people.",https://en.wikipedia.org/wiki/2017_Saint_Petersburg_Metro_bombing
2017-04-01,Saturday,False,,,1,0,0,neutral,"Syria conducts an air strike on Khan Shaykhun using chemical weapons, killing 89 civilians.",https://en.wikipedia.org/wiki/Khan_Shaykhun_chemical_attack
2017-04-02,Sunday,False,,,0,0,0,neutral,,
2017-04-03,Monday,False,,,0,0,0,neutral,,
2017-04-04,Tuesday,False,,,0,0,0,neutral,,
2017-04-05,Wednesday,False,,,0,0,0,neutral,,
2017-04-06,Thursday,False,,,1,1,0,good,"U.S. military launches 59 Tomahawk cruise missiles at an air base in Syria. Russia describes the strikes as an ""aggression"", adding they significantly damage US-Russia ties.",https://en.wikipedia.org/wiki/2017_Shayrat_missile_strike
2017-04-07,Friday,False,,,2,0,1,bad,"A man deliberately drives a hijacked truck into a crowd of people in Stockholm, Sweden, killing five people and injuring fifteen others. || U.S. President Donald Trump orders the 2017 Shayrat missile strike against Syria in retaliation for the Khan Shaykhun chemical attack.",https://en.wikipedia.org/wiki/2017_Stockholm_truck_attack || https://en.wikipedia.org/wiki/Donald_Trump
2017-04-08,Saturday,False,,,0,0,0,neutral,,
2017-04-09,Sunday,True,Mahavir Jayanti,general,2,0,1,bad,"The Palm Sunday church bombings at Coptic churches in Tanta and Alexandria, Egypt, take place. || After refusing to give up his seat on an overbooked United Express flight, Dr. David Dao Duy Anh is forcibly dragged off the flight by aviation security officers, leading to major criticism of United Airlines.",https://en.wikipedia.org/wiki/Palm_Sunday_church_bombings || https://en.wikipedia.org/wiki/United_Express
2017-04-10,Monday,False,,,0,0,0,neutral,,
2017-04-11,Tuesday,False,,,1,0,1,bad,"The tour bus of the German football team Borussia Dortmund was attacked with roadside bombs in Dortmund, Germany. Three bombs exploded as the bus ferried the team to the Westfalenstadion for the first leg of their quarter-final against Monaco.",https://en.wikipedia.org/wiki/Borussia_Dortmund
2017-04-12,Wednesday,False,,,0,0,0,neutral,,
2017-04-13,Thursday,False,,,0,0,0,neutral,,
2017-04-14,Friday,True,Good Friday,christian,0,0,0,neutral,,
2017-04-15,Saturday,False,,,0,0,0,neutral,,
2017-04-16,Sunday,False,,,0,0,0,neutral,,
2017-04-17,Monday,False,,,0,0,0,neutral,,
2017-04-18,Tuesday,False,,,0,0,0,neutral,,
2017-04-19,Wednesday,False,,,0,0,0,neutral,,
2017-04-20,Thursday,False,,,0,0,0,neutral,,
2017-04-21,Friday,False,,,0,0,0,neutral,,
2017-04-22,Saturday,False,,,0,0,0,neutral,,
2017-04-23,Sunday,False,,,0,0,0,neutral,,
2017-04-24,Monday,False,,,0,0,0,neutral,,
2017-04-25,Tuesday,False,,,0,0,0,neutral,,
2017-04-26,Wednesday,False,,,0,0,0,neutral,,
2017-04-27,Thursday,False,,,0,0,0,neutral,,
2017-04-28,Friday,False,,,0,0,0,neutral,,
2017-04-29,Saturday,False,,,0,0,0,neutral,,
2017-04-30,Sunday,False,,,0,0,0,neutral,,
2017-05-01,Monday,False,,,0,0,0,neutral,,
2017-05-02,Tuesday,False,,,0,0,0,neutral,,
2017-05-03,Wednesday,False,,,0,0,0,neutral,,
2017-05-04,Thursday,False,,,0,0,0,neutral,,
2017-05-05,Friday,False,,,0,0,0,neutral,,
2017-05-06,Saturday,False,,,0,0,0,neutral,,
2017-05-07,Sunday,False,,,0,0,0,neutral,,
2017-05-08,Monday,False,,,0,0,0,neutral,,
2017-05-09,Tuesday,False,,,0,0,0,neutral,,
2017-05-10,Wednesday,True,Buddha Purnima,general,1,0,1,bad,"Syrian civil war: The Syrian Democratic Forces (SDF) capture the last footholds of the Islamic State of Iraq and the Levant (ISIL) in Al-Tabqah, bringing the Battle of Tabqa to an end.",https://en.wikipedia.org/wiki/Syrian_civil_war
2017-05-11,Thursday,False,,,0,0,0,neutral,,
2017-05-12,Friday,False,,,0,0,0,neutral,,
2017-05-13,Saturday,False,,,0,0,0,neutral,,
2017-05-14,Sunday,False,,,0,0,0,neutral,,
2017-05-15,Monday,False,,,0,0,0,neutral,,
2017-05-16,Tuesday,False,,,0,0,0,neutral,,
2017-05-17,Wednesday,False,,,0,0,0,neutral,,
2017-05-18,Thursday,False,,,0,0,0,neutral,,
2017-05-19,Friday,False,,,0,0,0,neutral,,
2017-05-20,Saturday,False,,,0,0,0,neutral,,
2017-05-21,Sunday,False,,,0,0,0,neutral,,
2017-05-22,Monday,False,,,0,0,0,neutral,,
2017-05-23,Tuesday,False,,,0,0,0,neutral,,
2017-05-24,Wednesday,False,,,0,0,0,neutral,,
2017-05-25,Thursday,False,,,0,0,0,neutral,,
2017-05-26,Friday,False,,,0,0,0,neutral,,
2017-05-27,Saturday,False,,,0,0,0,neutral,,
2017-05-28,Sunday,False,,,0,0,0,neutral,,
2017-05-29,Monday,False,,,0,0,0,neutral,,
2017-05-30,Tuesday,False,,,0,0,0,neutral,,
2017-05-31,Wednesday,False,,,0,0,0,neutral,,
2017-06-01,Thursday,False,,,0,0,0,neutral,,
2017-06-02,Friday,False,,,0,0,0,neutral,,
2017-06-03,Saturday,False,,,0,0,0,neutral,,
2017-06-04,Sunday,False,,,0,0,0,neutral,,
2017-06-05,Monday,False,,,0,0,0,neutral,,
2017-06-06,Tuesday,False,,,0,0,0,neutral,,
2017-06-07,Wednesday,False,,,0,0,0,neutral,,
2017-06-08,Thursday,False,,,0,0,0,neutral,,
2017-06-09,Friday,False,,,0,0,0,neutral,,
2017-06-10,Saturday,False,,,0,0,0,neutral,,
2017-06-11,Sunday,False,,,0,0,0,neutral,,
2017-06-12,Monday,False,,,0,0,0,neutral,,
2017-06-13,Tuesday,False,,,0,0,0,neutral,,
2017-06-14,Wednesday,False,,,0,0,0,neutral,,
2017-06-15,Thursday,False,,,0,0,0,neutral,,
2017-06-16,Friday,False,,,0,0,0,neutral,,
2017-06-17,Saturday,False,,,0,0,0,neutral,,
2017-06-18,Sunday,False,,,0,0,0,neutral,,
2017-06-19,Monday,False,,,0,0,0,neutral,,
2017-06-20,Tuesday,False,,,0,0,0,neutral,,
2017-06-21,Wednesday,False,,,0,0,0,neutral,,
2017-06-22,Thursday,False,,,0,0,0,neutral,,
2017-06-23,Friday,False,,,0,0,0,neutral,,
2017-06-24,Saturday,False,,,0,0,0,neutral,,
2017-06-25,Sunday,False,,,0,0,0,neutral,,
2017-06-26,Monday,True,Id-ul-Fitr,general,0,0,0,neutral,,
2017-06-27,Tuesday,False,,,0,0,0,neutral,,
2017-06-28,Wednesday,False,,,0,0,0,neutral,,
2017-06-29,Thursday,False,,,0,0,0,neutral,,
2017-06-30,Friday,False,,,0,0,0,neutral,,
2017-07-01,Saturday,False,,,0,0,0,neutral,,
2017-07-02,Sunday,False,,,0,0,0,neutral,,
2017-07-03,Monday,False,,,0,0,0,neutral,,
2017-07-04,Tuesday,False,,,0,0,0,neutral,,
2017-07-05,Wednesday,False,,,0,0,0,neutral,,
2017-07-06,Thursday,False,,,0,0,0,neutral,,
2017-07-07,Friday,False,,,0,0,0,neutral,,
2017-07-08,Saturday,False,,,0,0,0,neutral,,
2017-07-09,Sunday,False,,,0,0,0,neutral,,
2017-07-10,Monday,False,,,0,0,0,neutral,,
2017-07-11,Tuesday,False,,,0,0,0,neutral,,
2017-07-12,Wednesday,False,,,0,0,0,neutral,,
2017-07-13,Thursday,False,,,0,0,0,neutral,,
2017-07-14,Friday,False,,,0,0,0,neutral,,
2017-07-15,Saturday,False,,,0,0,0,neutral,,
2017-07-16,Sunday,False,,,0,0,0,neutral,,
2017-07-17,Monday,False,,,0,0,0,neutral,,
2017-07-18,Tuesday,False,,,0,0,0,neutral,,
2017-07-19,Wednesday,False,,,0,0,0,neutral,,
2017-07-20,Thursday,False,,,0,0,0,neutral,,
2017-07-21,Friday,False,,,0,0,0,neutral,,
2017-07-22,Saturday,False,,,0,0,0,neutral,,
2017-07-23,Sunday,False,,,0,0,0,neutral,,
2017-07-24,Monday,False,,,0,0,0,neutral,,
2017-07-25,Tuesday,False,,,0,0,0,neutral,,
2017-07-26,Wednesday,False,,,0,0,0,neutral,,
2017-07-27,Thursday,False,,,0,0,0,neutral,,
2017-07-28,Friday,False,,,0,0,0,neutral,,
2017-07-29,Saturday,False,,,0,0,0,neutral,,
2017-07-30,Sunday,False,,,0,0,0,neutral,,
2017-07-31,Monday,False,,,0,0,0,neutral,,
2017-08-01,Tuesday,False,,,0,0,0,neutral,,
2017-08-02,Wednesday,False,,,0,0,0,neutral,,
2017-08-03,Thursday,False,,,0,0,0,neutral,,
2017-08-04,Friday,False,,,0,0,0,neutral,,
2017-08-05,Saturday,False,,,0,0,0,neutral,,
2017-08-06,Sunday,False,,,0,0,0,neutral,,
2017-08-07,Monday,False,,,0,0,0,neutral,,
2017-08-08,Tuesday,False,,,0,0,0,neutral,,
2017-08-09,Wednesday,False,,,0,0,0,neutral,,
2017-08-10,Thursday,False,,,0,0,0,neutral,,
2017-08-11,Friday,False,,,0,0,0,neutral,,
2017-08-12,Saturday,False,,,0,0,0,neutral,,
2017-08-13,Sunday,False,,,0,0,0,neutral,,
2017-08-14,Monday,False,,,0,0,0,neutral,,
2017-08-15,Tuesday,True,Independence Day; Janmashtami,hindu,0,0,0,neutral,,
2017-08-16,Wednesday,False,,,0,0,0,neutral,,
2017-08-17,Thursday,False,,,0,0,0,neutral,,
2017-08-18,Friday,False,,,0,0,0,neutral,,
2017-08-19,Saturday,False,,,0,0,0,neutral,,
2017-08-20,Sunday,False,,,0,0,0,neutral,,
2017-08-21,Monday,False,,,0,0,0,neutral,,
2017-08-22,Tuesday,False,,,0,0,0,neutral,,
2017-08-23,Wednesday,False,,,0,0,0,neutral,,
2017-08-24,Thursday,False,,,0,0,0,neutral,,
2017-08-25,Friday,False,,,0,0,0,neutral,,
2017-08-26,Saturday,False,,,0,0,0,neutral,,
2017-08-27,Sunday,False,,,0,0,0,neutral,,
2017-08-28,Monday,False,,,0,0,0,neutral,,
2017-08-29,Tuesday,False,,,0,0,0,neutral,,
2017-08-30,Wednesday,False,,,0,0,0,neutral,,
2017-08-31,Thursday,False,,,0,0,0,neutral,,
2017-09-01,Friday,False,,,0,0,0,neutral,,
2017-09-02,Saturday,True,Bakrid,muslim,0,0,0,neutral,,
2017-09-03,Sunday,False,,,0,0,0,neutral,,
2017-09-04,Monday,False,,,0,0,0,neutral,,
2017-09-05,Tuesday,False,,,0,0,0,neutral,,
2017-09-06,Wednesday,False,,,0,0,0,neutral,,
2017-09-07,Thursday,False,,,0,0,0,neutral,,
2017-09-08,Friday,False,,,0,0,0,neutral,,
2017-09-09,Saturday,False,,,0,0,0,neutral,,
2017-09-10,Sunday,False,,,0,0,0,neutral,,
2017-09-11,Monday,False,,,0,0,0,neutral,,
2017-09-12,Tuesday,False,,,0,0,0,neutral,,
2017-09-13,Wednesday,False,,,0,0,0,neutral,,
2017-09-14,Thursday,False,,,0,0,0,neutral,,
2017-09-15,Friday,False,,,0,0,0,neutral,,
2017-09-16,Saturday,False,,,0,0,0,neutral,,
2017-09-17,Sunday,False,,,0,0,0,neutral,,
2017-09-18,Monday,False,,,0,0,0,neutral,,
2017-09-19,Tuesday,False,,,0,0,0,neutral,,
2017-09-20,Wednesday,False,,,0,0,0,neutral,,
2017-09-21,Thursday,False,,,0,0,0,neutral,,
2017-09-22,Friday,False,,,0,0,0,neutral,,
2017-09-23,Saturday,False,,,0,0,0,neutral,,
2017-09-24,Sunday,False,,,0,0,0,neutral,,
2017-09-25,Monday,False,,,0,0,0,neutral,,
2017-09-26,Tuesday,False,,,0,0,0,neutral,,
2017-09-27,Wednesday,False,,,0,0,0,neutral,,
2017-09-28,Thursday,False,,,0,0,0,neutral,,
2017-09-29,Friday,False,,,0,0,0,neutral,,
2017-09-30,Saturday,True,Dussehra,hindu,0,0,0,neutral,,
2017-10-01,Sunday,True,Muharram,muslim,0,0,0,neutral,,
2017-10-02,Monday,True,Gandhi Jayanti,general,0,0,0,neutral,,
2017-10-03,Tuesday,False,,,0,0,0,neutral,,
2017-10-04,Wednesday,False,,,0,0,0,neutral,,
2017-10-05,Thursday,False,,,0,0,0,neutral,,
2017-10-06,Friday,False,,,0,0,0,neutral,,
2017-10-07,Saturday,False,,,0,0,0,neutral,,
2017-10-08,Sunday,False,,,0,0,0,neutral,,
2017-10-09,Monday,False,,,0,0,0,neutral,,
2017-10-10,Tuesday,False,,,0,0,0,neutral,,
2017-10-11,Wednesday,False,,,0,0,0,neutral,,
2017-10-12,Thursday,False,,,0,0,0,neutral,,
2017-10-13,Friday,False,,,0,0,0,neutral,,
2017-10-14,Saturday,False,,,0,0,0,neutral,,
2017-10-15,Sunday,False,,,0,0,0,neutral,,
2017-10-16,Monday,False,,,0,0,0,neutral,,
2017-10-17,Tuesday,False,,,0,0,0,neutral,,
2017-10-18,Wednesday,False,,,0,0,0,neutral,,
2017-10-19,Thursday,True,Diwali,hindu,0,0,0,neutral,,
2017-10-20,Friday,False,,,0,0,0,neutral,,
2017-10-21,Saturday,False,,,0,0,0,neutral,,
2017-10-22,Sunday,False,,,0,0,0,neutral,,
2017-10-23,Monday,False,,,0,0,0,neutral,,
2017-10-24,Tuesday,False,,,0,0,0,neutral,,
2017-10-25,Wednesday,False,,,0,0,0,neutral,,
2017-10-26,Thursday,False,,,0,0,0,neutral,,
2017-10-27,Friday,False,,,0,0,0,neutral,,
2017-10-28,Saturday,False,,,0,0,0,neutral,,
2017-10-29,Sunday,False,,,0,0,0,neutral,,
2017-10-30,Monday,False,,,0,0,0,neutral,,
2017-10-31,Tuesday,False,,,0,0,0,neutral,,
2017-11-01,Wednesday,False,,,0,0,0,neutral,,
2017-11-02,Thursday,False,,,0,0,0,neutral,,
2017-11-03,Friday,False,,,0,0,0,neutral,,
2017-11-04,Saturday,True,Guru Nanak Jayanti,sikh,0,0,0,neutral,,
2017-11-05,Sunday,False,,,0,0,0,neutral,,
2017-11-06,Monday,False,,,0,0,0,neutral,,
2017-11-07,Tuesday,False,,,0,0,0,neutral,,
2017-11-08,Wednesday,False,,,0,0,0,neutral,,
2017-11-09,Thursday,False,,,0,0,0,neutral,,
2017-11-10,Friday,False,,,0,0,0,neutral,,
2017-11-11,Saturday,False,,,0,0,0,neutral,,
2017-11-12,Sunday,False,,,0,0,0,neutral,,
2017-11-13,Monday,False,,,0,0,0,neutral,,
2017-11-14,Tuesday,False,,,0,0,0,neutral,,
2017-11-15,Wednesday,False,,,0,0,0,neutral,,
2017-11-16,Thursday,False,,,0,0,0,neutral,,
2017-11-17,Friday,False,,,0,0,0,neutral,,
2017-11-18,Saturday,False,,,0,0,0,neutral,,
2017-11-19,Sunday,False,,,0,0,0,neutral,,
2017-11-20,Monday,False,,,0,0,0,neutral,,
2017-11-21,Tuesday,False,,,0,0,0,neutral,,
2017-11-22,Wednesday,False,,,0,0,0,neutral,,
2017-11-23,Thursday,False,,,0,0,0,neutral,,
2017-11-24,Friday,False,,,0,0,0,neutral,,
2017-11-25,Saturday,False,,,0,0,0,neutral,,
2017-11-26,Sunday,False,,,0,0,0,neutral,,
2017-11-27,Monday,False,,,0,0,0,neutral,,
2017-11-28,Tuesday,False,,,0,0,0,neutral,,
2017-11-29,Wednesday,False,,,0,0,0,neutral,,
2017-11-30,Thursday,False,,,0,0,0,neutral,,
2017-12-01,Friday,False,,,0,0,0,neutral,,
2017-12-02,Saturday,True,Milad-un-Nabi,muslim,0,0,0,neutral,,
2017-12-03,Sunday,False,,,0,0,0,neutral,,
2017-12-04,Monday,False,,,0,0,0,neutral,,
2017-12-05,Tuesday,False,,,0,0,0,neutral,,
2017-12-06,Wednesday,False,,,0,0,0,neutral,,
2017-12-07,Thursday,False,,,0,0,0,neutral,,
2017-12-08,Friday,False,,,0,0,0,neutral,,
2017-12-09,Saturday,False,,,0,0,0,neutral,,
2017-12-10,Sunday,False,,,0,0,0,neutral,,
2017-12-11,Monday,False,,,0,0,0,neutral,,
2017-12-12,Tuesday,False,,,0,0,0,neutral,,
2017-12-13,Wednesday,False,,,0,0,0,neutral,,
2017-12-14,Thursday,False,,,0,0,0,neutral,,
2017-12-15,Friday,False,,,0,0,0,neutral,,
2017-12-16,Saturday,False,,,0,0,0,neutral,,
2017-12-17,Sunday,False,,,0,0,0,neutral,,
2017-12-18,Monday,False,,,0,0,0,neutral,,
2017-12-19,Tuesday,False,,,0,0,0,neutral,,
2017-12-20,Wednesday,False,,,0,0,0,neutral,,
2017-12-21,Thursday,False,,,0,0,0,neutral,,
2017-12-22,Friday,False,,,0,0,0,neutral,,
2017-12-23,Saturday,False,,,0,0,0,neutral,,
2017-12-24,Sunday,False,,,0,0,0,neutral,,
2017-12-25,Monday,True,Christmas,christian,0,0,0,neutral,,
2017-12-26,Tuesday,False,,,0,0,0,neutral,,
2017-12-27,Wednesday,False,,,0,0,0,neutral,,
2017-12-28,Thursday,False,,,0,0,0,neutral,,
2017-12-29,Friday,False,,,0,0,0,neutral,,
2017-12-30,Saturday,False,,,0,0,0,neutral,,
2017-12-31,Sunday,False,,,0,0,0,neutral,,
2018-01-01,Monday,False,,,0,0,0,neutral,,
2018-01-02,Tuesday,False,,,0,0,0,neutral,,
2018-01-03,Wednesday,False,,,1,1,0,good,"For the first time in history, all five major storm surge gates in the Netherlands are closed simultaneously in the wake of a storm.",https://en.wikipedia.org/wiki/January_3
2018-01-04,Thursday,False,,,0,0,0,neutral,,
2018-01-05,Friday,False,,,0,0,0,neutral,,
2018-01-06,Saturday,False,,,0,0,0,neutral,,
2018-01-07,Sunday,False,,,0,0,0,neutral,,
2018-01-08,Monday,False,,,0,0,0,neutral,,
2018-01-09,Tuesday,False,,,1,0,0,neutral,"British multinational construction and facilities management services company Carillion went into liquidation – officially, ""the largest ever trading liquidation in the UK""",https://en.wikipedia.org/wiki/Construction
2018-01-10,Wednesday,False,,,0,0,0,neutral,,
2018-01-11,Thursday,False,,,0,0,0,neutral,,
2018-01-12,Friday,False,,,0,0,0,neutral,,
2018-01-13,Saturday,False,,,1,0,1,bad,A false emergency alert warning of an impending missile strike in Hawaii causes widespread panic in the state.,https://en.wikipedia.org/wiki/2018_Hawaii_false_missile_alert
2018-01-14,Sunday,False,,,0,0,0,neutral,,
2018-01-15,Monday,False,,,0,0,0,neutral,,
2018-01-16,Tuesday,False,,,1,0,1,bad,"Hennenman–Kroonstad train crash: A passenger train operated by Shosholoza Meyl collides with a truck on a level crossing at Geneva Station between Hennenman and Kroonstad, Free State, South Africa. Twenty people are killed and 260 injured.",https://en.wikipedia.org/wiki/Hennenman%E2%80%93Kroonstad_train_crash
2018-01-17,Wednesday,False,,,1,0,0,neutral,"Myanmar police open fire on a group of ethnic Rakhine protesters, killing seven and wounding twelve.",https://en.wikipedia.org/wiki/Myanmar
2018-01-18,Thursday,False,,,1,0,0,neutral,"A bus catches fire on the Samara–Shymkent road in Yrgyz District, Aktobe, Kazakhstan. The fire kills 52 passengers, with three passengers and two drivers escaping.",https://en.wikipedia.org/wiki/Samara
2018-01-19,Friday,False,,,0,0,0,neutral,,
2018-01-20,Saturday,False,,,2,0,2,bad,"A group of four or five gunmen attack The Inter-Continental Hotel in Kabul, Afghanistan, sparking a 12-hour battle. The attack kills 40 people and injures many others. || Syrian civil war: The Government of Turkey announces the initiation of the Afrin offensive and begins shelling Syrian Democratic Forces (SDF) positions in Afrin Region.",https://en.wikipedia.org/wiki/2018_Inter-Continental_Hotel_Kabul_attack || https://en.wikipedia.org/wiki/Syrian_civil_war
2018-01-21,Sunday,False,,,0,0,0,neutral,,
2018-01-22,Monday,False,,,0,0,0,neutral,,
2018-01-23,Tuesday,False,,,3,0,3,bad,"A 7.9 Mw  earthquake occurs in the Gulf of Alaska. It is tied as the sixth-largest earthquake ever recorded in the United States, but there are no reports of significant damage or fatalities. || A double car bombing in Benghazi, Libya, kills at least 33 people and wounds ""dozens"" of others. The victims include both military personnel and civilians, according to local officials. || The China–United States trade war begins when President Donald Trump places tariffs on Chinese solar panels and washing machines.",https://en.wikipedia.org/wiki/2018_Gulf_of_Alaska_earthquake || https://en.wikipedia.org/wiki/Benghazi || https://en.wikipedia.org/wiki/China%E2%80%93United_States_trade_war
2018-01-24,Wednesday,False,,,1,0,0,neutral,Former doctor Larry Nassar is sentenced up to 175 years in prison after being found guilty of using his position to sexually abuse female gymnasts.,https://en.wikipedia.org/wiki/Larry_Nassar
2018-01-25,Thursday,False,,,0,0,0,neutral,,
2018-01-26,Friday,True,Republic Day,general,0,0,0,neutral,,
2018-01-27,Saturday,False,,,0,0,0,neutral,,
2018-01-28,Sunday,False,,,0,0,0,neutral,,
2018-01-29,Monday,False,,,0,0,0,neutral,,
2018-01-30,Tuesday,False,,,0,0,0,neutral,,
2018-01-31,Wednesday,False,,,0,0,0,neutral,,
2018-02-01,Thursday,False,,,0,0,0,neutral,,
2018-02-02,Friday,False,,,0,0,0,neutral,,
2018-02-03,Saturday,False,,,0,0,0,neutral,,
2018-02-04,Sunday,False,,,0,0,0,neutral,,
2018-02-05,Monday,False,,,0,0,0,neutral,,
2018-02-06,Tuesday,False,,,1,1,0,good,"SpaceX's Falcon Heavy, a super heavy launch vehicle, makes its maiden flight.",https://en.wikipedia.org/wiki/SpaceX
2018-02-07,Wednesday,False,,,0,0,0,neutral,,
2018-02-08,Thursday,False,,,0,0,0,neutral,,
2018-02-09,Friday,False,,,1,1,0,good,Winter Olympics: Opening ceremony is performed in Pyeongchang County in South Korea.,https://en.wikipedia.org/wiki/2018_Winter_Olympics
2018-02-10,Saturday,False,,,1,0,1,bad,Nineteen people are killed and 66 injured when a Kowloon Motor Bus double decker on route 872 in Hong Kong overturns.,https://en.wikipedia.org/wiki/Kowloon_Motor_Bus
2018-02-11,Sunday,False,,,1,0,1,bad,"Saratov Airlines Flight 703 crashes near Moscow, Russia with 71 deaths and no survivors.",https://en.wikipedia.org/wiki/Saratov_Airlines_Flight_703
2018-02-12,Monday,False,,,0,0,0,neutral,,
2018-02-13,Tuesday,True,Maha Shivaratri,general,0,0,0,neutral,,
2018-02-14,Wednesday,False,,,2,0,1,bad,"Jacob Zuma resigns as President of South Africa. || A shooting at Marjory Stoneman Douglas High School in Parkland, Florida is one of the deadliest school massacres with 17 fatalities and 17 injuries.",https://en.wikipedia.org/wiki/Jacob_Zuma || https://en.wikipedia.org/wiki/Parkland_high_school_shooting
2018-02-15,Thursday,False,,,0,0,0,neutral,,
2018-02-16,Friday,False,,,0,0,0,neutral,,
2018-02-17,Saturday,False,,,0,0,0,neutral,,
2018-02-18,Sunday,False,,,1,0,1,bad,"Iran Aseman Airlines Flight 3704 crashes in the Dena sub-range in the Zagros Mountains of Iran, Resulting in 66 Deaths",https://en.wikipedia.org/wiki/Iran_Aseman_Airlines_Flight_3704
2018-02-19,Monday,False,,,0,0,0,neutral,,
2018-02-20,Tuesday,False,,,0,0,0,neutral,,
2018-02-21,Wednesday,False,,,0,0,0,neutral,,
2018-02-22,Thursday,False,,,1,0,1,bad,"A man throws a grenade at the U.S. embassy in Podgorica, Montenegro. He dies at the scene from a second explosion, with no one else hurt.",https://en.wikipedia.org/wiki/2018_United_States_embassy_attack_in_Podgorica
2018-02-23,Friday,False,,,0,0,0,neutral,,
2018-02-24,Saturday,False,,,0,0,0,neutral,,
2018-02-25,Sunday,False,,,0,0,0,neutral,,
2018-02-26,Monday,False,,,0,0,0,neutral,,
2018-02-27,Tuesday,False,,,0,0,0,neutral,,
2018-02-28,Wednesday,False,,,0,0,0,neutral,,
2018-03-01,Thursday,False,,,0,0,0,neutral,,
2018-03-02,Friday,False,,,0,0,0,neutral,,
2018-03-03,Saturday,False,,,0,0,0,neutral,,
2018-03-04,Sunday,False,,,0,0,0,neutral,,
2018-03-05,Monday,False,,,0,0,0,neutral,,
2018-03-06,Tuesday,False,,,1,1,0,good,"Forbes names Jeff Bezos as the world's richest person, for the first time, at $112 billion net worth.",https://en.wikipedia.org/wiki/Forbes
2018-03-07,Wednesday,False,,,1,0,1,bad,"The first Aurat March (social/political demonstration) was held being International Women's Day in Karachi, Pakistan, since then annually held  across Pakistan and feminist slogan Mera Jism Meri Marzi (My body, my choice), in demand for women's right to bodily autonomy and against gender-based violence came into vogue in Pakistan.",https://en.wikipedia.org/wiki/Aurat_March
2018-03-08,Thursday,False,,,0,0,0,neutral,,
2018-03-09,Friday,False,,,1,0,1,bad,Syrian civil war: The Syrian Democratic Forces (SDF) pause the Deir ez-Zor campaign due to the Turkish-led invasion of Afrin.,https://en.wikipedia.org/wiki/Syrian_civil_war
2018-03-10,Saturday,False,,,0,0,0,neutral,,
2018-03-11,Sunday,False,,,1,0,1,bad,"A Bombardier Challenger 604 crashes into the Zagros Mountains near the Iranian city of Shar-e-kord, killing all 11 people on board.",https://en.wikipedia.org/wiki/Bombardier_Challenger_600_series
2018-03-12,Monday,False,,,1,0,1,bad,"US-Bangla Airlines Flight 211 crashes at Tribhuvan International Airport in Katmandu, killing 51 and injuring 20.",https://en.wikipedia.org/wiki/US-Bangla_Airlines_Flight_211
2018-03-13,Tuesday,False,,,0,0,0,neutral,,
2018-03-14,Wednesday,False,,,0,0,0,neutral,,
2018-03-15,Thursday,False,,,0,0,0,neutral,,
2018-03-16,Friday,False,,,0,0,0,neutral,,
2018-03-17,Saturday,False,,,0,0,0,neutral,,
2018-03-18,Sunday,False,,,0,0,0,neutral,,
2018-03-19,Monday,False,,,0,0,0,neutral,,
2018-03-20,Tuesday,False,,,0,0,0,neutral,,
2018-03-21,Wednesday,False,,,0,0,0,neutral,,
2018-03-22,Thursday,False,,,0,0,0,neutral,,
2018-03-23,Friday,False,,,1,0,0,neutral,President of Peru Pedro Pablo Kuczynski resigns from the presidency amid a mass corruption scandal before certain impeachment by the opposition-majority Congress of Peru.,https://en.wikipedia.org/wiki/President_of_Peru
2018-03-24,Saturday,False,,,2,0,2,bad,"Syrian civil war: The Turkish Armed Forces (TAF) and Syrian National Army (SNA) take full control of Afrin District, marking the end of the Afrin offensive. || Students across the United States stage the March for Our Lives demanding gun control in response to the Stoneman Douglas High School shooting.",https://en.wikipedia.org/wiki/Syrian_civil_war || https://en.wikipedia.org/wiki/United_States
2018-03-25,Sunday,False,,,1,0,1,bad,"Syrian civil war: Following the completion of the Afrin offensive, the Syrian Democratic Forces (SDF) initiate an insurgency against the Turkish occupation of the Afrin District.",https://en.wikipedia.org/wiki/Syrian_civil_war
2018-03-26,Monday,False,,,0,0,0,neutral,,
2018-03-27,Tuesday,False,,,0,0,0,neutral,,
2018-03-28,Wednesday,False,,,0,0,0,neutral,,
2018-03-29,Thursday,True,Mahavir Jayanti,general,0,0,0,neutral,,
2018-03-30,Friday,True,Good Friday,christian,1,0,0,neutral,"The Israeli Army kills 17 Palestinians and wounds 1,400 in Gaza during Land Day protests.",https://en.wikipedia.org/wiki/Israel_Defense_Forces
2018-03-31,Saturday,False,,,1,0,1,bad,"YouTube headquarters shooting: A 38-year-old gunwoman opens fire at YouTube Headquarters in San Bruno, California, injuring three people before committing suicide.",https://en.wikipedia.org/wiki/YouTube_headquarters_shooting
2018-04-01,Sunday,False,,,0,0,0,neutral,,
2018-04-02,Monday,False,,,2,0,0,neutral,Start of the 2018 Armenian revolution. || Baldi's Basics in education and learning was publicly released.,https://en.wikipedia.org/wiki/2018_Armenian_Revolution || https://en.wikipedia.org/wiki/Baldi's_Basics_in_Education_and_Learning
2018-04-03,Tuesday,False,,,0,0,0,neutral,,
2018-04-04,Wednesday,False,,,0,0,0,neutral,,
2018-04-05,Thursday,False,,,1,0,0,neutral,"Agents with the U.S. Immigration and Customs Enforcement raid a slaughterhouse in Tennessee, detaining nearly 100 undocumented Hispanic workers in one of the largest workplace raids in the history of the United States.",https://en.wikipedia.org/wiki/United_States_Immigration_and_Customs_Enforcement
2018-04-06,Friday,False,,,1,0,0,neutral,"A bus carrying the Humboldt Broncos junior ice hockey team collides with a semi-truck in Saskatchewan, Canada, killing 16 people and injuring 13 others.",https://en.wikipedia.org/wiki/Humboldt_Broncos
2018-04-07,Saturday,False,,,2,0,1,bad,"Former Brazilian president, Luiz Inácio Lula da Silva, is arrested for corruption by determination of Judge Sérgio Moro, from the ""Car-Wash Operation"". Lula stayed imprisoned for 580 days, after being released by the Brazilian Supreme Court. || Syria launches the Douma chemical attack during the Eastern Ghouta offensive of the Syrian Civil War.",https://en.wikipedia.org/wiki/Brazilians || https://en.wikipedia.org/wiki/Douma_chemical_attack
2018-04-08,Sunday,False,,,0,0,0,neutral,,
2018-04-09,Monday,False,,,0,0,0,neutral,,
2018-04-10,Tuesday,False,,,0,0,0,neutral,,
2018-04-11,Wednesday,False,,,1,0,1,bad,"An Ilyushin Il-76 which was owned and operated by the Algerian Air Force crashes near Boufarik, Algeria, killing 257.",https://en.wikipedia.org/wiki/Ilyushin_Il-76
2018-04-12,Thursday,False,,,0,0,0,neutral,,
2018-04-13,Friday,False,,,0,0,0,neutral,,
2018-04-14,Saturday,False,,,0,0,0,neutral,,
2018-04-15,Sunday,False,,,0,0,0,neutral,,
2018-04-16,Monday,False,,,1,0,0,neutral,The New York Times and the New Yorker win the Pulitzer Prize for Public Service for breaking news of the Harvey Weinstein sexual abuse scandal.,https://en.wikipedia.org/wiki/The_New_York_Times
2018-04-17,Tuesday,False,,,2,0,0,neutral,King Mswati III of Swaziland announces that his country's name will change to Eswatini. || Anti-government protests start in Nicaragua.,https://en.wikipedia.org/wiki/Ngwenyama || https://en.wikipedia.org/wiki/Protests_against_Daniel_Ortega
2018-04-18,Wednesday,False,,,0,0,0,neutral,,
2018-04-19,Thursday,False,,,0,0,0,neutral,,
2018-04-20,Friday,False,,,0,0,0,neutral,,
2018-04-21,Saturday,False,,,0,0,0,neutral,,
2018-04-22,Sunday,False,,,0,0,0,neutral,,
2018-04-23,Monday,False,,,0,0,0,neutral,,
2018-04-24,Tuesday,False,,,0,0,0,neutral,,
2018-04-25,Wednesday,False,,,1,0,1,bad,"The Panmunjom Declaration is signed between North and South Korea, officially declaring their intentions to end the Korean conflict.",https://en.wikipedia.org/wiki/Panmunjom_Declaration
2018-04-26,Thursday,False,,,1,0,1,bad,"A vehicle-ramming attack kills 11 people and injures 15 in Toronto. A 25-year-old suspect, Alek Minassian, is arrested.",https://en.wikipedia.org/wiki/2018_Toronto_van_attack
2018-04-27,Friday,False,,,0,0,0,neutral,,
2018-04-28,Saturday,False,,,0,0,0,neutral,,
2018-04-29,Sunday,False,,,0,0,0,neutral,,
2018-04-30,Monday,True,Buddha Purnima,general,0,0,0,neutral,,
2018-05-01,Tuesday,False,,,1,0,1,bad,Syrian civil war: The Syrian Democratic Forces (SDF) resumes the Deir ez-Zor campaign in order to clear the remnants of the Islamic State of Iraq and the Levant (ISIL) from the Iraq–Syria border.,https://en.wikipedia.org/wiki/Syrian_civil_war
2018-05-02,Wednesday,False,,,0,0,0,neutral,,
2018-05-03,Thursday,False,,,0,0,0,neutral,,
2018-05-04,Friday,False,,,0,0,0,neutral,,
2018-05-05,Saturday,False,,,0,0,0,neutral,,
2018-05-06,Sunday,False,,,0,0,0,neutral,,
2018-05-07,Monday,False,,,0,0,0,neutral,,
2018-05-08,Tuesday,False,,,0,0,0,neutral,,
2018-05-09,Wednesday,False,,,1,0,1,bad,"Barisan Nasional, the coalition that had governed Malaysia since the country's independence in 1957, suffer an historic defeat in the 2018 Malaysian general election.",https://en.wikipedia.org/wiki/Barisan_Nasional
2018-05-10,Thursday,False,,,0,0,0,neutral,,
2018-05-11,Friday,False,,,0,0,0,neutral,,
2018-05-12,Saturday,False,,,0,0,0,neutral,,
2018-05-13,Sunday,False,,,0,0,0,neutral,,
2018-05-14,Monday,False,,,0,0,0,neutral,,
2018-05-15,Tuesday,False,,,0,0,0,neutral,,
2018-05-16,Wednesday,False,,,0,0,0,neutral,,
2018-05-17,Thursday,False,,,0,0,0,neutral,,
2018-05-18,Friday,False,,,0,0,0,neutral,,
2018-05-19,Saturday,False,,,0,0,0,neutral,,
2018-05-20,Sunday,False,,,0,0,0,neutral,,
2018-05-21,Monday,False,,,0,0,0,neutral,,
2018-05-22,Tuesday,False,,,0,0,0,neutral,,
2018-05-23,Wednesday,False,,,0,0,0,neutral,,
2018-05-24,Thursday,False,,,0,0,0,neutral,,
2018-05-25,Friday,False,,,0,0,0,neutral,,
2018-05-26,Saturday,False,,,0,0,0,neutral,,
2018-05-27,Sunday,False,,,0,0,0,neutral,,
2018-05-28,Monday,False,,,0,0,0,neutral,,
2018-05-29,Tuesday,False,,,0,0,0,neutral,,
2018-05-30,Wednesday,False,,,0,0,0,neutral,,
2018-05-31,Thursday,False,,,0,0,0,neutral,,
2018-06-01,Friday,False,,,0,0,0,neutral,,
2018-06-02,Saturday,False,,,0,0,0,neutral,,
2018-06-03,Sunday,False,,,0,0,0,neutral,,
2018-06-04,Monday,False,,,0,0,0,neutral,,
2018-06-05,Tuesday,False,,,0,0,0,neutral,,
2018-06-06,Wednesday,False,,,0,0,0,neutral,,
2018-06-07,Thursday,False,,,0,0,0,neutral,,
2018-06-08,Friday,False,,,0,0,0,neutral,,
2018-06-09,Saturday,False,,,0,0,0,neutral,,
2018-06-10,Sunday,False,,,0,0,0,neutral,,
2018-06-11,Monday,False,,,0,0,0,neutral,,
2018-06-12,Tuesday,False,,,0,0,0,neutral,,
2018-06-13,Wednesday,False,,,0,0,0,neutral,,
2018-06-14,Thursday,False,,,0,0,0,neutral,,
2018-06-15,Friday,False,,,0,0,0,neutral,,
2018-06-16,Saturday,True,Id-ul-Fitr,general,0,0,0,neutral,,
2018-06-17,Sunday,False,,,0,0,0,neutral,,
2018-06-18,Monday,False,,,0,0,0,neutral,,
2018-06-19,Tuesday,False,,,0,0,0,neutral,,
2018-06-20,Wednesday,False,,,0,0,0,neutral,,
2018-06-21,Thursday,False,,,0,0,0,neutral,,
2018-06-22,Friday,False,,,0,0,0,neutral,,
2018-06-23,Saturday,False,,,0,0,0,neutral,,
2018-06-24,Sunday,False,,,0,0,0,neutral,,
2018-06-25,Monday,False,,,0,0,0,neutral,,
2018-06-26,Tuesday,False,,,0,0,0,neutral,,
2018-06-27,Wednesday,False,,,0,0,0,neutral,,
2018-06-28,Thursday,False,,,0,0,0,neutral,,
2018-06-29,Friday,False,,,0,0,0,neutral,,
2018-06-30,Saturday,False,,,0,0,0,neutral,,
2018-07-01,Sunday,False,,,0,0,0,neutral,,
2018-07-02,Monday,False,,,0,0,0,neutral,,
2018-07-03,Tuesday,False,,,0,0,0,neutral,,
2018-07-04,Wednesday,False,,,0,0,0,neutral,,
2018-07-05,Thursday,False,,,0,0,0,neutral,,
2018-07-06,Friday,False,,,0,0,0,neutral,,
2018-07-07,Saturday,False,,,0,0,0,neutral,,
2018-07-08,Sunday,False,,,0,0,0,neutral,,
2018-07-09,Monday,False,,,0,0,0,neutral,,
2018-07-10,Tuesday,False,,,0,0,0,neutral,,
2018-07-11,Wednesday,False,,,0,0,0,neutral,,
2018-07-12,Thursday,False,,,0,0,0,neutral,,
2018-07-13,Friday,False,,,0,0,0,neutral,,
2018-07-14,Saturday,False,,,0,0,0,neutral,,
2018-07-15,Sunday,False,,,0,0,0,neutral,,
2018-07-16,Monday,False,,,0,0,0,neutral,,
2018-07-17,Tuesday,False,,,0,0,0,neutral,,
2018-07-18,Wednesday,False,,,0,0,0,neutral,,
2018-07-19,Thursday,False,,,0,0,0,neutral,,
2018-07-20,Friday,False,,,0,0,0,neutral,,
2018-07-21,Saturday,False,,,0,0,0,neutral,,
2018-07-22,Sunday,False,,,0,0,0,neutral,,
2018-07-23,Monday,False,,,0,0,0,neutral,,
2018-07-24,Tuesday,False,,,0,0,0,neutral,,
2018-07-25,Wednesday,False,,,0,0,0,neutral,,
2018-07-26,Thursday,False,,,0,0,0,neutral,,
2018-07-27,Friday,False,,,0,0,0,neutral,,
2018-07-28,Saturday,False,,,0,0,0,neutral,,
2018-07-29,Sunday,False,,,0,0,0,neutral,,
2018-07-30,Monday,False,,,0,0,0,neutral,,
2018-07-31,Tuesday,False,,,0,0,0,neutral,,
2018-08-01,Wednesday,False,,,0,0,0,neutral,,
2018-08-02,Thursday,False,,,0,0,0,neutral,,
2018-08-03,Friday,False,,,0,0,0,neutral,,
2018-08-04,Saturday,False,,,0,0,0,neutral,,
2018-08-05,Sunday,False,,,0,0,0,neutral,,
2018-08-06,Monday,False,,,0,0,0,neutral,,
2018-08-07,Tuesday,False,,,0,0,0,neutral,,
2018-08-08,Wednesday,False,,,0,0,0,neutral,,
2018-08-09,Thursday,False,,,0,0,0,neutral,,
2018-08-10,Friday,False,,,0,0,0,neutral,,
2018-08-11,Saturday,False,,,0,0,0,neutral,,
2018-08-12,Sunday,False,,,0,0,0,neutral,,
2018-08-13,Monday,False,,,0,0,0,neutral,,
2018-08-14,Tuesday,False,,,0,0,0,neutral,,
2018-08-15,Wednesday,True,Independence Day,general,0,0,0,neutral,,
2018-08-16,Thursday,False,,,0,0,0,neutral,,
2018-08-17,Friday,False,,,0,0,0,neutral,,
2018-08-18,Saturday,False,,,0,0,0,neutral,,
2018-08-19,Sunday,False,,,0,0,0,neutral,,
2018-08-20,Monday,False,,,0,0,0,neutral,,
2018-08-21,Tuesday,False,,,0,0,0,neutral,,
2018-08-22,Wednesday,True,Bakrid,muslim,0,0,0,neutral,,
2018-08-23,Thursday,False,,,0,0,0,neutral,,
2018-08-24,Friday,False,,,0,0,0,neutral,,
2018-08-25,Saturday,False,,,0,0,0,neutral,,
2018-08-26,Sunday,False,,,0,0,0,neutral,,
2018-08-27,Monday,False,,,0,0,0,neutral,,
2018-08-28,Tuesday,False,,,0,0,0,neutral,,
2018-08-29,Wednesday,False,,,0,0,0,neutral,,
2018-08-30,Thursday,False,,,0,0,0,neutral,,
2018-08-31,Friday,False,,,0,0,0,neutral,,
2018-09-01,Saturday,False,,,0,0,0,neutral,,
2018-09-02,Sunday,False,,,0,0,0,neutral,,
2018-09-03,Monday,True,Janmashtami,hindu,0,0,0,neutral,,
2018-09-04,Tuesday,False,,,0,0,0,neutral,,
2018-09-05,Wednesday,False,,,0,0,0,neutral,,
2018-09-06,Thursday,False,,,0,0,0,neutral,,
2018-09-07,Friday,False,,,0,0,0,neutral,,
2018-09-08,Saturday,False,,,0,0,0,neutral,,
2018-09-09,Sunday,False,,,0,0,0,neutral,,
2018-09-10,Monday,False,,,0,0,0,neutral,,
2018-09-11,Tuesday,False,,,0,0,0,neutral,,
2018-09-12,Wednesday,False,,,0,0,0,neutral,,
2018-09-13,Thursday,False,,,0,0,0,neutral,,
2018-09-14,Friday,False,,,0,0,0,neutral,,
2018-09-15,Saturday,False,,,0,0,0,neutral,,
2018-09-16,Sunday,False,,,0,0,0,neutral,,
2018-09-17,Monday,False,,,0,0,0,neutral,,
2018-09-18,Tuesday,False,,,0,0,0,neutral,,
2018-09-19,Wednesday,False,,,0,0,0,neutral,,
2018-09-20,Thursday,False,,,0,0,0,neutral,,
2018-09-21,Friday,True,Muharram,muslim,0,0,0,neutral,,
2018-09-22,Saturday,False,,,0,0,0,neutral,,
2018-09-23,Sunday,False,,,0,0,0,neutral,,
2018-09-24,Monday,False,,,0,0,0,neutral,,
2018-09-25,Tuesday,False,,,0,0,0,neutral,,
2018-09-26,Wednesday,False,,,0,0,0,neutral,,
2018-09-27,Thursday,False,,,0,0,0,neutral,,
2018-09-28,Friday,False,,,0,0,0,neutral,,
2018-09-29,Saturday,False,,,0,0,0,neutral,,
2018-09-30,Sunday,False,,,0,0,0,neutral,,
2018-10-01,Monday,False,,,0,0,0,neutral,,
2018-10-02,Tuesday,True,Gandhi Jayanti,general,0,0,0,neutral,,
2018-10-03,Wednesday,False,,,0,0,0,neutral,,
2018-10-04,Thursday,False,,,0,0,0,neutral,,
2018-10-05,Friday,False,,,0,0,0,neutral,,
2018-10-06,Saturday,False,,,0,0,0,neutral,,
2018-10-07,Sunday,False,,,0,0,0,neutral,,
2018-10-08,Monday,False,,,0,0,0,neutral,,
2018-10-09,Tuesday,False,,,0,0,0,neutral,,
2018-10-10,Wednesday,False,,,0,0,0,neutral,,
2018-10-11,Thursday,False,,,0,0,0,neutral,,
2018-10-12,Friday,False,,,0,0,0,neutral,,
2018-10-13,Saturday,False,,,0,0,0,neutral,,
2018-10-14,Sunday,False,,,0,0,0,neutral,,
2018-10-15,Monday,False,,,0,0,0,neutral,,
2018-10-16,Tuesday,False,,,0,0,0,neutral,,
2018-10-17,Wednesday,False,,,0,0,0,neutral,,
2018-10-18,Thursday,False,,,0,0,0,neutral,,
2018-10-19,Friday,True,Dussehra,hindu,0,0,0,neutral,,
2018-10-20,Saturday,False,,,0,0,0,neutral,,
2018-10-21,Sunday,False,,,0,0,0,neutral,,
2018-10-22,Monday,False,,,0,0,0,neutral,,
2018-10-23,Tuesday,False,,,0,0,0,neutral,,
2018-10-24,Wednesday,False,,,0,0,0,neutral,,
2018-10-25,Thursday,False,,,0,0,0,neutral,,
2018-10-26,Friday,False,,,0,0,0,neutral,,
2018-10-27,Saturday,False,,,0,0,0,neutral,,
2018-10-28,Sunday,False,,,0,0,0,neutral,,
2018-10-29,Monday,False,,,0,0,0,neutral,,
2018-10-30,Tuesday,False,,,0,0,0,neutral,,
2018-10-31,Wednesday,False,,,0,0,0,neutral,,
2018-11-01,Thursday,False,,,0,0,0,neutral,,
2018-11-02,Friday,False,,,0,0,0,neutral,,
2018-11-03,Saturday,False,,,0,0,0,neutral,,
2018-11-04,Sunday,False,,,0,0,0,neutral,,
2018-11-05,Monday,False,,,0,0,0,neutral,,
2018-11-06,Tuesday,False,,,0,0,0,neutral,,
2018-11-07,Wednesday,True,Diwali,hindu,0,0,0,neutral,,
2018-11-08,Thursday,False,,,0,0,0,neutral,,
2018-11-09,Friday,False,,,0,0,0,neutral,,
2018-11-10,Saturday,False,,,0,0,0,neutral,,
2018-11-11,Sunday,False,,,0,0,0,neutral,,
2018-11-12,Monday,False,,,0,0,0,neutral,,
2018-11-13,Tuesday,False,,,0,0,0,neutral,,
2018-11-14,Wednesday,False,,,0,0,0,neutral,,
2018-11-15,Thursday,False,,,0,0,0,neutral,,
2018-11-16,Friday,False,,,0,0,0,neutral,,
2018-11-17,Saturday,False,,,0,0,0,neutral,,
2018-11-18,Sunday,False,,,0,0,0,neutral,,
2018-11-19,Monday,False,,,0,0,0,neutral,,
2018-11-20,Tuesday,False,,,0,0,0,neutral,,
2018-11-21,Wednesday,True,Milad-un-Nabi,muslim,0,0,0,neutral,,
2018-11-22,Thursday,False,,,0,0,0,neutral,,
2018-11-23,Friday,True,Guru Nanak Jayanti,sikh,0,0,0,neutral,,
2018-11-24,Saturday,False,,,0,0,0,neutral,,
2018-11-25,Sunday,False,,,0,0,0,neutral,,
2018-11-26,Monday,False,,,0,0,0,neutral,,
2018-11-27,Tuesday,False,,,0,0,0,neutral,,
2018-11-28,Wednesday,False,,,0,0,0,neutral,,
2018-11-29,Thursday,False,,,0,0,0,neutral,,
2018-11-30,Friday,False,,,0,0,0,neutral,,
2018-12-01,Saturday,False,,,0,0,0,neutral,,
2018-12-02,Sunday,False,,,0,0,0,neutral,,
2018-12-03,Monday,False,,,0,0,0,neutral,,
2018-12-04,Tuesday,False,,,0,0,0,neutral,,
2018-12-05,Wednesday,False,,,0,0,0,neutral,,
2018-12-06,Thursday,False,,,0,0,0,neutral,,
2018-12-07,Friday,False,,,0,0,0,neutral,,
2018-12-08,Saturday,False,,,0,0,0,neutral,,
2018-12-09,Sunday,False,,,0,0,0,neutral,,
2018-12-10,Monday,False,,,0,0,0,neutral,,
2018-12-11,Tuesday,False,,,0,0,0,neutral,,
2018-12-12,Wednesday,False,,,0,0,0,neutral,,
2018-12-13,Thursday,False,,,0,0,0,neutral,,
2018-12-14,Friday,False,,,0,0,0,neutral,,
2018-12-15,Saturday,False,,,0,0,0,neutral,,
2018-12-16,Sunday,False,,,0,0,0,neutral,,
2018-12-17,Monday,False,,,0,0,0,neutral,,
2018-12-18,Tuesday,False,,,0,0,0,neutral,,
2018-12-19,Wednesday,False,,,0,0,0,neutral,,
2018-12-20,Thursday,False,,,0,0,0,neutral,,
2018-12-21,Friday,False,,,0,0,0,neutral,,
2018-12-22,Saturday,False,,,0,0,0,neutral,,
2018-12-23,Sunday,False,,,0,0,0,neutral,,
2018-12-24,Monday,False,,,0,0,0,neutral,,
2018-12-25,Tuesday,True,Christmas,christian,0,0,0,neutral,,
2018-12-26,Wednesday,False,,,0,0,0,neutral,,
2018-12-27,Thursday,False,,,0,0,0,neutral,,
2018-12-28,Friday,False,,,0,0,0,neutral,,
2018-12-29,Saturday,False,,,0,0,0,neutral,,
2018-12-30,Sunday,False,,,0,0,0,neutral,,
2018-12-31,Monday,False,,,0,0,0,neutral,,
2019-01-01,Tuesday,False,,,0,0,0,neutral,,
2019-01-02,Wednesday,False,,,0,0,0,neutral,,
2019-01-03,Thursday,False,,,1,1,0,good,"Chang'e 4 makes the first soft landing on the far side of the Moon, deploying the Yutu-2 lunar rover.",https://en.wikipedia.org/wiki/Chang'e_4
2019-01-04,Friday,False,,,0,0,0,neutral,,
2019-01-05,Saturday,False,,,0,0,0,neutral,,
2019-01-06,Sunday,False,,,0,0,0,neutral,,
2019-01-07,Monday,False,,,2,1,1,bad,"Forty people are killed in a gold mine collapse in Badakhshan province, in northern Afghanistan. || Muhammad V of Kelantan resigns as the Yang di-Pertuan Agong of Malaysia, becoming the first monarch to do so.",https://en.wikipedia.org/wiki/Mining_in_Afghanistan || https://en.wikipedia.org/wiki/Muhammad_V_of_Kelantan
2019-01-08,Tuesday,False,,,0,0,0,neutral,,
2019-01-09,Wednesday,False,,,2,0,2,bad,"Somali militants attack the DusitD2 hotel in Nairobi, Kenya killing at least 21 people and injuring 19. || Theresa May's UK government suffers the biggest government defeat in modern times, when 432 MPs voting against the proposed European Union withdrawal agreement, giving her opponents a majority of 230.",https://en.wikipedia.org/wiki/Somalia || https://en.wikipedia.org/wiki/Theresa_May
2019-01-10,Thursday,False,,,1,0,1,bad,"A 13-year-old American girl, Jayme Closs, is found alive in Gordon, Wisconsin, having been kidnapped 88 days earlier from her parents' home whilst they were murdered.",https://en.wikipedia.org/wiki/Kidnapping_of_Jayme_Closs
2019-01-11,Friday,False,,,0,0,0,neutral,,
2019-01-12,Saturday,False,,,0,0,0,neutral,,
2019-01-13,Sunday,False,,,0,0,0,neutral,,
2019-01-14,Monday,False,,,1,0,1,bad,"A Saha Airlines Boeing 707 crashes at Fath Air Base near Karaj in Alborz Province, Iran, killing 15 people.",https://en.wikipedia.org/wiki/Saha_Airlines
2019-01-15,Tuesday,False,,,0,0,0,neutral,,
2019-01-16,Wednesday,False,,,1,0,0,neutral,"A fire in an escape room in Koszalin, Poland, kills five teenagers through carbon monoxide poisoning.",https://en.wikipedia.org/wiki/Koszalin_escape_room_fire
2019-01-17,Thursday,False,,,0,0,0,neutral,,
2019-01-18,Friday,False,,,1,0,1,bad,"An oil pipeline explosion near Tlahuelilpan, Hidalgo, Mexico, kills 137 people.",https://en.wikipedia.org/wiki/Tlahuelilpan_pipeline_explosion
2019-01-19,Saturday,False,,,0,0,0,neutral,,
2019-01-20,Sunday,False,,,0,0,0,neutral,,
2019-01-21,Monday,False,,,0,0,0,neutral,,
2019-01-22,Tuesday,False,,,0,0,0,neutral,,
2019-01-23,Wednesday,False,,,0,0,0,neutral,,
2019-01-24,Thursday,False,,,0,0,0,neutral,,
2019-01-25,Friday,False,,,1,0,1,bad,"A mining company's dam collapses in Brumadinho, Brazil, a south-eastern city, killing 270 people.",https://en.wikipedia.org/wiki/Brumadinho_dam_disaster
2019-01-26,Saturday,True,Republic Day,general,0,0,0,neutral,,
2019-01-27,Sunday,False,,,0,0,0,neutral,,
2019-01-28,Monday,False,,,0,0,0,neutral,,
2019-01-29,Tuesday,False,,,0,0,0,neutral,,
2019-01-30,Wednesday,False,,,0,0,0,neutral,,
2019-01-31,Thursday,False,,,1,0,0,neutral,Abdullah of Pahang is sworn in as the 16th Yang di-Pertuan Agong of Malaysia.,https://en.wikipedia.org/wiki/Abdullah_of_Pahang
2019-02-01,Friday,False,,,0,0,0,neutral,,
2019-02-02,Saturday,False,,,0,0,0,neutral,,
2019-02-03,Sunday,False,,,0,0,0,neutral,,
2019-02-04,Monday,False,,,0,0,0,neutral,,
2019-02-05,Tuesday,False,,,1,1,0,good,Pope Francis becomes the first Pope in history to visit and perform papal mass in the Arabian Peninsula during his visit to Abu Dhabi.,https://en.wikipedia.org/wiki/Pope_Francis
2019-02-06,Wednesday,False,,,0,0,0,neutral,,
2019-02-07,Thursday,False,,,0,0,0,neutral,,
2019-02-08,Friday,False,,,0,0,0,neutral,,
2019-02-09,Saturday,False,,,0,0,0,neutral,,
2019-02-10,Sunday,False,,,0,0,0,neutral,,
2019-02-11,Monday,False,,,0,0,0,neutral,,
2019-02-12,Tuesday,False,,,1,1,0,good,"The country known as the Republic of Macedonia renames itself the Republic of North Macedonia in accordance with the Prespa agreement, settling a long-standing naming dispute with Greece.",https://en.wikipedia.org/wiki/North_Macedonia
2019-02-13,Wednesday,False,,,0,0,0,neutral,,
2019-02-14,Thursday,False,,,1,0,1,bad,"Pulwama attack takes place in Lethpora in Pulwama district, Jammu and Kashmir, India in which 40 Central Reserve Police Force personnel and a suicide bomber were killed and 35 were injured.",https://en.wikipedia.org/wiki/2019_Pulwama_attack
2019-02-15,Friday,False,,,0,0,0,neutral,,
2019-02-16,Saturday,False,,,0,0,0,neutral,,
2019-02-17,Sunday,False,,,0,0,0,neutral,,
2019-02-18,Monday,False,,,0,0,0,neutral,,
2019-02-19,Tuesday,False,,,0,0,0,neutral,,
2019-02-20,Wednesday,False,,,0,0,0,neutral,,
2019-02-21,Thursday,False,,,0,0,0,neutral,,
2019-02-22,Friday,False,,,0,0,0,neutral,,
2019-02-23,Saturday,False,,,1,0,1,bad,"Atlas Air Flight 3591, a Boeing 767 freighter, crashes into Trinity Bay near Anahuac, Texas, killing all three people on board.",https://en.wikipedia.org/wiki/Atlas_Air_Flight_3591
2019-02-24,Sunday,False,,,0,0,0,neutral,,
2019-02-25,Monday,False,,,0,0,0,neutral,,
2019-02-26,Tuesday,False,,,1,0,1,bad,"Indian Air Force fighter-jets targeted Jaish-e-Mohammed terrorist training camps in Balakot, Pakistan.",https://en.wikipedia.org/wiki/Indian_Air_Force
2019-02-27,Wednesday,False,,,0,0,0,neutral,,
2019-02-28,Thursday,False,,,0,0,0,neutral,,
2019-03-01,Friday,False,,,0,0,0,neutral,,
2019-03-02,Saturday,False,,,1,0,0,neutral,Pakistan Air Force JF-17 Thunder downs Indian pilot Abhinandan Varthaman's Mig-21 in an aerial dogfight and captures him after conducting airstrikes in Jammu and Kashmir.,https://en.wikipedia.org/wiki/Pakistan_Air_Force
2019-03-03,Sunday,False,,,0,0,0,neutral,,
2019-03-04,Monday,True,Maha Shivaratri,general,0,0,0,neutral,,
2019-03-05,Tuesday,False,,,1,0,1,bad,"Ethiopian Airlines Flight 302, a Boeing 737 MAX, crashes shortly after take off, killing all 157 passengers and crew. This and the prior Lion Air Flight 610 led to all 387 Boeing 737 MAX aircraft being grounded worldwide.",https://en.wikipedia.org/wiki/Ethiopian_Airlines_Flight_302
2019-03-06,Wednesday,False,,,0,0,0,neutral,,
2019-03-07,Thursday,False,,,0,0,0,neutral,,
2019-03-08,Friday,False,,,0,0,0,neutral,,
2019-03-09,Saturday,False,,,0,0,0,neutral,,
2019-03-10,Sunday,False,,,0,0,0,neutral,,
2019-03-11,Monday,False,,,0,0,0,neutral,,
2019-03-12,Tuesday,False,,,1,0,0,neutral,"In the House of Commons, the revised EU Withdrawal Bill was rejected by a margin of 149 votes.",https://en.wikipedia.org/wiki/European_Union_(Withdrawal)_Act_2018
2019-03-13,Wednesday,False,,,0,0,0,neutral,,
2019-03-14,Thursday,False,,,1,0,1,bad,"Cyclone Idai makes landfall near Beira, Mozambique, causing devastating floods and over 1,000 deaths.",https://en.wikipedia.org/wiki/Cyclone_Idai
2019-03-15,Friday,False,,,3,0,1,bad,Fifty-one people are killed in the Christchurch mosque shootings. || Beginning of the 2019–20 Hong Kong protests. || Approximately 1.4 million young people in 123 countries go on strike to protest climate change.,https://en.wikipedia.org/wiki/Christchurch_mosque_shootings || https://en.wikipedia.org/wiki/2019%E2%80%932020_Hong_Kong_protests || https://en.wikipedia.org/wiki/Fridays_for_Future
2019-03-16,Saturday,False,,,0,0,0,neutral,,
2019-03-17,Sunday,False,,,0,0,0,neutral,,
2019-03-18,Monday,False,,,0,0,0,neutral,,
2019-03-19,Tuesday,False,,,1,1,0,good,"The first President of Kazakhstan, Nursultan Nazarbayev, resigns from office after nearly three decades, leaving Senate Chairman Kassym-Jomart Tokayev as the acting President and successor.",https://en.wikipedia.org/wiki/President_of_Kazakhstan
2019-03-20,Wednesday,False,,,1,0,0,neutral,"Kassym-Jomart Tokayev is sworn in as acting president of Kazakhstan, following the resignation of long-time president Nursultan Nazarbayev.",https://en.wikipedia.org/wiki/Kassym-Jomart_Tokayev
2019-03-21,Thursday,False,,,1,0,1,bad,"The 2019 Xiangshui chemical plant explosion occurs, killing at least 47 people and injuring 640 others.",https://en.wikipedia.org/wiki/2019_Xiangshui_chemical_plant_explosion
2019-03-22,Friday,False,,,2,0,1,bad,"The Special Counsel investigation on the 2016 United States presidential election concludes when Robert Mueller submits his report to the United States Attorney General. || Two buses crashed in Kitampo, a town north of Ghana's capital Accra, killing at least 50 people.",https://en.wikipedia.org/wiki/Mueller_special_counsel_investigation || https://en.wikipedia.org/wiki/Ghana
2019-03-23,Saturday,False,,,2,1,0,good,"The Kazakh capital of Astana was renamed to Nur-Sultan. || The US-backed Syrian Democratic Forces capture the town of Baghuz in Eastern Syria, declaring military victory over the Islamic State of Iraq and the Levant after four years of fighting, although the group maintains a scattered presence and sleeper cells across Syria and Iraq.",https://en.wikipedia.org/wiki/Kazakhstan || https://en.wikipedia.org/wiki/Battle_of_Baghuz_Fawqani
2019-03-24,Sunday,False,,,1,0,0,neutral,"Jakarta MRT, a rapid transit system in Jakarta, began operation.",https://en.wikipedia.org/wiki/Jakarta_MRT
2019-03-25,Monday,False,,,0,0,0,neutral,,
2019-03-26,Tuesday,False,,,0,0,0,neutral,,
2019-03-27,Wednesday,False,,,0,0,0,neutral,,
2019-03-28,Thursday,False,,,0,0,0,neutral,,
2019-03-29,Friday,False,,,0,0,0,neutral,,
2019-03-30,Saturday,False,,,1,0,0,neutral,Pope Francis visits Morocco.,https://en.wikipedia.org/wiki/Pope_Francis
2019-03-31,Sunday,False,,,0,0,0,neutral,,
2019-04-01,Monday,False,,,0,0,0,neutral,,
2019-04-02,Tuesday,False,,,0,0,0,neutral,,
2019-04-03,Wednesday,False,,,0,0,0,neutral,,
2019-04-04,Thursday,False,,,0,0,0,neutral,,
2019-04-05,Friday,False,,,0,0,0,neutral,,
2019-04-06,Saturday,False,,,0,0,0,neutral,,
2019-04-07,Sunday,False,,,0,0,0,neutral,,
2019-04-08,Monday,False,,,0,0,0,neutral,,
2019-04-09,Tuesday,False,,,0,0,0,neutral,,
2019-04-10,Wednesday,False,,,0,0,0,neutral,,
2019-04-11,Thursday,False,,,0,0,0,neutral,,
2019-04-12,Friday,False,,,0,0,0,neutral,,
2019-04-13,Saturday,False,,,0,0,0,neutral,,
2019-04-14,Sunday,False,,,0,0,0,neutral,,
2019-04-15,Monday,False,,,1,0,0,neutral,The cathedral of Notre-Dame de Paris in France is seriously damaged by a large fire.,https://en.wikipedia.org/wiki/Notre-Dame_de_Paris
2019-04-16,Tuesday,False,,,0,0,0,neutral,,
2019-04-17,Wednesday,True,Mahavir Jayanti,general,1,0,0,neutral,A redacted version of the Mueller report is released to the United States Congress and the public.,https://en.wikipedia.org/wiki/Mueller_report
2019-04-18,Thursday,False,,,0,0,0,neutral,,
2019-04-19,Friday,True,Good Friday,christian,0,0,0,neutral,,
2019-04-20,Saturday,False,,,0,0,0,neutral,,
2019-04-21,Sunday,False,,,1,0,1,bad,"Eight bombs explode at churches, hotels, and other locations in Sri Lanka on Easter Sunday, killing at least 269.",https://en.wikipedia.org/wiki/2019_Sri_Lanka_Easter_bombings
2019-04-22,Monday,False,,,0,0,0,neutral,,
2019-04-23,Tuesday,False,,,0,0,0,neutral,,
2019-04-24,Wednesday,False,,,0,0,0,neutral,,
2019-04-25,Thursday,False,,,0,0,0,neutral,,
2019-04-26,Friday,False,,,1,0,1,bad,"The April 2019 Hpakant jade mine collapse in Myanmar kills four miners and two rescuers, with at least 50 others missing and presumed dead.",https://en.wikipedia.org/wiki/April_2019_Hpakant_jade_mine_collapse
2019-04-27,Saturday,False,,,0,0,0,neutral,,
2019-04-28,Sunday,False,,,0,0,0,neutral,,
2019-04-29,Monday,False,,,0,0,0,neutral,,
2019-04-30,Tuesday,False,,,0,0,0,neutral,,
2019-05-01,Wednesday,False,,,2,0,1,bad,"Naxalite attack in Gadchiroli district of India: Sixteen army soldiers, including a driver, killed in an IED blast. Naxals targeted an anti-Naxal operations team. || Naruhito ascends to the throne of Japan succeeding his father Akihito, beginning the Reiwa period.",https://en.wikipedia.org/wiki/Naxalism || https://en.wikipedia.org/wiki/Naruhito
2019-05-02,Thursday,False,,,0,0,0,neutral,,
2019-05-03,Friday,False,,,0,0,0,neutral,,
2019-05-04,Saturday,False,,,1,1,0,good,"The inaugural all-female motorsport series, W Series, takes place at Hockenheimring. The race was won by Jamie Chadwick, who would go on to become the inaugural season's champion.",https://en.wikipedia.org/wiki/W_Series_(championship)
2019-05-05,Sunday,False,,,0,0,0,neutral,,
2019-05-06,Monday,False,,,0,0,0,neutral,,
2019-05-07,Tuesday,False,,,0,0,0,neutral,,
2019-05-08,Wednesday,False,,,1,1,0,good,British 17-year-old Isabelle Holdaway is reported to be the first patient ever to receive a genetically modified phage therapy to treat a drug-resistant infection.,https://en.wikipedia.org/wiki/Phage_therapy
2019-05-09,Thursday,False,,,0,0,0,neutral,,
2019-05-10,Friday,False,,,0,0,0,neutral,,
2019-05-11,Saturday,False,,,0,0,0,neutral,,
2019-05-12,Sunday,False,,,0,0,0,neutral,,
2019-05-13,Monday,False,,,0,0,0,neutral,,
2019-05-14,Tuesday,False,,,0,0,0,neutral,,
2019-05-15,Wednesday,False,,,0,0,0,neutral,,
2019-05-16,Thursday,False,,,0,0,0,neutral,,
2019-05-17,Friday,False,,,0,0,0,neutral,,
2019-05-18,Saturday,True,Buddha Purnima,general,0,0,0,neutral,,
2019-05-19,Sunday,False,,,0,0,0,neutral,,
2019-05-20,Monday,False,,,0,0,0,neutral,,
2019-05-21,Tuesday,False,,,0,0,0,neutral,,
2019-05-22,Wednesday,False,,,0,0,0,neutral,,
2019-05-23,Thursday,False,,,0,0,0,neutral,,
2019-05-24,Friday,False,,,0,0,0,neutral,,
2019-05-25,Saturday,False,,,0,0,0,neutral,,
2019-05-26,Sunday,False,,,0,0,0,neutral,,
2019-05-27,Monday,False,,,0,0,0,neutral,,
2019-05-28,Tuesday,False,,,0,0,0,neutral,,
2019-05-29,Wednesday,False,,,0,0,0,neutral,,
2019-05-30,Thursday,False,,,0,0,0,neutral,,
2019-05-31,Friday,False,,,0,0,0,neutral,,
2019-06-01,Saturday,False,,,0,0,0,neutral,,
2019-06-02,Sunday,False,,,0,0,0,neutral,,
2019-06-03,Monday,False,,,0,0,0,neutral,,
2019-06-04,Tuesday,False,,,0,0,0,neutral,,
2019-06-05,Wednesday,True,Id-ul-Fitr,general,0,0,0,neutral,,
2019-06-06,Thursday,False,,,0,0,0,neutral,,
2019-06-07,Friday,False,,,0,0,0,neutral,,
2019-06-08,Saturday,False,,,0,0,0,neutral,,
2019-06-09,Sunday,False,,,0,0,0,neutral,,
2019-06-10,Monday,False,,,0,0,0,neutral,,
2019-06-11,Tuesday,False,,,0,0,0,neutral,,
2019-06-12,Wednesday,False,,,0,0,0,neutral,,
2019-06-13,Thursday,False,,,0,0,0,neutral,,
2019-06-14,Friday,False,,,0,0,0,neutral,,
2019-06-15,Saturday,False,,,0,0,0,neutral,,
2019-06-16,Sunday,False,,,0,0,0,neutral,,
2019-06-17,Monday,False,,,0,0,0,neutral,,
2019-06-18,Tuesday,False,,,0,0,0,neutral,,
2019-06-19,Wednesday,False,,,0,0,0,neutral,,
2019-06-20,Thursday,False,,,0,0,0,neutral,,
2019-06-21,Friday,False,,,0,0,0,neutral,,
2019-06-22,Saturday,False,,,0,0,0,neutral,,
2019-06-23,Sunday,False,,,0,0,0,neutral,,
2019-06-24,Monday,False,,,0,0,0,neutral,,
2019-06-25,Tuesday,False,,,0,0,0,neutral,,
2019-06-26,Wednesday,False,,,0,0,0,neutral,,
2019-06-27,Thursday,False,,,0,0,0,neutral,,
2019-06-28,Friday,False,,,0,0,0,neutral,,
2019-06-29,Saturday,False,,,0,0,0,neutral,,
2019-06-30,Sunday,False,,,0,0,0,neutral,,
2019-07-01,Monday,False,,,0,0,0,neutral,,
2019-07-02,Tuesday,False,,,0,0,0,neutral,,
2019-07-03,Wednesday,False,,,0,0,0,neutral,,
2019-07-04,Thursday,False,,,0,0,0,neutral,,
2019-07-05,Friday,False,,,0,0,0,neutral,,
2019-07-06,Saturday,False,,,0,0,0,neutral,,
2019-07-07,Sunday,False,,,0,0,0,neutral,,
2019-07-08,Monday,False,,,0,0,0,neutral,,
2019-07-09,Tuesday,False,,,0,0,0,neutral,,
2019-07-10,Wednesday,False,,,0,0,0,neutral,,
2019-07-11,Thursday,False,,,0,0,0,neutral,,
2019-07-12,Friday,False,,,0,0,0,neutral,,
2019-07-13,Saturday,False,,,0,0,0,neutral,,
2019-07-14,Sunday,False,,,0,0,0,neutral,,
2019-07-15,Monday,False,,,0,0,0,neutral,,
2019-07-16,Tuesday,False,,,0,0,0,neutral,,
2019-07-17,Wednesday,False,,,0,0,0,neutral,,
2019-07-18,Thursday,False,,,0,0,0,neutral,,
2019-07-19,Friday,False,,,0,0,0,neutral,,
2019-07-20,Saturday,False,,,0,0,0,neutral,,
2019-07-21,Sunday,False,,,0,0,0,neutral,,
2019-07-22,Monday,False,,,0,0,0,neutral,,
2019-07-23,Tuesday,False,,,0,0,0,neutral,,
2019-07-24,Wednesday,False,,,0,0,0,neutral,,
2019-07-25,Thursday,False,,,0,0,0,neutral,,
2019-07-26,Friday,False,,,0,0,0,neutral,,
2019-07-27,Saturday,False,,,0,0,0,neutral,,
2019-07-28,Sunday,False,,,0,0,0,neutral,,
2019-07-29,Monday,False,,,0,0,0,neutral,,
2019-07-30,Tuesday,False,,,0,0,0,neutral,,
2019-07-31,Wednesday,False,,,0,0,0,neutral,,
2019-08-01,Thursday,False,,,0,0,0,neutral,,
2019-08-02,Friday,False,,,0,0,0,neutral,,
2019-08-03,Saturday,False,,,0,0,0,neutral,,
2019-08-04,Sunday,False,,,0,0,0,neutral,,
2019-08-05,Monday,False,,,0,0,0,neutral,,
2019-08-06,Tuesday,False,,,0,0,0,neutral,,
2019-08-07,Wednesday,False,,,0,0,0,neutral,,
2019-08-08,Thursday,False,,,0,0,0,neutral,,
2019-08-09,Friday,False,,,0,0,0,neutral,,
2019-08-10,Saturday,False,,,0,0,0,neutral,,
2019-08-11,Sunday,False,,,0,0,0,neutral,,
2019-08-12,Monday,True,Bakrid,muslim,0,0,0,neutral,,
2019-08-13,Tuesday,False,,,0,0,0,neutral,,
2019-08-14,Wednesday,False,,,0,0,0,neutral,,
2019-08-15,Thursday,True,Independence Day,general,0,0,0,neutral,,
2019-08-16,Friday,False,,,0,0,0,neutral,,
2019-08-17,Saturday,False,,,0,0,0,neutral,,
2019-08-18,Sunday,False,,,0,0,0,neutral,,
2019-08-19,Monday,False,,,0,0,0,neutral,,
2019-08-20,Tuesday,False,,,0,0,0,neutral,,
2019-08-21,Wednesday,False,,,0,0,0,neutral,,
2019-08-22,Thursday,False,,,0,0,0,neutral,,
2019-08-23,Friday,False,,,0,0,0,neutral,,
2019-08-24,Saturday,True,Janmashtami,hindu,0,0,0,neutral,,
2019-08-25,Sunday,False,,,0,0,0,neutral,,
2019-08-26,Monday,False,,,0,0,0,neutral,,
2019-08-27,Tuesday,False,,,0,0,0,neutral,,
2019-08-28,Wednesday,False,,,0,0,0,neutral,,
2019-08-29,Thursday,False,,,0,0,0,neutral,,
2019-08-30,Friday,False,,,0,0,0,neutral,,
2019-08-31,Saturday,False,,,0,0,0,neutral,,
2019-09-01,Sunday,False,,,0,0,0,neutral,,
2019-09-02,Monday,False,,,0,0,0,neutral,,
2019-09-03,Tuesday,False,,,0,0,0,neutral,,
2019-09-04,Wednesday,False,,,0,0,0,neutral,,
2019-09-05,Thursday,False,,,0,0,0,neutral,,
2019-09-06,Friday,False,,,0,0,0,neutral,,
2019-09-07,Saturday,False,,,0,0,0,neutral,,
2019-09-08,Sunday,False,,,0,0,0,neutral,,
2019-09-09,Monday,False,,,0,0,0,neutral,,
2019-09-10,Tuesday,True,Muharram,muslim,0,0,0,neutral,,
2019-09-11,Wednesday,False,,,0,0,0,neutral,,
2019-09-12,Thursday,False,,,0,0,0,neutral,,
2019-09-13,Friday,False,,,0,0,0,neutral,,
2019-09-14,Saturday,False,,,0,0,0,neutral,,
2019-09-15,Sunday,False,,,0,0,0,neutral,,
2019-09-16,Monday,False,,,0,0,0,neutral,,
2019-09-17,Tuesday,False,,,0,0,0,neutral,,
2019-09-18,Wednesday,False,,,0,0,0,neutral,,
2019-09-19,Thursday,False,,,0,0,0,neutral,,
2019-09-20,Friday,False,,,0,0,0,neutral,,
2019-09-21,Saturday,False,,,0,0,0,neutral,,
2019-09-22,Sunday,False,,,0,0,0,neutral,,
2019-09-23,Monday,False,,,0,0,0,neutral,,
2019-09-24,Tuesday,False,,,0,0,0,neutral,,
2019-09-25,Wednesday,False,,,0,0,0,neutral,,
2019-09-26,Thursday,False,,,0,0,0,neutral,,
2019-09-27,Friday,False,,,0,0,0,neutral,,
2019-09-28,Saturday,False,,,0,0,0,neutral,,
2019-09-29,Sunday,False,,,0,0,0,neutral,,
2019-09-30,Monday,False,,,0,0,0,neutral,,
2019-10-01,Tuesday,False,,,0,0,0,neutral,,
2019-10-02,Wednesday,True,Gandhi Jayanti,general,0,0,0,neutral,,
2019-10-03,Thursday,False,,,0,0,0,neutral,,
2019-10-04,Friday,False,,,0,0,0,neutral,,
2019-10-05,Saturday,False,,,0,0,0,neutral,,
2019-10-06,Sunday,False,,,0,0,0,neutral,,
2019-10-07,Monday,False,,,0,0,0,neutral,,
2019-10-08,Tuesday,True,Dussehra,hindu,0,0,0,neutral,,
2019-10-09,Wednesday,False,,,0,0,0,neutral,,
2019-10-10,Thursday,False,,,0,0,0,neutral,,
2019-10-11,Friday,False,,,0,0,0,neutral,,
2019-10-12,Saturday,False,,,0,0,0,neutral,,
2019-10-13,Sunday,False,,,0,0,0,neutral,,
2019-10-14,Monday,False,,,0,0,0,neutral,,
2019-10-15,Tuesday,False,,,0,0,0,neutral,,
2019-10-16,Wednesday,False,,,0,0,0,neutral,,
2019-10-17,Thursday,False,,,0,0,0,neutral,,
2019-10-18,Friday,False,,,0,0,0,neutral,,
2019-10-19,Saturday,False,,,0,0,0,neutral,,
2019-10-20,Sunday,False,,,0,0,0,neutral,,
2019-10-21,Monday,False,,,0,0,0,neutral,,
2019-10-22,Tuesday,False,,,0,0,0,neutral,,
2019-10-23,Wednesday,False,,,0,0,0,neutral,,
2019-10-24,Thursday,False,,,0,0,0,neutral,,
2019-10-25,Friday,False,,,0,0,0,neutral,,
2019-10-26,Saturday,False,,,0,0,0,neutral,,
2019-10-27,Sunday,True,Diwali,hindu,0,0,0,neutral,,
2019-10-28,Monday,False,,,0,0,0,neutral,,
2019-10-29,Tuesday,False,,,0,0,0,neutral,,
2019-10-30,Wednesday,False,,,0,0,0,neutral,,
2019-10-31,Thursday,False,,,0,0,0,neutral,,
2019-11-01,Friday,False,,,0,0,0,neutral,,
2019-11-02,Saturday,False,,,0,0,0,neutral,,
2019-11-03,Sunday,False,,,0,0,0,neutral,,
2019-11-04,Monday,False,,,0,0,0,neutral,,
2019-11-05,Tuesday,False,,,0,0,0,neutral,,
2019-11-06,Wednesday,False,,,0,0,0,neutral,,
2019-11-07,Thursday,False,,,0,0,0,neutral,,
2019-11-08,Friday,False,,,0,0,0,neutral,,
2019-11-09,Saturday,False,,,0,0,0,neutral,,
2019-11-10,Sunday,True,Milad-un-Nabi,muslim,0,0,0,neutral,,
2019-11-11,Monday,False,,,0,0,0,neutral,,
2019-11-12,Tuesday,True,Guru Nanak Jayanti,sikh,0,0,0,neutral,,
2019-11-13,Wednesday,False,,,0,0,0,neutral,,
2019-11-14,Thursday,False,,,0,0,0,neutral,,
2019-11-15,Friday,False,,,0,0,0,neutral,,
2019-11-16,Saturday,False,,,0,0,0,neutral,,
2019-11-17,Sunday,False,,,0,0,0,neutral,,
2019-11-18,Monday,False,,,0,0,0,neutral,,
2019-11-19,Tuesday,False,,,0,0,0,neutral,,
2019-11-20,Wednesday,False,,,0,0,0,neutral,,
2019-11-21,Thursday,False,,,0,0,0,neutral,,
2019-11-22,Friday,False,,,0,0,0,neutral,,
2019-11-23,Saturday,False,,,0,0,0,neutral,,
2019-11-24,Sunday,False,,,0,0,0,neutral,,
2019-11-25,Monday,False,,,0,0,0,neutral,,
2019-11-26,Tuesday,False,,,0,0,0,neutral,,
2019-11-27,Wednesday,False,,,0,0,0,neutral,,
2019-11-28,Thursday,False,,,0,0,0,neutral,,
2019-11-29,Friday,False,,,0,0,0,neutral,,
2019-11-30,Saturday,False,,,0,0,0,neutral,,
2019-12-01,Sunday,False,,,0,0,0,neutral,,
2019-12-02,Monday,False,,,0,0,0,neutral,,
2019-12-03,Tuesday,False,,,0,0,0,neutral,,
2019-12-04,Wednesday,False,,,0,0,0,neutral,,
2019-12-05,Thursday,False,,,0,0,0,neutral,,
2019-12-06,Friday,False,,,0,0,0,neutral,,
2019-12-07,Saturday,False,,,0,0,0,neutral,,
2019-12-08,Sunday,False,,,0,0,0,neutral,,
2019-12-09,Monday,False,,,0,0,0,neutral,,
2019-12-10,Tuesday,False,,,0,0,0,neutral,,
2019-12-11,Wednesday,False,,,0,0,0,neutral,,
2019-12-12,Thursday,False,,,0,0,0,neutral,,
2019-12-13,Friday,False,,,0,0,0,neutral,,
2019-12-14,Saturday,False,,,0,0,0,neutral,,
2019-12-15,Sunday,False,,,0,0,0,neutral,,
2019-12-16,Monday,False,,,0,0,0,neutral,,
2019-12-17,Tuesday,False,,,0,0,0,neutral,,
2019-12-18,Wednesday,False,,,0,0,0,neutral,,
2019-12-19,Thursday,False,,,0,0,0,neutral,,
2019-12-20,Friday,False,,,0,0,0,neutral,,
2019-12-21,Saturday,False,,,0,0,0,neutral,,
2019-12-22,Sunday,False,,,0,0,0,neutral,,
2019-12-23,Monday,False,,,0,0,0,neutral,,
2019-12-24,Tuesday,False,,,0,0,0,neutral,,
2019-12-25,Wednesday,True,Christmas,christian,0,0,0,neutral,,
2019-12-26,Thursday,False,,,0,0,0,neutral,,
2019-12-27,Friday,False,,,0,0,0,neutral,,
2019-12-28,Saturday,False,,,0,0,0,neutral,,
2019-12-29,Sunday,False,,,0,0,0,neutral,,
2019-12-30,Monday,False,,,0,0,0,neutral,,
2019-12-31,Tuesday,False,,,0,0,0,neutral,,
2020-01-01,Wednesday,False,,,0,0,0,neutral,,
2020-01-02,Thursday,False,,,1,0,1,bad,COVID-19 pandemic in Hubei: Municipal health officials in Wuhan announce the first recorded death from COVID-19.,https://en.wikipedia.org/wiki/COVID-19_pandemic_in_Hubei
2020-01-03,Friday,False,,,1,0,1,bad,"Iranian General Qasem Soleimani is killed by an American airstrike near Baghdad International Airport, igniting global concerns of a potential armed conflict.",https://en.wikipedia.org/wiki/Qasem_Soleimani
2020-01-04,Saturday,False,,,0,0,0,neutral,,
2020-01-05,Sunday,False,,,1,0,1,bad,The 6.4Mw  2019–20 Puerto Rico earthquakes kill four and injure nine in southern Puerto Rico.,https://en.wikipedia.org/wiki/2019%E2%80%9320_Puerto_Rico_earthquakes
2020-01-06,Monday,False,,,0,0,0,neutral,,
2020-01-07,Tuesday,False,,,0,0,0,neutral,,
2020-01-08,Wednesday,False,,,1,0,1,bad,Ukraine International Airlines Flight 752 crashes immediately after takeoff at Tehran Imam Khomeini International Airport; all 176 on board are killed. The plane was shot down by an Iranian anti-aircraft missile.,https://en.wikipedia.org/wiki/Ukraine_International_Airlines_Flight_752
2020-01-09,Thursday,False,,,1,1,0,good,"The Japanese Ministry of Health, Labour and Welfare confirms the first case of COVID-19 in Japan.",https://en.wikipedia.org/wiki/Ministry_of_Health%2C_Labour_and_Welfare
2020-01-10,Friday,False,,,0,0,0,neutral,,
2020-01-11,Saturday,False,,,0,0,0,neutral,,
2020-01-12,Sunday,False,,,1,0,0,neutral,Taal Volcano in the Philippines erupts and kills 39 people.,https://en.wikipedia.org/wiki/Taal_Volcano
2020-01-13,Monday,False,,,1,1,0,good,The Thai Ministry of Public Health confirms the first case of COVID-19 outside China.,https://en.wikipedia.org/wiki/Ministry_of_Public_Health_(Thailand)
2020-01-14,Tuesday,False,,,0,0,0,neutral,,
2020-01-15,Wednesday,False,,,0,0,0,neutral,,
2020-01-16,Thursday,False,,,0,0,0,neutral,,
2020-01-17,Friday,False,,,2,2,0,good,The first impeachment of Donald Trump formally moves into its trial phase in the United States Senate. || The United States Senate ratifies the United States–Mexico–Canada Agreement as a replacement for NAFTA.,https://en.wikipedia.org/wiki/First_impeachment_of_Donald_Trump || https://en.wikipedia.org/wiki/United_States%E2%80%93Mexico%E2%80%93Canada_Agreement
2020-01-18,Saturday,False,,,0,0,0,neutral,,
2020-01-19,Sunday,False,,,0,0,0,neutral,,
2020-01-20,Monday,False,,,0,0,0,neutral,,
2020-01-21,Tuesday,False,,,0,0,0,neutral,,
2020-01-22,Wednesday,False,,,0,0,0,neutral,,
2020-01-23,Thursday,False,,,0,0,0,neutral,,
2020-01-24,Friday,False,,,0,0,0,neutral,,
2020-01-25,Saturday,False,,,0,0,0,neutral,,
2020-01-26,Sunday,True,Republic Day,general,1,0,1,bad,"A Sikorsky S-76B flying from John Wayne Airport to Camarillo Airport crashes in Calabasas, 30 miles west of Los Angeles, killing all nine people on board, including five-time NBA champion Kobe Bryant and his daughter Gianna Bryant.",https://en.wikipedia.org/wiki/Sikorsky_S-76
2020-01-27,Monday,False,,,0,0,0,neutral,,
2020-01-28,Tuesday,False,,,0,0,0,neutral,,
2020-01-29,Wednesday,False,,,0,0,0,neutral,,
2020-01-30,Thursday,False,,,1,0,1,bad,The World Health Organization declares the COVID-19 pandemic to be a Public Health Emergency of International Concern.,https://en.wikipedia.org/wiki/World_Health_Organization
2020-01-31,Friday,False,,,1,0,0,neutral,"The United Kingdom's membership within the European Union ceases in accordance with Article 50, after 47 years of being a member state.",https://en.wikipedia.org/wiki/United_Kingdom
2020-02-01,Saturday,False,,,0,0,0,neutral,,
2020-02-02,Sunday,False,,,0,0,0,neutral,,
2020-02-03,Monday,False,,,0,0,0,neutral,,
2020-02-04,Tuesday,False,,,1,0,1,bad,The COVID-19 pandemic causes all casinos in Macau to be closed down for 15 days.,https://en.wikipedia.org/wiki/COVID-19_pandemic
2020-02-05,Wednesday,False,,,2,1,1,bad,"United States President Donald Trump is acquitted by the United States Senate in his first impeachment trial. || Pegasus Airlines Flight 2193 overshoots the runway at Sabiha Gökçen International Airport and crashes, killing three people and injuring 179.",https://en.wikipedia.org/wiki/Donald_Trump || https://en.wikipedia.org/wiki/Pegasus_Airlines_Flight_2193
2020-02-06,Thursday,False,,,0,0,0,neutral,,
2020-02-07,Friday,False,,,0,0,0,neutral,,
2020-02-08,Saturday,False,,,1,0,1,bad,"A soldier opens fire in a military camp and a shopping center in Nakhon Ratchasima, Thailand, killing 29 people and injuring 58 others before being shot dead by police the next day. It is considered the deadliest mass shooting in the country's history.",https://en.wikipedia.org/wiki/Nakhon_Ratchasima_shootings
2020-02-09,Sunday,False,,,1,0,0,neutral,"Salvadoran President Nayib Bukele has the army soldiers enter the Legislative Assembly to assist in pushing for the approval for a better government security plan, causing a brief political crisis.",https://en.wikipedia.org/wiki/Nayib_Bukele
2020-02-10,Monday,False,,,0,0,0,neutral,,
2020-02-11,Tuesday,False,,,1,0,1,bad,"COVID-19 pandemic: The World Health Organization officially names the coronavirus outbreak as COVID-19, with the virus being designated SARS-CoV-2.",https://en.wikipedia.org/wiki/COVID-19_pandemic
2020-02-12,Wednesday,False,,,0,0,0,neutral,,
2020-02-13,Thursday,False,,,0,0,0,neutral,,
2020-02-14,Friday,False,,,1,0,1,bad,"At least 22 people are killed in an attack on a village in Northwest Region, Cameroon.",https://en.wikipedia.org/wiki/Ngarbuh_massacre
2020-02-15,Saturday,False,,,0,0,0,neutral,,
2020-02-16,Sunday,False,,,0,0,0,neutral,,
2020-02-17,Monday,False,,,0,0,0,neutral,,
2020-02-18,Tuesday,False,,,0,0,0,neutral,,
2020-02-19,Wednesday,False,,,1,0,1,bad,"Nine people are killed in two domestic terrorist shootings in Hanau, Hesse, Germany.",https://en.wikipedia.org/wiki/Hanau_shootings
2020-02-20,Thursday,False,,,0,0,0,neutral,,
2020-02-21,Friday,True,Maha Shivaratri,general,0,0,0,neutral,,
2020-02-22,Saturday,False,,,0,0,0,neutral,,
2020-02-23,Sunday,False,,,1,0,1,bad,"Ahmaud Arbery, a 25-year-old African-American citizen, is shot and murdered by three white men after visiting a house under construction while jogging at a neighborhood in Satilla Shores near Brunswick in Glynn County, Georgia.",https://en.wikipedia.org/wiki/Murder_of_Ahmaud_Arbery
2020-02-24,Monday,False,,,1,0,0,neutral,"Mahathir Mohamad resigns as Prime Minister of Malaysia following an attempt to replace the Pakatan Harapan government, which triggered the 2020-2022 Malaysian political crisis.",https://en.wikipedia.org/wiki/Mahathir_Mohamad
2020-02-25,Tuesday,False,,,0,0,0,neutral,,
2020-02-26,Wednesday,False,,,0,0,0,neutral,,
2020-02-27,Thursday,False,,,0,0,0,neutral,,
2020-02-28,Friday,False,,,0,0,0,neutral,,
2020-02-29,Saturday,False,,,1,1,0,good,Nik Wallenda becomes the first person to walk over the Masaya Volcano in Nicaragua.,https://en.wikipedia.org/wiki/Nik_Wallenda
2020-03-01,Sunday,False,,,0,0,0,neutral,,
2020-03-02,Monday,False,,,0,0,0,neutral,,
2020-03-03,Tuesday,False,,,0,0,0,neutral,,
2020-03-04,Wednesday,False,,,4,2,0,good,"During a demonstration, pro-government colectivos shoot at disputed President and Speaker of the National Assembly Juan Guaidó and his supporters in Barquisimeto, Venezuela, leaving five injured. || The United States and the Taliban sign the Doha Agreement for bringing peace to Afghanistan. || Muhyiddin Yassin is appointed as the 8th Prime Minister of Malaysia, amid the 2020 Malaysian political crisis. || Luxembourg becomes the first country in the world to render public transport free nationwide.",https://en.wikipedia.org/wiki/Colectivo_(Venezuela) || https://en.wikipedia.org/wiki/United_States || https://en.wikipedia.org/wiki/Muhyiddin_Yassin || https://en.wikipedia.org/wiki/Luxembourg
2020-03-05,Thursday,False,,,0,0,0,neutral,,
2020-03-06,Friday,False,,,1,0,1,bad,"32 people are killed and 82 are injured when gunmen open fire on a ceremony in Kabul, Afghanistan. The Islamic State claims responsibility for the attack.",https://en.wikipedia.org/wiki/6_March_2020_Kabul_shooting
2020-03-07,Saturday,False,,,0,0,0,neutral,,
2020-03-08,Sunday,False,,,0,0,0,neutral,,
2020-03-09,Monday,False,,,0,0,0,neutral,,
2020-03-10,Tuesday,False,,,1,1,0,good,"Giuseppe Conte, Prime Minister of Italy, announces in a televised address and signs the decree imposing the first nationwide COVID-19 lockdown in the world.",https://en.wikipedia.org/wiki/Giuseppe_Conte
2020-03-11,Wednesday,False,,,1,0,1,bad,The World Health Organization (WHO) declares the COVID-19 virus epidemic a pandemic.,https://en.wikipedia.org/wiki/World_Health_Organization
2020-03-12,Thursday,False,,,1,0,1,bad,The United States suspends travel from Europe due to the COVID-19 pandemic.,https://en.wikipedia.org/wiki/United_States
2020-03-13,Friday,False,,,3,1,2,bad,"President Donald Trump declares the COVID-19 pandemic to be a national emergency in the United States. || Breonna Taylor is killed by police officers who were forcibly entering her home in Louisville, Kentucky; her death sparked extensive protests against racism and police brutality. || Katerina Sakellaropoulou is sworn in as the first female President of Greece amid strict COVID-19 measures.",https://en.wikipedia.org/wiki/Donald_Trump || https://en.wikipedia.org/wiki/Breonna_Taylor || https://en.wikipedia.org/wiki/Katerina_Sakellaropoulou
2020-03-14,Saturday,False,,,0,0,0,neutral,,
2020-03-15,Sunday,False,,,0,0,0,neutral,,
2020-03-16,Monday,False,,,1,0,1,bad,"The Dow Jones Industrial Average falls by 2,997.10, the single largest point drop in history and the second-largest percentage drop ever at 12.93%, an even greater crash than Black Monday (1929). This follows the U.S. Federal Reserve announcing that it will cut its target interest rate to 0–0.25%.",https://en.wikipedia.org/wiki/2020_stock_market_crash
2020-03-17,Tuesday,False,,,0,0,0,neutral,,
2020-03-18,Wednesday,False,,,0,0,0,neutral,,
2020-03-19,Thursday,False,,,0,0,0,neutral,,
2020-03-20,Friday,False,,,0,0,0,neutral,,
2020-03-21,Saturday,False,,,0,0,0,neutral,,
2020-03-22,Sunday,False,,,2,1,0,good,"Indian Prime Minister Narendra Modi announces the country's largest ever self-imposed curfew, in an effort to fight the spread of COVID-19. || Greek Prime Minister Kyriakos Mitsotakis announces a national lockdown and the country's first ever self-imposed curfew, in an effort to fight the spread of COVID-19.",https://en.wikipedia.org/wiki/Narendra_Modi || https://en.wikipedia.org/wiki/Kyriakos_Mitsotakis
2020-03-23,Monday,False,,,1,1,0,good,Prime Minister Boris Johnson put the United Kingdom into its first national lockdown in response to COVID-19.,https://en.wikipedia.org/wiki/Prime_Minister_of_the_United_Kingdom
2020-03-24,Tuesday,False,,,0,0,0,neutral,,
2020-03-25,Wednesday,False,,,0,0,0,neutral,,
2020-03-26,Thursday,False,,,0,0,0,neutral,,
2020-03-27,Friday,False,,,1,0,0,neutral,North Macedonia becomes the 30th member of NATO.,https://en.wikipedia.org/wiki/North_Macedonia
2020-03-28,Saturday,False,,,0,0,0,neutral,,
2020-03-29,Sunday,False,,,0,0,0,neutral,,
2020-03-30,Monday,False,,,0,0,0,neutral,,
2020-03-31,Tuesday,False,,,0,0,0,neutral,,
2020-04-01,Wednesday,False,,,1,0,1,bad,China holds a national day of mourning for martyrs who died in the fight against the novel coronavirus disease outbreak.,https://en.wikipedia.org/wiki/National_day_of_mourning
2020-04-02,Thursday,False,,,0,0,0,neutral,,
2020-04-03,Friday,False,,,0,0,0,neutral,,
2020-04-04,Saturday,False,,,1,0,1,bad,COVID-19 pandemic: The total number of confirmed cases reach one million.,https://en.wikipedia.org/wiki/COVID-19_pandemic
2020-04-05,Sunday,False,,,0,0,0,neutral,,
2020-04-06,Monday,True,Mahavir Jayanti,general,0,0,0,neutral,,
2020-04-07,Tuesday,False,,,2,0,2,bad,COVID-19 pandemic: China ends its lockdown in Wuhan. || COVID-19 pandemic: Acting Secretary of the Navy Thomas Modly resigns for his handling of the COVID-19 pandemic on USS Theodore Roosevelt and the dismissal of Brett Crozier.,https://en.wikipedia.org/wiki/COVID-19_pandemic || https://en.wikipedia.org/wiki/Thomas_Modly
2020-04-08,Wednesday,False,,,1,0,0,neutral,"Bernie Sanders ends his presidential campaign, leaving Joe Biden as the Democratic Party's nominee.",https://en.wikipedia.org/wiki/Bernie_Sanders
2020-04-09,Thursday,False,,,0,0,0,neutral,,
2020-04-10,Friday,True,Good Friday,christian,0,0,0,neutral,,
2020-04-11,Saturday,False,,,0,0,0,neutral,,
2020-04-12,Sunday,False,,,0,0,0,neutral,,
2020-04-13,Monday,False,,,0,0,0,neutral,,
2020-04-14,Tuesday,False,,,0,0,0,neutral,,
2020-04-15,Wednesday,False,,,0,0,0,neutral,,
2020-04-16,Thursday,False,,,0,0,0,neutral,,
2020-04-17,Friday,False,,,0,0,0,neutral,,
2020-04-18,Saturday,False,,,0,0,0,neutral,,
2020-04-19,Sunday,False,,,1,0,1,bad,"A killing spree in Nova Scotia, Canada, leaves 22 people and the perpetrator dead, making it the deadliest rampage in the country's history.",https://en.wikipedia.org/wiki/2020_Nova_Scotia_attacks
2020-04-20,Monday,False,,,0,0,0,neutral,,
2020-04-21,Tuesday,False,,,0,0,0,neutral,,
2020-04-22,Wednesday,False,,,1,0,1,bad,"Four police officers are killed after being struck by a truck on the Eastern Freeway in Melbourne while speaking to a speeding driver, marking the largest loss of police lives in Victoria Police history.",https://en.wikipedia.org/wiki/2020_Eastern_Freeway_truck_crash
2020-04-23,Thursday,False,,,0,0,0,neutral,,
2020-04-24,Friday,False,,,0,0,0,neutral,,
2020-04-25,Saturday,False,,,0,0,0,neutral,,
2020-04-26,Sunday,False,,,0,0,0,neutral,,
2020-04-27,Monday,False,,,0,0,0,neutral,,
2020-04-28,Tuesday,False,,,1,0,1,bad,"For the first time in history, oil prices drop below zero, an effect of the 2020 Russia-Saudi Arabia oil price war.",https://en.wikipedia.org/wiki/Price_of_oil
2020-04-29,Wednesday,False,,,0,0,0,neutral,,
2020-04-30,Thursday,False,,,0,0,0,neutral,,
2020-05-01,Friday,False,,,0,0,0,neutral,,
2020-05-02,Saturday,False,,,0,0,0,neutral,,
2020-05-03,Sunday,False,,,0,0,0,neutral,,
2020-05-04,Monday,False,,,0,0,0,neutral,,
2020-05-05,Tuesday,False,,,0,0,0,neutral,,
2020-05-06,Wednesday,False,,,0,0,0,neutral,,
2020-05-07,Thursday,True,Buddha Purnima,general,0,0,0,neutral,,
2020-05-08,Friday,False,,,0,0,0,neutral,,
2020-05-09,Saturday,False,,,1,0,0,neutral,"The COVID-19 recession causes the U.S. unemployment rate to hit 14.9 percent, its worst rate since the Great Depression.",https://en.wikipedia.org/wiki/COVID-19_recession
2020-05-10,Sunday,False,,,0,0,0,neutral,,
2020-05-11,Monday,False,,,0,0,0,neutral,,
2020-05-12,Tuesday,False,,,0,0,0,neutral,,
2020-05-13,Wednesday,False,,,0,0,0,neutral,,
2020-05-14,Thursday,False,,,0,0,0,neutral,,
2020-05-15,Friday,False,,,0,0,0,neutral,,
2020-05-16,Saturday,False,,,0,0,0,neutral,,
2020-05-17,Sunday,False,,,0,0,0,neutral,,
2020-05-18,Monday,False,,,0,0,0,neutral,,
2020-05-19,Tuesday,False,,,0,0,0,neutral,,
2020-05-20,Wednesday,False,,,0,0,0,neutral,,
2020-05-21,Thursday,False,,,0,0,0,neutral,,
2020-05-22,Friday,False,,,0,0,0,neutral,,
2020-05-23,Saturday,False,,,0,0,0,neutral,,
2020-05-24,Sunday,False,,,0,0,0,neutral,,
2020-05-25,Monday,True,Id-ul-Fitr,general,0,0,0,neutral,,
2020-05-26,Tuesday,False,,,0,0,0,neutral,,
2020-05-27,Wednesday,False,,,0,0,0,neutral,,
2020-05-28,Thursday,False,,,0,0,0,neutral,,
2020-05-29,Friday,False,,,0,0,0,neutral,,
2020-05-30,Saturday,False,,,0,0,0,neutral,,
2020-05-31,Sunday,False,,,0,0,0,neutral,,
2020-06-01,Monday,False,,,0,0,0,neutral,,
2020-06-02,Tuesday,False,,,0,0,0,neutral,,
2020-06-03,Wednesday,False,,,0,0,0,neutral,,
2020-06-04,Thursday,False,,,0,0,0,neutral,,
2020-06-05,Friday,False,,,0,0,0,neutral,,
2020-06-06,Saturday,False,,,0,0,0,neutral,,
2020-06-07,Sunday,False,,,0,0,0,neutral,,
2020-06-08,Monday,False,,,0,0,0,neutral,,
2020-06-09,Tuesday,False,,,0,0,0,neutral,,
2020-06-10,Wednesday,False,,,0,0,0,neutral,,
2020-06-11,Thursday,False,,,0,0,0,neutral,,
2020-06-12,Friday,False,,,0,0,0,neutral,,
2020-06-13,Saturday,False,,,0,0,0,neutral,,
2020-06-14,Sunday,False,,,0,0,0,neutral,,
2020-06-15,Monday,False,,,0,0,0,neutral,,
2020-06-16,Tuesday,False,,,0,0,0,neutral,,
2020-06-17,Wednesday,False,,,0,0,0,neutral,,
2020-06-18,Thursday,False,,,0,0,0,neutral,,
2020-06-19,Friday,False,,,0,0,0,neutral,,
2020-06-20,Saturday,False,,,0,0,0,neutral,,
2020-06-21,Sunday,False,,,0,0,0,neutral,,
2020-06-22,Monday,False,,,0,0,0,neutral,,
2020-06-23,Tuesday,False,,,0,0,0,neutral,,
2020-06-24,Wednesday,False,,,0,0,0,neutral,,
2020-06-25,Thursday,False,,,0,0,0,neutral,,
2020-06-26,Friday,False,,,0,0,0,neutral,,
2020-06-27,Saturday,False,,,0,0,0,neutral,,
2020-06-28,Sunday,False,,,0,0,0,neutral,,
2020-06-29,Monday,False,,,0,0,0,neutral,,
2020-06-30,Tuesday,False,,,0,0,0,neutral,,
2020-07-01,Wednesday,False,,,0,0,0,neutral,,
2020-07-02,Thursday,False,,,0,0,0,neutral,,
2020-07-03,Friday,False,,,0,0,0,neutral,,
2020-07-04,Saturday,False,,,0,0,0,neutral,,
2020-07-05,Sunday,False,,,0,0,0,neutral,,
2020-07-06,Monday,False,,,0,0,0,neutral,,
2020-07-07,Tuesday,False,,,0,0,0,neutral,,
2020-07-08,Wednesday,False,,,0,0,0,neutral,,
2020-07-09,Thursday,False,,,0,0,0,neutral,,
2020-07-10,Friday,False,,,0,0,0,neutral,,
2020-07-11,Saturday,False,,,0,0,0,neutral,,
2020-07-12,Sunday,False,,,0,0,0,neutral,,
2020-07-13,Monday,False,,,0,0,0,neutral,,
2020-07-14,Tuesday,False,,,0,0,0,neutral,,
2020-07-15,Wednesday,False,,,0,0,0,neutral,,
2020-07-16,Thursday,False,,,0,0,0,neutral,,
2020-07-17,Friday,False,,,0,0,0,neutral,,
2020-07-18,Saturday,False,,,0,0,0,neutral,,
2020-07-19,Sunday,False,,,0,0,0,neutral,,
2020-07-20,Monday,False,,,0,0,0,neutral,,
2020-07-21,Tuesday,False,,,0,0,0,neutral,,
2020-07-22,Wednesday,False,,,0,0,0,neutral,,
2020-07-23,Thursday,False,,,0,0,0,neutral,,
2020-07-24,Friday,False,,,0,0,0,neutral,,
2020-07-25,Saturday,False,,,0,0,0,neutral,,
2020-07-26,Sunday,False,,,0,0,0,neutral,,
2020-07-27,Monday,False,,,0,0,0,neutral,,
2020-07-28,Tuesday,False,,,0,0,0,neutral,,
2020-07-29,Wednesday,False,,,0,0,0,neutral,,
2020-07-30,Thursday,False,,,0,0,0,neutral,,
2020-07-31,Friday,False,,,0,0,0,neutral,,
2020-08-01,Saturday,True,Bakrid,muslim,0,0,0,neutral,,
2020-08-02,Sunday,False,,,0,0,0,neutral,,
2020-08-03,Monday,False,,,0,0,0,neutral,,
2020-08-04,Tuesday,False,,,0,0,0,neutral,,
2020-08-05,Wednesday,False,,,0,0,0,neutral,,
2020-08-06,Thursday,False,,,0,0,0,neutral,,
2020-08-07,Friday,False,,,0,0,0,neutral,,
2020-08-08,Saturday,False,,,0,0,0,neutral,,
2020-08-09,Sunday,False,,,0,0,0,neutral,,
2020-08-10,Monday,False,,,0,0,0,neutral,,
2020-08-11,Tuesday,False,,,0,0,0,neutral,,
2020-08-12,Wednesday,True,Janmashtami,hindu,0,0,0,neutral,,
2020-08-13,Thursday,False,,,0,0,0,neutral,,
2020-08-14,Friday,False,,,0,0,0,neutral,,
2020-08-15,Saturday,True,Independence Day,general,0,0,0,neutral,,
2020-08-16,Sunday,False,,,0,0,0,neutral,,
2020-08-17,Monday,False,,,0,0,0,neutral,,
2020-08-18,Tuesday,False,,,0,0,0,neutral,,
2020-08-19,Wednesday,False,,,0,0,0,neutral,,
2020-08-20,Thursday,False,,,0,0,0,neutral,,
2020-08-21,Friday,False,,,0,0,0,neutral,,
2020-08-22,Saturday,False,,,0,0,0,neutral,,
2020-08-23,Sunday,False,,,0,0,0,neutral,,
2020-08-24,Monday,False,,,0,0,0,neutral,,
2020-08-25,Tuesday,False,,,0,0,0,neutral,,
2020-08-26,Wednesday,False,,,0,0,0,neutral,,
2020-08-27,Thursday,False,,,0,0,0,neutral,,
2020-08-28,Friday,False,,,0,0,0,neutral,,
2020-08-29,Saturday,False,,,0,0,0,neutral,,
2020-08-30,Sunday,True,Muharram,muslim,0,0,0,neutral,,
2020-08-31,Monday,False,,,0,0,0,neutral,,
2020-09-01,Tuesday,False,,,0,0,0,neutral,,
2020-09-02,Wednesday,False,,,0,0,0,neutral,,
2020-09-03,Thursday,False,,,0,0,0,neutral,,
2020-09-04,Friday,False,,,0,0,0,neutral,,
2020-09-05,Saturday,False,,,0,0,0,neutral,,
2020-09-06,Sunday,False,,,0,0,0,neutral,,
2020-09-07,Monday,False,,,0,0,0,neutral,,
2020-09-08,Tuesday,False,,,0,0,0,neutral,,
2020-09-09,Wednesday,False,,,0,0,0,neutral,,
2020-09-10,Thursday,False,,,0,0,0,neutral,,
2020-09-11,Friday,False,,,0,0,0,neutral,,
2020-09-12,Saturday,False,,,0,0,0,neutral,,
2020-09-13,Sunday,False,,,0,0,0,neutral,,
2020-09-14,Monday,False,,,0,0,0,neutral,,
2020-09-15,Tuesday,False,,,0,0,0,neutral,,
2020-09-16,Wednesday,False,,,0,0,0,neutral,,
2020-09-17,Thursday,False,,,0,0,0,neutral,,
2020-09-18,Friday,False,,,0,0,0,neutral,,
2020-09-19,Saturday,False,,,0,0,0,neutral,,
2020-09-20,Sunday,False,,,0,0,0,neutral,,
2020-09-21,Monday,False,,,0,0,0,neutral,,
2020-09-22,Tuesday,False,,,0,0,0,neutral,,
2020-09-23,Wednesday,False,,,0,0,0,neutral,,
2020-09-24,Thursday,False,,,0,0,0,neutral,,
2020-09-25,Friday,False,,,0,0,0,neutral,,
2020-09-26,Saturday,False,,,0,0,0,neutral,,
2020-09-27,Sunday,False,,,0,0,0,neutral,,
2020-09-28,Monday,False,,,0,0,0,neutral,,
2020-09-29,Tuesday,False,,,0,0,0,neutral,,
2020-09-30,Wednesday,False,,,0,0,0,neutral,,
2020-10-01,Thursday,False,,,0,0,0,neutral,,
2020-10-02,Friday,True,Gandhi Jayanti,general,0,0,0,neutral,,
2020-10-03,Saturday,False,,,0,0,0,neutral,,
2020-10-04,Sunday,False,,,0,0,0,neutral,,
2020-10-05,Monday,False,,,0,0,0,neutral,,
2020-10-06,Tuesday,False,,,0,0,0,neutral,,
2020-10-07,Wednesday,False,,,0,0,0,neutral,,
2020-10-08,Thursday,False,,,0,0,0,neutral,,
2020-10-09,Friday,False,,,0,0,0,neutral,,
2020-10-10,Saturday,False,,,0,0,0,neutral,,
2020-10-11,Sunday,False,,,0,0,0,neutral,,
2020-10-12,Monday,False,,,0,0,0,neutral,,
2020-10-13,Tuesday,False,,,0,0,0,neutral,,
2020-10-14,Wednesday,False,,,0,0,0,neutral,,
2020-10-15,Thursday,False,,,0,0,0,neutral,,
2020-10-16,Friday,False,,,0,0,0,neutral,,
2020-10-17,Saturday,False,,,0,0,0,neutral,,
2020-10-18,Sunday,False,,,0,0,0,neutral,,
2020-10-19,Monday,False,,,0,0,0,neutral,,
2020-10-20,Tuesday,False,,,0,0,0,neutral,,
2020-10-21,Wednesday,False,,,0,0,0,neutral,,
2020-10-22,Thursday,False,,,0,0,0,neutral,,
2020-10-23,Friday,False,,,0,0,0,neutral,,
2020-10-24,Saturday,False,,,0,0,0,neutral,,
2020-10-25,Sunday,True,Dussehra,hindu,0,0,0,neutral,,
2020-10-26,Monday,False,,,0,0,0,neutral,,
2020-10-27,Tuesday,False,,,0,0,0,neutral,,
2020-10-28,Wednesday,False,,,0,0,0,neutral,,
2020-10-29,Thursday,False,,,0,0,0,neutral,,
2020-10-30,Friday,True,Milad-un-Nabi,muslim,0,0,0,neutral,,
2020-10-31,Saturday,False,,,0,0,0,neutral,,
2020-11-01,Sunday,False,,,0,0,0,neutral,,
2020-11-02,Monday,False,,,0,0,0,neutral,,
2020-11-03,Tuesday,False,,,0,0,0,neutral,,
2020-11-04,Wednesday,False,,,0,0,0,neutral,,
2020-11-05,Thursday,False,,,0,0,0,neutral,,
2020-11-06,Friday,False,,,0,0,0,neutral,,
2020-11-07,Saturday,False,,,0,0,0,neutral,,
2020-11-08,Sunday,False,,,0,0,0,neutral,,
2020-11-09,Monday,False,,,0,0,0,neutral,,
2020-11-10,Tuesday,False,,,0,0,0,neutral,,
2020-11-11,Wednesday,False,,,0,0,0,neutral,,
2020-11-12,Thursday,False,,,0,0,0,neutral,,
2020-11-13,Friday,False,,,0,0,0,neutral,,
2020-11-14,Saturday,True,Diwali,hindu,0,0,0,neutral,,
2020-11-15,Sunday,False,,,0,0,0,neutral,,
2020-11-16,Monday,False,,,0,0,0,neutral,,
2020-11-17,Tuesday,False,,,0,0,0,neutral,,
2020-11-18,Wednesday,False,,,0,0,0,neutral,,
2020-11-19,Thursday,False,,,0,0,0,neutral,,
2020-11-20,Friday,False,,,0,0,0,neutral,,
2020-11-21,Saturday,False,,,0,0,0,neutral,,
2020-11-22,Sunday,False,,,0,0,0,neutral,,
2020-11-23,Monday,False,,,0,0,0,neutral,,
2020-11-24,Tuesday,False,,,0,0,0,neutral,,
2020-11-25,Wednesday,False,,,0,0,0,neutral,,
2020-11-26,Thursday,False,,,0,0,0,neutral,,
2020-11-27,Friday,False,,,0,0,0,neutral,,
2020-11-28,Saturday,False,,,0,0,0,neutral,,
2020-11-29,Sunday,False,,,0,0,0,neutral,,
2020-11-30,Monday,True,Guru Nanak Jayanti,sikh,0,0,0,neutral,,
2020-12-01,Tuesday,False,,,0,0,0,neutral,,
2020-12-02,Wednesday,False,,,0,0,0,neutral,,
2020-12-03,Thursday,False,,,0,0,0,neutral,,
2020-12-04,Friday,False,,,0,0,0,neutral,,
2020-12-05,Saturday,False,,,0,0,0,neutral,,
2020-12-06,Sunday,False,,,0,0,0,neutral,,
2020-12-07,Monday,False,,,0,0,0,neutral,,
2020-12-08,Tuesday,False,,,0,0,0,neutral,,
2020-12-09,Wednesday,False,,,0,0,0,neutral,,
2020-12-10,Thursday,False,,,0,0,0,neutral,,
2020-12-11,Friday,False,,,0,0,0,neutral,,
2020-12-12,Saturday,False,,,0,0,0,neutral,,
2020-12-13,Sunday,False,,,0,0,0,neutral,,
2020-12-14,Monday,False,,,0,0,0,neutral,,
2020-12-15,Tuesday,False,,,0,0,0,neutral,,
2020-12-16,Wednesday,False,,,0,0,0,neutral,,
2020-12-17,Thursday,False,,,0,0,0,neutral,,
2020-12-18,Friday,False,,,0,0,0,neutral,,
2020-12-19,Saturday,False,,,0,0,0,neutral,,
2020-12-20,Sunday,False,,,0,0,0,neutral,,
2020-12-21,Monday,False,,,0,0,0,neutral,,
2020-12-22,Tuesday,False,,,0,0,0,neutral,,
2020-12-23,Wednesday,False,,,0,0,0,neutral,,
2020-12-24,Thursday,False,,,0,0,0,neutral,,
2020-12-25,Friday,True,Christmas,christian,0,0,0,neutral,,
2020-12-26,Saturday,False,,,0,0,0,neutral,,
2020-12-27,Sunday,False,,,0,0,0,neutral,,
2020-12-28,Monday,False,,,0,0,0,neutral,,
2020-12-29,Tuesday,False,,,0,0,0,neutral,,
2020-12-30,Wednesday,False,,,0,0,0,neutral,,
2020-12-31,Thursday,False,,,0,0,0,neutral,,
2021-01-01,Friday,False,,,0,0,0,neutral,,
2021-01-02,Saturday,False,,,0,0,0,neutral,,
2021-01-03,Sunday,False,,,0,0,0,neutral,,
2021-01-04,Monday,False,,,0,0,0,neutral,,
2021-01-05,Tuesday,False,,,0,0,0,neutral,,
2021-01-06,Wednesday,False,,,0,0,0,neutral,,
2021-01-07,Thursday,False,,,1,0,0,neutral,"Americans storm the United States Capitol Building to disrupt certification of the 2020 presidential election, resulting in four deaths and evacuation of the U.S. Congress.",https://en.wikipedia.org/wiki/January_6_United_States_Capitol_attack
2021-01-08,Friday,False,,,1,0,1,bad,"Twenty-three people are killed in what is described as a police ″massacre″ in La Vega, Caracas, Venezuela.",https://en.wikipedia.org/wiki/La_Vega_raid
2021-01-09,Saturday,False,,,1,0,1,bad,"A 6.2-magnitude earthquake strikes Indonesia's Sulawesi island killing at least 105 and injuring 3,369 people.",https://en.wikipedia.org/wiki/2021_West_Sulawesi_earthquake
2021-01-10,Sunday,False,,,0,0,0,neutral,,
2021-01-11,Monday,False,,,0,0,0,neutral,,
2021-01-12,Tuesday,False,,,0,0,0,neutral,,
2021-01-13,Wednesday,False,,,1,0,1,bad,Outgoing U.S. President Donald Trump is impeached for a second time on a charge of incitement of insurrection following the January 6 United States Capitol attack one week prior.,https://en.wikipedia.org/wiki/President_of_the_United_States
2021-01-14,Thursday,False,,,0,0,0,neutral,,
2021-01-15,Friday,False,,,1,0,1,bad,"Sriwijaya Air Flight 182 crashes north of Jakarta, Indonesia, killing all 62 people on board.",https://en.wikipedia.org/wiki/Sriwijaya_Air_Flight_182
2021-01-16,Saturday,False,,,0,0,0,neutral,,
2021-01-17,Sunday,False,,,0,0,0,neutral,,
2021-01-18,Monday,False,,,0,0,0,neutral,,
2021-01-19,Tuesday,False,,,0,0,0,neutral,,
2021-01-20,Wednesday,False,,,1,1,0,good,"Joe Biden is inaugurated as the 46th President of the United States of America. At the time of his inauguration, he became the oldest person ever inaugurated. Kamala Harris became the first female Vice President of the United States.",https://en.wikipedia.org/wiki/Joe_Biden
2021-01-21,Thursday,False,,,0,0,0,neutral,,
2021-01-22,Friday,False,,,0,0,0,neutral,,
2021-01-23,Saturday,False,,,0,0,0,neutral,,
2021-01-24,Sunday,False,,,0,0,0,neutral,,
2021-01-25,Monday,False,,,0,0,0,neutral,,
2021-01-26,Tuesday,True,Republic Day,general,1,0,1,bad,"Protesters and farmers storm the Red Fort near Delhi, clashing with police. One protester is killed and more than 80 police officers are injured.",https://en.wikipedia.org/wiki/2021_Indian_farmers'_Republic_Day_protest
2021-01-27,Wednesday,False,,,0,0,0,neutral,,
2021-01-28,Thursday,False,,,1,0,0,neutral,"A nitrogen leak at a poultry food processing facility in Gainesville, Georgia kills six and injures at least ten.",https://en.wikipedia.org/wiki/2021_Georgia_poultry_plant_accident
2021-01-29,Friday,False,,,0,0,0,neutral,,
2021-01-30,Saturday,False,,,0,0,0,neutral,,
2021-01-31,Sunday,False,,,0,0,0,neutral,,
2021-02-01,Monday,False,,,1,0,0,neutral,A coup d'état in Myanmar removes Aung San Suu Kyi from power and restores military rule.,https://en.wikipedia.org/wiki/2021_Myanmar_coup_d'%C3%A9tat
2021-02-02,Tuesday,False,,,1,0,0,neutral,"The Burmese military establishes the State Administration Council, the military junta, after deposing the democratically elected government in the 2021 Myanmar coup d'état.",https://en.wikipedia.org/wiki/Tatmadaw
2021-02-03,Wednesday,False,,,0,0,0,neutral,,
2021-02-04,Thursday,False,,,0,0,0,neutral,,
2021-02-05,Friday,False,,,1,0,1,bad,Police riot in Mexico City as they try to break up a demonstration by cyclists who were protesting after a bus ran over a bicyclist. Eleven police officers are arrested.,https://en.wikipedia.org/wiki/Mexico_City
2021-02-06,Saturday,False,,,1,1,0,good,"U.S. Secretary of State Antony Blinken suspends agreements with Guatemala, El Salvador and Honduras to send asylum seekers back to their home countries.",https://en.wikipedia.org/wiki/Antony_Blinken
2021-02-07,Sunday,False,,,1,0,1,bad,The 2021 Uttarakhand flood begins.,https://en.wikipedia.org/wiki/2021_Uttarakhand_flood
2021-02-08,Monday,False,,,0,0,0,neutral,,
2021-02-09,Tuesday,False,,,1,0,0,neutral,Second impeachment trial of Donald Trump begins.,https://en.wikipedia.org/wiki/Second_impeachment_trial_of_Donald_Trump
2021-02-10,Wednesday,False,,,2,0,1,bad,"The traditional Carnival in Rio de Janeiro, Brazil is canceled for the first time because of the COVID-19 pandemic. || Texas' worst energy infrastructure failure, the 2021 Texas power crisis, starts.",https://en.wikipedia.org/wiki/Rio_Carnival || https://en.wikipedia.org/wiki/2021_Texas_power_crisis
2021-02-11,Thursday,False,,,0,0,0,neutral,,
2021-02-12,Friday,False,,,0,0,0,neutral,,
2021-02-13,Saturday,False,,,2,0,0,neutral,Former U.S. President Donald Trump is acquitted in his second impeachment trial. || A major winter storm causes blackouts and kills at least 82 people in Texas and northern Mexico.,https://en.wikipedia.org/wiki/Donald_Trump || https://en.wikipedia.org/wiki/February_13%E2%80%9317%2C_2021_North_American_winter_storm
2021-02-14,Sunday,False,,,0,0,0,neutral,,
2021-02-15,Monday,False,,,1,0,1,bad,"Five thousand people gathered in the town of Kherrata, Bejaia Province to mark the second anniversary of the Hirak protest movement. Demonstrations had been suspended because of the COVID-19 pandemic in Algeria.",https://en.wikipedia.org/wiki/Kherrata
2021-02-16,Tuesday,False,,,1,0,0,neutral,"Sixty people drown and hundreds are missing after a boat sinks on the Congo River near the village of Longola Ekoti, Mai-Ndombe Province, Democratic Republic of the Congo.",https://en.wikipedia.org/wiki/2021_Congo_River_disaster
2021-02-17,Wednesday,False,,,0,0,0,neutral,,
2021-02-18,Thursday,False,,,1,1,0,good,"Perseverance, a Mars rover designed to explore Jezero crater on Mars, as part of NASA's Mars 2020 mission, lands successfully.",https://en.wikipedia.org/wiki/Perseverance_(rover)
2021-02-19,Friday,False,,,1,1,0,good,"Mya Thwe Thwe Khine, a 19-year-old protester, becomes the first known casualty of anti-coup protests that formed in response to the 2021 Myanmar coup d'état.",https://en.wikipedia.org/wiki/Death_of_Mya_Thwe_Thwe_Khine
2021-02-20,Saturday,False,,,0,0,0,neutral,,
2021-02-21,Sunday,False,,,0,0,0,neutral,,
2021-02-22,Monday,False,,,0,0,0,neutral,,
2021-02-23,Tuesday,False,,,1,0,1,bad,Four simultaneous prison riots leave at least 62 people dead in Ecuador.,https://en.wikipedia.org/wiki/February_2021_Ecuadorian_prison_riots
2021-02-24,Wednesday,False,,,0,0,0,neutral,,
2021-02-25,Thursday,False,,,0,0,0,neutral,,
2021-02-26,Friday,False,,,1,0,1,bad,"A total of 279 female students aged between 10 and 17 are kidnapped by bandits in the Zamfara kidnapping in Zamfara State, Nigeria.",https://en.wikipedia.org/wiki/2021_Zamfara_school_kidnapping
2021-02-27,Saturday,False,,,1,0,1,bad,"At least 108 die and 615 are injured in the 2021 Bata explosions in Bata, Equatorial Guinea.",https://en.wikipedia.org/wiki/2021_Bata_explosions
2021-02-28,Sunday,False,,,0,0,0,neutral,,
2021-03-01,Monday,False,,,0,0,0,neutral,,
2021-03-02,Tuesday,False,,,0,0,0,neutral,,
2021-03-03,Wednesday,False,,,0,0,0,neutral,,
2021-03-04,Thursday,False,,,0,0,0,neutral,,
2021-03-05,Friday,False,,,0,0,0,neutral,,
2021-03-06,Saturday,False,,,0,0,0,neutral,,
2021-03-07,Sunday,False,,,2,0,0,neutral,"International Women's Day marches in Mexico become violent with 62 police officers and 19 civilians injured in Mexico City alone. || Twenty-eight political institutions in Myanmar establish the National Unity Consultative Council, a historic alliance of ethnic armed organizations and democratically elected leaders in response to the 2021 Myanmar coup d'état",https://en.wikipedia.org/wiki/International_Women's_Day || https://en.wikipedia.org/wiki/National_Unity_Consultative_Council
2021-03-08,Monday,False,,,0,0,0,neutral,,
2021-03-09,Tuesday,False,,,2,0,2,bad,"Pope Francis begins a historical visit to Iraq amidst the COVID-19 pandemic. || Twenty people are killed and 30 injured in a suicide car bombing in Mogadishu, Somalia.",https://en.wikipedia.org/wiki/Pope_Francis || https://en.wikipedia.org/wiki/March_2021_Mogadishu_bombing
2021-03-10,Wednesday,False,,,0,0,0,neutral,,
2021-03-11,Thursday,True,Maha Shivaratri,general,1,1,0,good,US President Joe Biden signs the $1.9 trillion American Rescue Plan into law.,https://en.wikipedia.org/wiki/President_of_the_United_States
2021-03-12,Friday,False,,,0,0,0,neutral,,
2021-03-13,Saturday,False,,,0,0,0,neutral,,
2021-03-14,Sunday,False,,,1,0,1,bad,Burmese security forces kill at least 65 civilians in the Hlaingthaya massacre.,https://en.wikipedia.org/wiki/Hlaingthaya_massacre
2021-03-15,Monday,False,,,0,0,0,neutral,,
2021-03-16,Tuesday,False,,,1,0,1,bad,"Atlanta spa shootings: Eight people are killed and one is injured in a trio of shootings at spas in and near Atlanta, Georgia, U.S. A suspect is arrested the same day.",https://en.wikipedia.org/wiki/2021_Atlanta_spa_shootings
2021-03-17,Wednesday,False,,,0,0,0,neutral,,
2021-03-18,Thursday,False,,,0,0,0,neutral,,
2021-03-19,Friday,False,,,0,0,0,neutral,,
2021-03-20,Saturday,False,,,0,0,0,neutral,,
2021-03-21,Sunday,False,,,0,0,0,neutral,,
2021-03-22,Monday,False,,,1,0,1,bad,"Ten people are killed in a mass shooting in Boulder, Colorado.",https://en.wikipedia.org/wiki/2021_Boulder_shooting
2021-03-23,Tuesday,False,,,1,0,0,neutral,A container ship runs aground and obstructs the Suez Canal for six days.,https://en.wikipedia.org/wiki/2021_Suez_Canal_obstruction
2021-03-24,Wednesday,False,,,0,0,0,neutral,,
2021-03-25,Thursday,False,,,0,0,0,neutral,,
2021-03-26,Friday,False,,,0,0,0,neutral,,
2021-03-27,Saturday,False,,,0,0,0,neutral,,
2021-03-28,Sunday,False,,,0,0,0,neutral,,
2021-03-29,Monday,False,,,1,0,0,neutral,The ship Ever Given was dislodged from the Suez Canal.,https://en.wikipedia.org/wiki/Ever_Given
2021-03-30,Tuesday,False,,,0,0,0,neutral,,
2021-03-31,Wednesday,False,,,0,0,0,neutral,,
2021-04-01,Thursday,False,,,0,0,0,neutral,,
2021-04-02,Friday,True,Good Friday,christian,0,0,0,neutral,,
2021-04-03,Saturday,False,,,0,0,0,neutral,,
2021-04-04,Sunday,False,,,2,0,2,bad,At least 49 people are killed in a train derailment in Taiwan after a truck accidentally rolls onto the track. || A Capitol Police officer is killed and another injured when an attacker rams his car into a barricade outside the United States Capitol.,https://en.wikipedia.org/wiki/2021_Hualien_train_derailment || https://en.wikipedia.org/wiki/United_States_Capitol_Police
2021-04-05,Monday,False,,,0,0,0,neutral,,
2021-04-06,Tuesday,False,,,0,0,0,neutral,,
2021-04-07,Wednesday,False,,,1,0,1,bad,COVID-19 pandemic: The Centers for Disease Control and Prevention announces that the SARS-CoV-2 Alpha variant has become the dominant strain of COVID-19 in the United States.,https://en.wikipedia.org/wiki/Centers_for_Disease_Control_and_Prevention
2021-04-08,Thursday,False,,,0,0,0,neutral,,
2021-04-09,Friday,False,,,1,0,1,bad,"Burmese military and security forces commit the Bago massacre, during which at least 82 civilians are killed.",https://en.wikipedia.org/wiki/Tatmadaw
2021-04-10,Saturday,False,,,0,0,0,neutral,,
2021-04-11,Sunday,False,,,1,0,1,bad,"Twenty year old Daunte Wright is shot and killed in Brooklyn Center, Minnesota by officer Kimberly Potter, sparking protests in the city, when the officer mistakes her pistol for her taser.",https://en.wikipedia.org/wiki/Killing_of_Daunte_Wright
2021-04-12,Monday,False,,,0,0,0,neutral,,
2021-04-13,Tuesday,False,,,0,0,0,neutral,,
2021-04-14,Wednesday,False,,,0,0,0,neutral,,
2021-04-15,Thursday,False,,,1,0,1,bad,"A mass shooting occurred at a Fedex Ground facility in Indianapolis, Indiana, killing nine and injuring seven.",https://en.wikipedia.org/wiki/Indianapolis_FedEx_shooting
2021-04-16,Friday,False,,,0,0,0,neutral,,
2021-04-17,Saturday,False,,,0,0,0,neutral,,
2021-04-18,Sunday,False,,,0,0,0,neutral,,
2021-04-19,Monday,False,,,1,1,0,good,The Ingenuity helicopter becomes the first aircraft to achieve flight on another planet.,https://en.wikipedia.org/wiki/Ingenuity_(helicopter)
2021-04-20,Tuesday,False,,,0,0,0,neutral,,
2021-04-21,Wednesday,False,,,1,0,0,neutral,"Indonesian Navy submarine KRI Nanggala (402) sinks in the Bali Sea during a military drill, killing all 53 on board.",https://en.wikipedia.org/wiki/Indonesian_Navy
2021-04-22,Thursday,False,,,0,0,0,neutral,,
2021-04-23,Friday,False,,,1,0,0,neutral,"The funeral of Prince Philip, Duke of Edinburgh, takes place at St George's Chapel, Windsor Castle.",https://en.wikipedia.org/wiki/Death_and_funeral_of_Prince_Philip%2C_Duke_of_Edinburgh
2021-04-24,Saturday,False,,,0,0,0,neutral,,
2021-04-25,Sunday,True,Mahavir Jayanti,general,0,0,0,neutral,,
2021-04-26,Monday,False,,,0,0,0,neutral,,
2021-04-27,Tuesday,False,,,0,0,0,neutral,,
2021-04-28,Wednesday,False,,,1,0,1,bad,State of Minnesota v. Derek Michael Chauvin: Derek Chauvin is found guilty of all charges in the murder of George Floyd by the Fourth Judicial District Court of Minnesota.,https://en.wikipedia.org/wiki/Trial_of_Derek_Chauvin
2021-04-29,Thursday,False,,,0,0,0,neutral,,
2021-04-30,Friday,False,,,1,0,1,bad,Forty-five men and boys are killed in the Meron stampede in Israel.,https://en.wikipedia.org/wiki/2021_Meron_crowd_crush
2021-05-01,Saturday,False,,,0,0,0,neutral,,
2021-05-02,Sunday,False,,,0,0,0,neutral,,
2021-05-03,Monday,False,,,1,0,1,bad,Twenty-six people are killed and ninety-eight are injured after an elevated section of the Mexico City Metro collapses.,https://en.wikipedia.org/wiki/Mexico_City_Metro
2021-05-04,Tuesday,False,,,0,0,0,neutral,,
2021-05-05,Wednesday,False,,,0,0,0,neutral,,
2021-05-06,Thursday,False,,,0,0,0,neutral,,
2021-05-07,Friday,False,,,0,0,0,neutral,,
2021-05-08,Saturday,False,,,1,0,1,bad,"A car bomb explodes in front of a school in Kabul, capital city of Afghanistan killing at least 55 people and wounding over 150.",https://en.wikipedia.org/wiki/Kabul
2021-05-09,Sunday,False,,,0,0,0,neutral,,
2021-05-10,Monday,False,,,0,0,0,neutral,,
2021-05-11,Tuesday,False,,,0,0,0,neutral,,
2021-05-12,Wednesday,False,,,0,0,0,neutral,,
2021-05-13,Thursday,False,,,0,0,0,neutral,,
2021-05-14,Friday,True,Id-ul-Fitr,general,0,0,0,neutral,,
2021-05-15,Saturday,False,,,0,0,0,neutral,,
2021-05-16,Sunday,False,,,0,0,0,neutral,,
2021-05-17,Monday,False,,,0,0,0,neutral,,
2021-05-18,Tuesday,False,,,0,0,0,neutral,,
2021-05-19,Wednesday,False,,,0,0,0,neutral,,
2021-05-20,Thursday,False,,,0,0,0,neutral,,
2021-05-21,Friday,False,,,0,0,0,neutral,,
2021-05-22,Saturday,False,,,0,0,0,neutral,,
2021-05-23,Sunday,False,,,0,0,0,neutral,,
2021-05-24,Monday,False,,,0,0,0,neutral,,
2021-05-25,Tuesday,False,,,0,0,0,neutral,,
2021-05-26,Wednesday,True,Buddha Purnima,general,0,0,0,neutral,,
2021-05-27,Thursday,False,,,0,0,0,neutral,,
2021-05-28,Friday,False,,,0,0,0,neutral,,
2021-05-29,Saturday,False,,,0,0,0,neutral,,
2021-05-30,Sunday,False,,,0,0,0,neutral,,
2021-05-31,Monday,False,,,0,0,0,neutral,,
2021-06-01,Tuesday,False,,,0,0,0,neutral,,
2021-06-02,Wednesday,False,,,0,0,0,neutral,,
2021-06-03,Thursday,False,,,0,0,0,neutral,,
2021-06-04,Friday,False,,,0,0,0,neutral,,
2021-06-05,Saturday,False,,,0,0,0,neutral,,
2021-06-06,Sunday,False,,,0,0,0,neutral,,
2021-06-07,Monday,False,,,0,0,0,neutral,,
2021-06-08,Tuesday,False,,,0,0,0,neutral,,
2021-06-09,Wednesday,False,,,0,0,0,neutral,,
2021-06-10,Thursday,False,,,0,0,0,neutral,,
2021-06-11,Friday,False,,,0,0,0,neutral,,
2021-06-12,Saturday,False,,,0,0,0,neutral,,
2021-06-13,Sunday,False,,,0,0,0,neutral,,
2021-06-14,Monday,False,,,0,0,0,neutral,,
2021-06-15,Tuesday,False,,,0,0,0,neutral,,
2021-06-16,Wednesday,False,,,0,0,0,neutral,,
2021-06-17,Thursday,False,,,0,0,0,neutral,,
2021-06-18,Friday,False,,,0,0,0,neutral,,
2021-06-19,Saturday,False,,,0,0,0,neutral,,
2021-06-20,Sunday,False,,,0,0,0,neutral,,
2021-06-21,Monday,False,,,0,0,0,neutral,,
2021-06-22,Tuesday,False,,,0,0,0,neutral,,
2021-06-23,Wednesday,False,,,0,0,0,neutral,,
2021-06-24,Thursday,False,,,0,0,0,neutral,,
2021-06-25,Friday,False,,,0,0,0,neutral,,
2021-06-26,Saturday,False,,,0,0,0,neutral,,
2021-06-27,Sunday,False,,,0,0,0,neutral,,
2021-06-28,Monday,False,,,0,0,0,neutral,,
2021-06-29,Tuesday,False,,,0,0,0,neutral,,
2021-06-30,Wednesday,False,,,0,0,0,neutral,,
2021-07-01,Thursday,False,,,0,0,0,neutral,,
2021-07-02,Friday,False,,,0,0,0,neutral,,
2021-07-03,Saturday,False,,,0,0,0,neutral,,
2021-07-04,Sunday,False,,,0,0,0,neutral,,
2021-07-05,Monday,False,,,0,0,0,neutral,,
2021-07-06,Tuesday,False,,,0,0,0,neutral,,
2021-07-07,Wednesday,False,,,0,0,0,neutral,,
2021-07-08,Thursday,False,,,0,0,0,neutral,,
2021-07-09,Friday,False,,,0,0,0,neutral,,
2021-07-10,Saturday,False,,,0,0,0,neutral,,
2021-07-11,Sunday,False,,,0,0,0,neutral,,
2021-07-12,Monday,False,,,0,0,0,neutral,,
2021-07-13,Tuesday,False,,,0,0,0,neutral,,
2021-07-14,Wednesday,False,,,0,0,0,neutral,,
2021-07-15,Thursday,False,,,0,0,0,neutral,,
2021-07-16,Friday,False,,,0,0,0,neutral,,
2021-07-17,Saturday,False,,,0,0,0,neutral,,
2021-07-18,Sunday,False,,,0,0,0,neutral,,
2021-07-19,Monday,False,,,0,0,0,neutral,,
2021-07-20,Tuesday,False,,,0,0,0,neutral,,
2021-07-21,Wednesday,True,Bakrid,muslim,0,0,0,neutral,,
2021-07-22,Thursday,False,,,0,0,0,neutral,,
2021-07-23,Friday,False,,,0,0,0,neutral,,
2021-07-24,Saturday,False,,,0,0,0,neutral,,
2021-07-25,Sunday,False,,,0,0,0,neutral,,
2021-07-26,Monday,False,,,0,0,0,neutral,,
2021-07-27,Tuesday,False,,,0,0,0,neutral,,
2021-07-28,Wednesday,False,,,0,0,0,neutral,,
2021-07-29,Thursday,False,,,0,0,0,neutral,,
2021-07-30,Friday,False,,,0,0,0,neutral,,
2021-07-31,Saturday,False,,,0,0,0,neutral,,
2021-08-01,Sunday,False,,,0,0,0,neutral,,
2021-08-02,Monday,False,,,0,0,0,neutral,,
2021-08-03,Tuesday,False,,,0,0,0,neutral,,
2021-08-04,Wednesday,False,,,0,0,0,neutral,,
2021-08-05,Thursday,False,,,0,0,0,neutral,,
2021-08-06,Friday,False,,,0,0,0,neutral,,
2021-08-07,Saturday,False,,,0,0,0,neutral,,
2021-08-08,Sunday,False,,,0,0,0,neutral,,
2021-08-09,Monday,False,,,0,0,0,neutral,,
2021-08-10,Tuesday,False,,,0,0,0,neutral,,
2021-08-11,Wednesday,False,,,0,0,0,neutral,,
2021-08-12,Thursday,False,,,0,0,0,neutral,,
2021-08-13,Friday,False,,,0,0,0,neutral,,
2021-08-14,Saturday,False,,,0,0,0,neutral,,
2021-08-15,Sunday,True,Independence Day,general,0,0,0,neutral,,
2021-08-16,Monday,False,,,0,0,0,neutral,,
2021-08-17,Tuesday,False,,,0,0,0,neutral,,
2021-08-18,Wednesday,False,,,0,0,0,neutral,,
2021-08-19,Thursday,False,,,0,0,0,neutral,,
2021-08-20,Friday,True,Muharram,muslim,0,0,0,neutral,,
2021-08-21,Saturday,False,,,0,0,0,neutral,,
2021-08-22,Sunday,False,,,0,0,0,neutral,,
2021-08-23,Monday,False,,,0,0,0,neutral,,
2021-08-24,Tuesday,False,,,0,0,0,neutral,,
2021-08-25,Wednesday,False,,,0,0,0,neutral,,
2021-08-26,Thursday,False,,,0,0,0,neutral,,
2021-08-27,Friday,False,,,0,0,0,neutral,,
2021-08-28,Saturday,False,,,0,0,0,neutral,,
2021-08-29,Sunday,False,,,0,0,0,neutral,,
2021-08-30,Monday,True,Janmashtami,hindu,0,0,0,neutral,,
2021-08-31,Tuesday,False,,,0,0,0,neutral,,
2021-09-01,Wednesday,False,,,0,0,0,neutral,,
2021-09-02,Thursday,False,,,0,0,0,neutral,,
2021-09-03,Friday,False,,,0,0,0,neutral,,
2021-09-04,Saturday,False,,,0,0,0,neutral,,
2021-09-05,Sunday,False,,,0,0,0,neutral,,
2021-09-06,Monday,False,,,0,0,0,neutral,,
2021-09-07,Tuesday,False,,,0,0,0,neutral,,
2021-09-08,Wednesday,False,,,0,0,0,neutral,,
2021-09-09,Thursday,False,,,0,0,0,neutral,,
2021-09-10,Friday,False,,,0,0,0,neutral,,
2021-09-11,Saturday,False,,,0,0,0,neutral,,
2021-09-12,Sunday,False,,,0,0,0,neutral,,
2021-09-13,Monday,False,,,0,0,0,neutral,,
2021-09-14,Tuesday,False,,,0,0,0,neutral,,
2021-09-15,Wednesday,False,,,0,0,0,neutral,,
2021-09-16,Thursday,False,,,0,0,0,neutral,,
2021-09-17,Friday,False,,,0,0,0,neutral,,
2021-09-18,Saturday,False,,,0,0,0,neutral,,
2021-09-19,Sunday,False,,,0,0,0,neutral,,
2021-09-20,Monday,False,,,0,0,0,neutral,,
2021-09-21,Tuesday,False,,,0,0,0,neutral,,
2021-09-22,Wednesday,False,,,0,0,0,neutral,,
2021-09-23,Thursday,False,,,0,0,0,neutral,,
2021-09-24,Friday,False,,,0,0,0,neutral,,
2021-09-25,Saturday,False,,,0,0,0,neutral,,
2021-09-26,Sunday,False,,,0,0,0,neutral,,
2021-09-27,Monday,False,,,0,0,0,neutral,,
2021-09-28,Tuesday,False,,,0,0,0,neutral,,
2021-09-29,Wednesday,False,,,0,0,0,neutral,,
2021-09-30,Thursday,False,,,0,0,0,neutral,,
2021-10-01,Friday,False,,,0,0,0,neutral,,
2021-10-02,Saturday,True,Gandhi Jayanti,general,0,0,0,neutral,,
2021-10-03,Sunday,False,,,0,0,0,neutral,,
2021-10-04,Monday,False,,,0,0,0,neutral,,
2021-10-05,Tuesday,False,,,0,0,0,neutral,,
2021-10-06,Wednesday,False,,,0,0,0,neutral,,
2021-10-07,Thursday,False,,,0,0,0,neutral,,
2021-10-08,Friday,False,,,0,0,0,neutral,,
2021-10-09,Saturday,False,,,0,0,0,neutral,,
2021-10-10,Sunday,False,,,0,0,0,neutral,,
2021-10-11,Monday,False,,,0,0,0,neutral,,
2021-10-12,Tuesday,False,,,0,0,0,neutral,,
2021-10-13,Wednesday,False,,,0,0,0,neutral,,
2021-10-14,Thursday,False,,,0,0,0,neutral,,
2021-10-15,Friday,True,Dussehra,hindu,0,0,0,neutral,,
2021-10-16,Saturday,False,,,0,0,0,neutral,,
2021-10-17,Sunday,False,,,0,0,0,neutral,,
2021-10-18,Monday,False,,,0,0,0,neutral,,
2021-10-19,Tuesday,True,Milad-un-Nabi,muslim,0,0,0,neutral,,
2021-10-20,Wednesday,False,,,0,0,0,neutral,,
2021-10-21,Thursday,False,,,0,0,0,neutral,,
2021-10-22,Friday,False,,,0,0,0,neutral,,
2021-10-23,Saturday,False,,,0,0,0,neutral,,
2021-10-24,Sunday,False,,,0,0,0,neutral,,
2021-10-25,Monday,False,,,0,0,0,neutral,,
2021-10-26,Tuesday,False,,,0,0,0,neutral,,
2021-10-27,Wednesday,False,,,0,0,0,neutral,,
2021-10-28,Thursday,False,,,0,0,0,neutral,,
2021-10-29,Friday,False,,,0,0,0,neutral,,
2021-10-30,Saturday,False,,,0,0,0,neutral,,
2021-10-31,Sunday,False,,,0,0,0,neutral,,
2021-11-01,Monday,False,,,0,0,0,neutral,,
2021-11-02,Tuesday,False,,,0,0,0,neutral,,
2021-11-03,Wednesday,False,,,0,0,0,neutral,,
2021-11-04,Thursday,True,Diwali,hindu,0,0,0,neutral,,
2021-11-05,Friday,False,,,0,0,0,neutral,,
2021-11-06,Saturday,False,,,0,0,0,neutral,,
2021-11-07,Sunday,False,,,0,0,0,neutral,,
2021-11-08,Monday,False,,,0,0,0,neutral,,
2021-11-09,Tuesday,False,,,0,0,0,neutral,,
2021-11-10,Wednesday,False,,,0,0,0,neutral,,
2021-11-11,Thursday,False,,,0,0,0,neutral,,
2021-11-12,Friday,False,,,0,0,0,neutral,,
2021-11-13,Saturday,False,,,0,0,0,neutral,,
2021-11-14,Sunday,False,,,0,0,0,neutral,,
2021-11-15,Monday,False,,,0,0,0,neutral,,
2021-11-16,Tuesday,False,,,0,0,0,neutral,,
2021-11-17,Wednesday,False,,,0,0,0,neutral,,
2021-11-18,Thursday,False,,,0,0,0,neutral,,
2021-11-19,Friday,True,Guru Nanak Jayanti,sikh,0,0,0,neutral,,
2021-11-20,Saturday,False,,,0,0,0,neutral,,
2021-11-21,Sunday,False,,,0,0,0,neutral,,
2021-11-22,Monday,False,,,0,0,0,neutral,,
2021-11-23,Tuesday,False,,,0,0,0,neutral,,
2021-11-24,Wednesday,False,,,0,0,0,neutral,,
2021-11-25,Thursday,False,,,0,0,0,neutral,,
2021-11-26,Friday,False,,,0,0,0,neutral,,
2021-11-27,Saturday,False,,,0,0,0,neutral,,
2021-11-28,Sunday,False,,,0,0,0,neutral,,
2021-11-29,Monday,False,,,0,0,0,neutral,,
2021-11-30,Tuesday,False,,,0,0,0,neutral,,
2021-12-01,Wednesday,False,,,0,0,0,neutral,,
2021-12-02,Thursday,False,,,0,0,0,neutral,,
2021-12-03,Friday,False,,,0,0,0,neutral,,
2021-12-04,Saturday,False,,,0,0,0,neutral,,
2021-12-05,Sunday,False,,,0,0,0,neutral,,
2021-12-06,Monday,False,,,0,0,0,neutral,,
2021-12-07,Tuesday,False,,,0,0,0,neutral,,
2021-12-08,Wednesday,False,,,0,0,0,neutral,,
2021-12-09,Thursday,False,,,0,0,0,neutral,,
2021-12-10,Friday,False,,,0,0,0,neutral,,
2021-12-11,Saturday,False,,,0,0,0,neutral,,
2021-12-12,Sunday,False,,,0,0,0,neutral,,
2021-12-13,Monday,False,,,0,0,0,neutral,,
2021-12-14,Tuesday,False,,,0,0,0,neutral,,
2021-12-15,Wednesday,False,,,0,0,0,neutral,,
2021-12-16,Thursday,False,,,0,0,0,neutral,,
2021-12-17,Friday,False,,,0,0,0,neutral,,
2021-12-18,Saturday,False,,,0,0,0,neutral,,
2021-12-19,Sunday,False,,,0,0,0,neutral,,
2021-12-20,Monday,False,,,0,0,0,neutral,,
2021-12-21,Tuesday,False,,,0,0,0,neutral,,
2021-12-22,Wednesday,False,,,0,0,0,neutral,,
2021-12-23,Thursday,False,,,0,0,0,neutral,,
2021-12-24,Friday,False,,,0,0,0,neutral,,
2021-12-25,Saturday,True,Christmas,christian,0,0,0,neutral,,
2021-12-26,Sunday,False,,,0,0,0,neutral,,
2021-12-27,Monday,False,,,0,0,0,neutral,,
2021-12-28,Tuesday,False,,,0,0,0,neutral,,
2021-12-29,Wednesday,False,,,0,0,0,neutral,,
2021-12-30,Thursday,False,,,0,0,0,neutral,,
2021-12-31,Friday,False,,,0,0,0,neutral,,
2022-01-01,Saturday,False,,,0,0,0,neutral,,
2022-01-02,Sunday,False,,,0,0,0,neutral,,
2022-01-03,Monday,False,,,0,0,0,neutral,,
2022-01-04,Tuesday,False,,,1,0,1,bad,"Massive nationwide protests and unrest break out in Kazakhstan over the sudden increase of liquefied petroleum gas prices, leading to 238 people dead and thousands injured by January 11.",https://en.wikipedia.org/wiki/2022_Kazakh_unrest
2022-01-05,Wednesday,False,,,0,0,0,neutral,,
2022-01-06,Thursday,False,,,1,0,0,neutral,Kazakh President Kassym-Jomart Tokayev dismisses Prime Minister Asqar Mamin and declares state of emergency over the 2022 Kazakh unrest.,https://en.wikipedia.org/wiki/Kassym-Jomart_Tokayev
2022-01-07,Friday,False,,,0,0,0,neutral,,
2022-01-08,Saturday,False,,,0,0,0,neutral,,
2022-01-09,Sunday,False,,,1,0,1,bad,"The Hunga Tonga-Hunga Haʻapai volcano erupts, cutting off communications with Tonga and causing a tsunami across the Pacific.",https://en.wikipedia.org/wiki/2022_Hunga_Tonga%E2%80%93Hunga_Ha%CA%BBapai_eruption_and_tsunami
2022-01-10,Monday,False,,,0,0,0,neutral,,
2022-01-11,Tuesday,False,,,0,0,0,neutral,,
2022-01-12,Wednesday,False,,,0,0,0,neutral,,
2022-01-13,Thursday,False,,,0,0,0,neutral,,
2022-01-14,Friday,False,,,0,0,0,neutral,,
2022-01-15,Saturday,False,,,0,0,0,neutral,,
2022-01-16,Sunday,False,,,0,0,0,neutral,,
2022-01-17,Monday,False,,,0,0,0,neutral,,
2022-01-18,Tuesday,False,,,0,0,0,neutral,,
2022-01-19,Wednesday,False,,,0,0,0,neutral,,
2022-01-20,Thursday,False,,,0,0,0,neutral,,
2022-01-21,Friday,False,,,0,0,0,neutral,,
2022-01-22,Saturday,False,,,0,0,0,neutral,,
2022-01-23,Sunday,False,,,1,0,0,neutral,Mutinying Burkinabè soldiers led by Paul-Henri Sandaogo Damiba depose and detain President Roch Marc Christian Kaboré amid widespread anti-government protests.,https://en.wikipedia.org/wiki/Paul-Henri_Sandaogo_Damiba
2022-01-24,Monday,False,,,0,0,0,neutral,,
2022-01-25,Tuesday,False,,,0,0,0,neutral,,
2022-01-26,Wednesday,True,Republic Day,general,0,0,0,neutral,,
2022-01-27,Thursday,False,,,0,0,0,neutral,,
2022-01-28,Friday,False,,,0,0,0,neutral,,
2022-01-29,Saturday,False,,,1,0,0,neutral,"Canadian truck drivers and pedestrians gathered to rally and protest on Parliament Hill against Canadian COVID-19 restrictions, which caused traffic and closures around the city.",https://en.wikipedia.org/wiki/Truck_driver
2022-01-30,Sunday,False,,,0,0,0,neutral,,
2022-01-31,Monday,False,,,1,0,0,neutral,"Sue Gray, a senior civil servant in the United Kingdom, publishes an initial version of her report on the Downing Street Partygate controversy.",https://en.wikipedia.org/wiki/Sue_Gray%2C_Baroness_Gray_of_Tottenham
2022-02-01,Tuesday,False,,,1,1,0,good,"Five-year-old Moroccan boy Rayan Aourram falls into a 32-meter (105 feet) deep well in Ighran village in Tamorot commune, Chefchaouen Province, Morocco, but dies four days later, before rescue workers reached him.",https://en.wikipedia.org/wiki/Death_of_Rayan_Aourram
2022-02-02,Wednesday,False,,,0,0,0,neutral,,
2022-02-03,Thursday,False,,,0,0,0,neutral,,
2022-02-04,Friday,False,,,0,0,0,neutral,,
2022-02-05,Saturday,False,,,0,0,0,neutral,,
2022-02-06,Sunday,False,,,0,0,0,neutral,,
2022-02-07,Monday,False,,,0,0,0,neutral,,
2022-02-08,Tuesday,False,,,0,0,0,neutral,,
2022-02-09,Wednesday,False,,,0,0,0,neutral,,
2022-02-10,Thursday,False,,,0,0,0,neutral,,
2022-02-11,Friday,False,,,0,0,0,neutral,,
2022-02-12,Saturday,False,,,0,0,0,neutral,,
2022-02-13,Sunday,False,,,0,0,0,neutral,,
2022-02-14,Monday,False,,,0,0,0,neutral,,
2022-02-15,Tuesday,False,,,0,0,0,neutral,,
2022-02-16,Wednesday,False,,,0,0,0,neutral,,
2022-02-17,Thursday,False,,,0,0,0,neutral,,
2022-02-18,Friday,False,,,0,0,0,neutral,,
2022-02-19,Saturday,False,,,0,0,0,neutral,,
2022-02-20,Sunday,False,,,0,0,0,neutral,,
2022-02-21,Monday,False,,,1,0,1,bad,"In the prelude to the 2022 Russian invasion of Ukraine Russian President Vladimir Putin declares the Luhansk People's Republic and Donetsk People's Republic as independent from Ukraine, and moves troops into the region. The action is condemned by the United Nations.",https://en.wikipedia.org/wiki/Prelude_to_the_Russian_invasion_of_Ukraine
2022-02-22,Tuesday,False,,,1,0,0,neutral,"Twosday, the name given to Tuesday, February 22, 2022, at 2:22:22, occurs.",https://en.wikipedia.org/wiki/Twosday
2022-02-23,Wednesday,False,,,0,0,0,neutral,,
2022-02-24,Thursday,False,,,1,0,1,bad,"Russo-Ukrainian War: Days after recognising Donetsk and Luhansk as independent states, Russian president Vladimir Putin orders a full-scale invasion of Ukraine.",https://en.wikipedia.org/wiki/Russo-Ukrainian_war
2022-02-25,Friday,False,,,0,0,0,neutral,,
2022-02-26,Saturday,False,,,0,0,0,neutral,,
2022-02-27,Sunday,False,,,0,0,0,neutral,,
2022-02-28,Monday,False,,,0,0,0,neutral,,
2022-03-01,Tuesday,True,Maha Shivaratri,general,0,0,0,neutral,,
2022-03-02,Wednesday,False,,,0,0,0,neutral,,
2022-03-03,Thursday,False,,,1,0,1,bad,"Russian forces capture the city of Kherson during the Russian invasion of Ukraine, which subsequently began the start of the Russian occupation and military-civilian administration in Kherson. Kherson is the only regional capital in Ukraine that Russia captured.",https://en.wikipedia.org/wiki/Battle_of_Kherson
2022-03-04,Friday,False,,,0,0,0,neutral,,
2022-03-05,Saturday,False,,,1,1,0,good,"2022 Hungarian presidential election: The National Assembly of Hungary elects former minister for Family Affairs, Katalin Novák, as president of Hungary in a 137–51 vote, becoming the first female president in the country's history.",https://en.wikipedia.org/wiki/2022_Hungarian_presidential_election
2022-03-06,Sunday,False,,,0,0,0,neutral,,
2022-03-07,Monday,False,,,0,0,0,neutral,,
2022-03-08,Tuesday,False,,,0,0,0,neutral,,
2022-03-09,Wednesday,False,,,0,0,0,neutral,,
2022-03-10,Thursday,False,,,0,0,0,neutral,,
2022-03-11,Friday,False,,,0,0,0,neutral,,
2022-03-12,Saturday,False,,,0,0,0,neutral,,
2022-03-13,Sunday,False,,,0,0,0,neutral,,
2022-03-14,Monday,False,,,0,0,0,neutral,,
2022-03-15,Tuesday,False,,,1,0,1,bad,The 2022 Sri Lankan protests begins amidst Sri Lanka's economic collapse.,https://en.wikipedia.org/wiki/Aragalaya
2022-03-16,Wednesday,False,,,2,0,1,bad,"A 7.4-magnitude earthquake occurs off the coast of Fukushima, Japan, killing 4 people and injuring 225. || Mariupol theatre airstrike during the siege of Mariupol.",https://en.wikipedia.org/wiki/2022_Fukushima_earthquake || https://en.wikipedia.org/wiki/Mariupol_theatre_airstrike
2022-03-17,Thursday,False,,,0,0,0,neutral,,
2022-03-18,Friday,False,,,0,0,0,neutral,,
2022-03-19,Saturday,False,,,0,0,0,neutral,,
2022-03-20,Sunday,False,,,0,0,0,neutral,,
2022-03-21,Monday,False,,,1,0,1,bad,"China Eastern Airlines Flight 5735 crashes in Guangxi, China, killing 132 people.",https://en.wikipedia.org/wiki/China_Eastern_Airlines_Flight_5735
2022-03-22,Tuesday,False,,,0,0,0,neutral,,
2022-03-23,Wednesday,False,,,0,0,0,neutral,,
2022-03-24,Thursday,False,,,0,0,0,neutral,,
2022-03-25,Friday,False,,,0,0,0,neutral,,
2022-03-26,Saturday,False,,,0,0,0,neutral,,
2022-03-27,Sunday,False,,,0,0,0,neutral,,
2022-03-28,Monday,False,,,0,0,0,neutral,,
2022-03-29,Tuesday,False,,,0,0,0,neutral,,
2022-03-30,Wednesday,False,,,0,0,0,neutral,,
2022-03-31,Thursday,False,,,0,0,0,neutral,,
2022-04-01,Friday,False,,,0,0,0,neutral,,
2022-04-02,Saturday,False,,,0,0,0,neutral,,
2022-04-03,Sunday,False,,,0,0,0,neutral,,
2022-04-04,Monday,False,,,0,0,0,neutral,,
2022-04-05,Tuesday,False,,,0,0,0,neutral,,
2022-04-06,Wednesday,False,,,0,0,0,neutral,,
2022-04-07,Thursday,False,,,1,1,0,good,"Ketanji Brown Jackson is confirmed for the Supreme Court of the United States, becoming the first black female justice.",https://en.wikipedia.org/wiki/Ketanji_Brown_Jackson
2022-04-08,Friday,False,,,0,0,0,neutral,,
2022-04-09,Saturday,False,,,0,0,0,neutral,,
2022-04-10,Sunday,False,,,0,0,0,neutral,,
2022-04-11,Monday,False,,,0,0,0,neutral,,
2022-04-12,Tuesday,False,,,0,0,0,neutral,,
2022-04-13,Wednesday,False,,,0,0,0,neutral,,
2022-04-14,Thursday,True,Mahavir Jayanti,general,1,0,1,bad,Russian invasion of Ukraine: The Russian warship Moskva sinks.,https://en.wikipedia.org/wiki/Russian_invasion_of_Ukraine
2022-04-15,Friday,True,Good Friday,christian,0,0,0,neutral,,
2022-04-16,Saturday,False,,,0,0,0,neutral,,
2022-04-17,Sunday,False,,,0,0,0,neutral,,
2022-04-18,Monday,False,,,0,0,0,neutral,,
2022-04-19,Tuesday,False,,,0,0,0,neutral,,
2022-04-20,Wednesday,False,,,0,0,0,neutral,,
2022-04-21,Thursday,False,,,0,0,0,neutral,,
2022-04-22,Friday,False,,,0,0,0,neutral,,
2022-04-23,Saturday,False,,,0,0,0,neutral,,
2022-04-24,Sunday,False,,,0,0,0,neutral,,
2022-04-25,Monday,False,,,0,0,0,neutral,,
2022-04-26,Tuesday,False,,,0,0,0,neutral,,
2022-04-27,Wednesday,False,,,0,0,0,neutral,,
2022-04-28,Thursday,False,,,0,0,0,neutral,,
2022-04-29,Friday,False,,,0,0,0,neutral,,
2022-04-30,Saturday,False,,,0,0,0,neutral,,
2022-05-01,Sunday,False,,,0,0,0,neutral,,
2022-05-02,Monday,False,,,0,0,0,neutral,,
2022-05-03,Tuesday,True,Id-ul-Fitr,general,0,0,0,neutral,,
2022-05-04,Wednesday,False,,,0,0,0,neutral,,
2022-05-05,Thursday,False,,,0,0,0,neutral,,
2022-05-06,Friday,False,,,0,0,0,neutral,,
2022-05-07,Saturday,False,,,0,0,0,neutral,,
2022-05-08,Sunday,False,,,0,0,0,neutral,,
2022-05-09,Monday,False,,,1,0,1,bad,"Russo-Ukrainian War: United States President Joe Biden signs the 2022 Lend-Lease Act into law, a rebooted World War II-era policy expediting American equipment to Ukraine and other Eastern European countries.",https://en.wikipedia.org/wiki/Russo-Ukrainian_war
2022-05-10,Tuesday,False,,,1,1,0,good,Queen Elizabeth II misses the State Opening of Parliament for the first time in 59 years. It was the first time that a new session of Parliament was opened by the Prince of Wales and the Duke of Cambridge acting as Counsellors of State.,https://en.wikipedia.org/wiki/Elizabeth_II
2022-05-11,Wednesday,False,,,2,0,2,bad,"The Burmese military executes at least 37 villagers during the Mon Taing Pin massacre in Sagaing, Myanmar. || Palestinian-American journalist Shireen Abu Akleh is killed while covering a raid in Jenin. Israel eventually admitted and apologized for the murder, after initial denials.",https://en.wikipedia.org/wiki/Tatmadaw || https://en.wikipedia.org/wiki/Shireen_Abu_Akleh
2022-05-12,Thursday,False,,,0,0,0,neutral,,
2022-05-13,Friday,False,,,0,0,0,neutral,,
2022-05-14,Saturday,False,,,0,0,0,neutral,,
2022-05-15,Sunday,False,,,0,0,0,neutral,,
2022-05-16,Monday,True,Buddha Purnima,general,0,0,0,neutral,,
2022-05-17,Tuesday,False,,,0,0,0,neutral,,
2022-05-18,Wednesday,False,,,0,0,0,neutral,,
2022-05-19,Thursday,False,,,0,0,0,neutral,,
2022-05-20,Friday,False,,,0,0,0,neutral,,
2022-05-21,Saturday,False,,,0,0,0,neutral,,
2022-05-22,Sunday,False,,,0,0,0,neutral,,
2022-05-23,Monday,False,,,0,0,0,neutral,,
2022-05-24,Tuesday,False,,,0,0,0,neutral,,
2022-05-25,Wednesday,False,,,0,0,0,neutral,,
2022-05-26,Thursday,False,,,0,0,0,neutral,,
2022-05-27,Friday,False,,,0,0,0,neutral,,
2022-05-28,Saturday,False,,,0,0,0,neutral,,
2022-05-29,Sunday,False,,,0,0,0,neutral,,
2022-05-30,Monday,False,,,0,0,0,neutral,,
2022-05-31,Tuesday,False,,,0,0,0,neutral,,
2022-06-01,Wednesday,False,,,0,0,0,neutral,,
2022-06-02,Thursday,False,,,0,0,0,neutral,,
2022-06-03,Friday,False,,,0,0,0,neutral,,
2022-06-04,Saturday,False,,,0,0,0,neutral,,
2022-06-05,Sunday,False,,,0,0,0,neutral,,
2022-06-06,Monday,False,,,0,0,0,neutral,,
2022-06-07,Tuesday,False,,,0,0,0,neutral,,
2022-06-08,Wednesday,False,,,0,0,0,neutral,,
2022-06-09,Thursday,False,,,0,0,0,neutral,,
2022-06-10,Friday,False,,,0,0,0,neutral,,
2022-06-11,Saturday,False,,,0,0,0,neutral,,
2022-06-12,Sunday,False,,,0,0,0,neutral,,
2022-06-13,Monday,False,,,0,0,0,neutral,,
2022-06-14,Tuesday,False,,,0,0,0,neutral,,
2022-06-15,Wednesday,False,,,0,0,0,neutral,,
2022-06-16,Thursday,False,,,0,0,0,neutral,,
2022-06-17,Friday,False,,,0,0,0,neutral,,
2022-06-18,Saturday,False,,,0,0,0,neutral,,
2022-06-19,Sunday,False,,,0,0,0,neutral,,
2022-06-20,Monday,False,,,0,0,0,neutral,,
2022-06-21,Tuesday,False,,,0,0,0,neutral,,
2022-06-22,Wednesday,False,,,0,0,0,neutral,,
2022-06-23,Thursday,False,,,0,0,0,neutral,,
2022-06-24,Friday,False,,,0,0,0,neutral,,
2022-06-25,Saturday,False,,,0,0,0,neutral,,
2022-06-26,Sunday,False,,,0,0,0,neutral,,
2022-06-27,Monday,False,,,0,0,0,neutral,,
2022-06-28,Tuesday,False,,,0,0,0,neutral,,
2022-06-29,Wednesday,False,,,0,0,0,neutral,,
2022-06-30,Thursday,False,,,0,0,0,neutral,,
2022-07-01,Friday,False,,,0,0,0,neutral,,
2022-07-02,Saturday,False,,,0,0,0,neutral,,
2022-07-03,Sunday,False,,,0,0,0,neutral,,
2022-07-04,Monday,False,,,0,0,0,neutral,,
2022-07-05,Tuesday,False,,,0,0,0,neutral,,
2022-07-06,Wednesday,False,,,0,0,0,neutral,,
2022-07-07,Thursday,False,,,0,0,0,neutral,,
2022-07-08,Friday,False,,,0,0,0,neutral,,
2022-07-09,Saturday,False,,,0,0,0,neutral,,
2022-07-10,Sunday,True,Bakrid,muslim,0,0,0,neutral,,
2022-07-11,Monday,False,,,0,0,0,neutral,,
2022-07-12,Tuesday,False,,,0,0,0,neutral,,
2022-07-13,Wednesday,False,,,0,0,0,neutral,,
2022-07-14,Thursday,False,,,0,0,0,neutral,,
2022-07-15,Friday,False,,,0,0,0,neutral,,
2022-07-16,Saturday,False,,,0,0,0,neutral,,
2022-07-17,Sunday,False,,,0,0,0,neutral,,
2022-07-18,Monday,False,,,0,0,0,neutral,,
2022-07-19,Tuesday,False,,,0,0,0,neutral,,
2022-07-20,Wednesday,False,,,0,0,0,neutral,,
2022-07-21,Thursday,False,,,0,0,0,neutral,,
2022-07-22,Friday,False,,,0,0,0,neutral,,
2022-07-23,Saturday,False,,,0,0,0,neutral,,
2022-07-24,Sunday,False,,,0,0,0,neutral,,
2022-07-25,Monday,False,,,0,0,0,neutral,,
2022-07-26,Tuesday,False,,,0,0,0,neutral,,
2022-07-27,Wednesday,False,,,0,0,0,neutral,,
2022-07-28,Thursday,False,,,0,0,0,neutral,,
2022-07-29,Friday,False,,,0,0,0,neutral,,
2022-07-30,Saturday,False,,,0,0,0,neutral,,
2022-07-31,Sunday,False,,,0,0,0,neutral,,
2022-08-01,Monday,False,,,0,0,0,neutral,,
2022-08-02,Tuesday,False,,,0,0,0,neutral,,
2022-08-03,Wednesday,False,,,0,0,0,neutral,,
2022-08-04,Thursday,False,,,0,0,0,neutral,,
2022-08-05,Friday,False,,,0,0,0,neutral,,
2022-08-06,Saturday,False,,,0,0,0,neutral,,
2022-08-07,Sunday,False,,,0,0,0,neutral,,
2022-08-08,Monday,False,,,0,0,0,neutral,,
2022-08-09,Tuesday,True,Muharram,muslim,0,0,0,neutral,,
2022-08-10,Wednesday,False,,,0,0,0,neutral,,
2022-08-11,Thursday,False,,,0,0,0,neutral,,
2022-08-12,Friday,False,,,0,0,0,neutral,,
2022-08-13,Saturday,False,,,0,0,0,neutral,,
2022-08-14,Sunday,False,,,0,0,0,neutral,,
2022-08-15,Monday,True,Independence Day,general,0,0,0,neutral,,
2022-08-16,Tuesday,False,,,0,0,0,neutral,,
2022-08-17,Wednesday,False,,,0,0,0,neutral,,
2022-08-18,Thursday,False,,,0,0,0,neutral,,
2022-08-19,Friday,True,Janmashtami,hindu,0,0,0,neutral,,
2022-08-20,Saturday,False,,,0,0,0,neutral,,
2022-08-21,Sunday,False,,,0,0,0,neutral,,
2022-08-22,Monday,False,,,0,0,0,neutral,,
2022-08-23,Tuesday,False,,,0,0,0,neutral,,
2022-08-24,Wednesday,False,,,0,0,0,neutral,,
2022-08-25,Thursday,False,,,0,0,0,neutral,,
2022-08-26,Friday,False,,,0,0,0,neutral,,
2022-08-27,Saturday,False,,,0,0,0,neutral,,
2022-08-28,Sunday,False,,,0,0,0,neutral,,
2022-08-29,Monday,False,,,0,0,0,neutral,,
2022-08-30,Tuesday,False,,,0,0,0,neutral,,
2022-08-31,Wednesday,False,,,0,0,0,neutral,,
2022-09-01,Thursday,False,,,0,0,0,neutral,,
2022-09-02,Friday,False,,,0,0,0,neutral,,
2022-09-03,Saturday,False,,,0,0,0,neutral,,
2022-09-04,Sunday,False,,,0,0,0,neutral,,
2022-09-05,Monday,False,,,0,0,0,neutral,,
2022-09-06,Tuesday,False,,,0,0,0,neutral,,
2022-09-07,Wednesday,False,,,0,0,0,neutral,,
2022-09-08,Thursday,False,,,0,0,0,neutral,,
2022-09-09,Friday,False,,,0,0,0,neutral,,
2022-09-10,Saturday,False,,,0,0,0,neutral,,
2022-09-11,Sunday,False,,,0,0,0,neutral,,
2022-09-12,Monday,False,,,0,0,0,neutral,,
2022-09-13,Tuesday,False,,,0,0,0,neutral,,
2022-09-14,Wednesday,False,,,0,0,0,neutral,,
2022-09-15,Thursday,False,,,0,0,0,neutral,,
2022-09-16,Friday,False,,,0,0,0,neutral,,
2022-09-17,Saturday,False,,,0,0,0,neutral,,
2022-09-18,Sunday,False,,,0,0,0,neutral,,
2022-09-19,Monday,False,,,0,0,0,neutral,,
2022-09-20,Tuesday,False,,,0,0,0,neutral,,
2022-09-21,Wednesday,False,,,0,0,0,neutral,,
2022-09-22,Thursday,False,,,0,0,0,neutral,,
2022-09-23,Friday,False,,,0,0,0,neutral,,
2022-09-24,Saturday,False,,,0,0,0,neutral,,
2022-09-25,Sunday,False,,,0,0,0,neutral,,
2022-09-26,Monday,False,,,0,0,0,neutral,,
2022-09-27,Tuesday,False,,,0,0,0,neutral,,
2022-09-28,Wednesday,False,,,0,0,0,neutral,,
2022-09-29,Thursday,False,,,0,0,0,neutral,,
2022-09-30,Friday,False,,,0,0,0,neutral,,
2022-10-01,Saturday,False,,,0,0,0,neutral,,
2022-10-02,Sunday,True,Gandhi Jayanti,general,0,0,0,neutral,,
2022-10-03,Monday,False,,,0,0,0,neutral,,
2022-10-04,Tuesday,False,,,0,0,0,neutral,,
2022-10-05,Wednesday,True,Dussehra,hindu,0,0,0,neutral,,
2022-10-06,Thursday,False,,,0,0,0,neutral,,
2022-10-07,Friday,False,,,0,0,0,neutral,,
2022-10-08,Saturday,False,,,0,0,0,neutral,,
2022-10-09,Sunday,True,Milad-un-Nabi,muslim,0,0,0,neutral,,
2022-10-10,Monday,False,,,0,0,0,neutral,,
2022-10-11,Tuesday,False,,,0,0,0,neutral,,
2022-10-12,Wednesday,False,,,0,0,0,neutral,,
2022-10-13,Thursday,False,,,0,0,0,neutral,,
2022-10-14,Friday,False,,,0,0,0,neutral,,
2022-10-15,Saturday,False,,,0,0,0,neutral,,
2022-10-16,Sunday,False,,,0,0,0,neutral,,
2022-10-17,Monday,False,,,0,0,0,neutral,,
2022-10-18,Tuesday,False,,,0,0,0,neutral,,
2022-10-19,Wednesday,False,,,0,0,0,neutral,,
2022-10-20,Thursday,False,,,0,0,0,neutral,,
2022-10-21,Friday,False,,,0,0,0,neutral,,
2022-10-22,Saturday,False,,,0,0,0,neutral,,
2022-10-23,Sunday,False,,,0,0,0,neutral,,
2022-10-24,Monday,True,Diwali,hindu,0,0,0,neutral,,
2022-10-25,Tuesday,False,,,0,0,0,neutral,,
2022-10-26,Wednesday,False,,,0,0,0,neutral,,
2022-10-27,Thursday,False,,,0,0,0,neutral,,
2022-10-28,Friday,False,,,0,0,0,neutral,,
2022-10-29,Saturday,False,,,0,0,0,neutral,,
2022-10-30,Sunday,False,,,0,0,0,neutral,,
2022-10-31,Monday,False,,,0,0,0,neutral,,
2022-11-01,Tuesday,False,,,0,0,0,neutral,,
2022-11-02,Wednesday,False,,,0,0,0,neutral,,
2022-11-03,Thursday,False,,,0,0,0,neutral,,
2022-11-04,Friday,False,,,0,0,0,neutral,,
2022-11-05,Saturday,False,,,0,0,0,neutral,,
2022-11-06,Sunday,False,,,0,0,0,neutral,,
2022-11-07,Monday,False,,,0,0,0,neutral,,
2022-11-08,Tuesday,True,Guru Nanak Jayanti,sikh,0,0,0,neutral,,
2022-11-09,Wednesday,False,,,0,0,0,neutral,,
2022-11-10,Thursday,False,,,0,0,0,neutral,,
2022-11-11,Friday,False,,,0,0,0,neutral,,
2022-11-12,Saturday,False,,,0,0,0,neutral,,
2022-11-13,Sunday,False,,,0,0,0,neutral,,
2022-11-14,Monday,False,,,0,0,0,neutral,,
2022-11-15,Tuesday,False,,,0,0,0,neutral,,
2022-11-16,Wednesday,False,,,0,0,0,neutral,,
2022-11-17,Thursday,False,,,0,0,0,neutral,,
2022-11-18,Friday,False,,,0,0,0,neutral,,
2022-11-19,Saturday,False,,,0,0,0,neutral,,
2022-11-20,Sunday,False,,,0,0,0,neutral,,
2022-11-21,Monday,False,,,0,0,0,neutral,,
2022-11-22,Tuesday,False,,,0,0,0,neutral,,
2022-11-23,Wednesday,False,,,0,0,0,neutral,,
2022-11-24,Thursday,False,,,0,0,0,neutral,,
2022-11-25,Friday,False,,,0,0,0,neutral,,
2022-11-26,Saturday,False,,,0,0,0,neutral,,
2022-11-27,Sunday,False,,,0,0,0,neutral,,
2022-11-28,Monday,False,,,0,0,0,neutral,,
2022-11-29,Tuesday,False,,,0,0,0,neutral,,
2022-11-30,Wednesday,False,,,0,0,0,neutral,,
2022-12-01,Thursday,False,,,0,0,0,neutral,,
2022-12-02,Friday,False,,,0,0,0,neutral,,
2022-12-03,Saturday,False,,,0,0,0,neutral,,
2022-12-04,Sunday,False,,,0,0,0,neutral,,
2022-12-05,Monday,False,,,0,0,0,neutral,,
2022-12-06,Tuesday,False,,,0,0,0,neutral,,
2022-12-07,Wednesday,False,,,0,0,0,neutral,,
2022-12-08,Thursday,False,,,0,0,0,neutral,,
2022-12-09,Friday,False,,,0,0,0,neutral,,
2022-12-10,Saturday,False,,,0,0,0,neutral,,
2022-12-11,Sunday,False,,,0,0,0,neutral,,
2022-12-12,Monday,False,,,0,0,0,neutral,,
2022-12-13,Tuesday,False,,,0,0,0,neutral,,
2022-12-14,Wednesday,False,,,0,0,0,neutral,,
2022-12-15,Thursday,False,,,0,0,0,neutral,,
2022-12-16,Friday,False,,,0,0,0,neutral,,
2022-12-17,Saturday,False,,,0,0,0,neutral,,
2022-12-18,Sunday,False,,,0,0,0,neutral,,
2022-12-19,Monday,False,,,0,0,0,neutral,,
2022-12-20,Tuesday,False,,,0,0,0,neutral,,
2022-12-21,Wednesday,False,,,0,0,0,neutral,,
2022-12-22,Thursday,False,,,0,0,0,neutral,,
2022-12-23,Friday,False,,,0,0,0,neutral,,
2022-12-24,Saturday,False,,,0,0,0,neutral,,
2022-12-25,Sunday,True,Christmas,christian,0,0,0,neutral,,
2022-12-26,Monday,False,,,0,0,0,neutral,,
2022-12-27,Tuesday,False,,,0,0,0,neutral,,
2022-12-28,Wednesday,False,,,0,0,0,neutral,,
2022-12-29,Thursday,False,,,0,0,0,neutral,,
2022-12-30,Friday,False,,,0,0,0,neutral,,
2022-12-31,Saturday,False,,,0,0,0,neutral,,
2023-01-01,Sunday,False,,,1,0,0,neutral,"Croatia officially adopts the Euro, becoming the 20th Eurozone country, and becomes the 27th member of the Schengen Area.",https://en.wikipedia.org/wiki/Croatia
2023-01-02,Monday,False,,,0,0,0,neutral,,
2023-01-03,Tuesday,False,,,1,0,0,neutral,Singapore's Jurong Bird Park permanently closes.,https://en.wikipedia.org/wiki/Jurong_Bird_Park
2023-01-04,Wednesday,False,,,0,0,0,neutral,,
2023-01-05,Thursday,False,,,1,0,0,neutral,The longest U.S. House of Representatives speaker election since the December 1859 – February 1860 U.S. speaker election concludes and Kevin McCarthy is elected 55th Speaker of the United States House of Representatives.,https://en.wikipedia.org/wiki/January_2023_Speaker_of_the_United_States_House_of_Representatives_election
2023-01-06,Friday,False,,,0,0,0,neutral,,
2023-01-07,Saturday,False,,,0,0,0,neutral,,
2023-01-08,Sunday,False,,,1,0,0,neutral,Supporters of former Brazil president Jair Bolsonaro storm the Brazilian Congress.,https://en.wikipedia.org/wiki/Jair_Bolsonaro
2023-01-09,Monday,False,,,1,0,1,bad,"Yeti Airlines Flight 691 crashes near Pokhara International Airport, killing all 72 people on board.",https://en.wikipedia.org/wiki/Yeti_Airlines_Flight_691
2023-01-10,Tuesday,False,,,0,0,0,neutral,,
2023-01-11,Wednesday,False,,,1,0,0,neutral,"An avalanche strikes Nyingchi, Tibet, killing 28 people.",https://en.wikipedia.org/wiki/2023_Nyingchi_avalanche
2023-01-12,Thursday,False,,,0,0,0,neutral,,
2023-01-13,Friday,False,,,0,0,0,neutral,,
2023-01-14,Saturday,False,,,0,0,0,neutral,,
2023-01-15,Sunday,False,,,0,0,0,neutral,,
2023-01-16,Monday,False,,,0,0,0,neutral,,
2023-01-17,Tuesday,False,,,0,0,0,neutral,,
2023-01-18,Wednesday,False,,,1,0,1,bad,"A helicopter crash in Ukraine leaves 14 people dead, including the country's Interior Minister, Denys Monastyrsky.",https://en.wikipedia.org/wiki/2023_Brovary_helicopter_crash
2023-01-19,Thursday,False,,,0,0,0,neutral,,
2023-01-20,Friday,False,,,0,0,0,neutral,,
2023-01-21,Saturday,False,,,1,0,1,bad,"Huu Can Tran, 72, opens fire in a dance studio in Monterey Park, California, killing eleven people and injuring nine others before later committing suicide. It is the worst mass shooting in Los Angeles County since the 2008 Covina massacre.",https://en.wikipedia.org/wiki/2023_Monterey_Park_shooting
2023-01-22,Sunday,False,,,0,0,0,neutral,,
2023-01-23,Monday,False,,,0,0,0,neutral,,
2023-01-24,Tuesday,False,,,0,0,0,neutral,,
2023-01-25,Wednesday,False,,,0,0,0,neutral,,
2023-01-26,Thursday,True,Republic Day,general,0,0,0,neutral,,
2023-01-27,Friday,False,,,2,0,1,bad,"Protests and public outrage spark across the U.S. after the release of multiple videos by the Memphis Police Department showing officers punching, kicking, and pepper spraying Tyre Nichols as a result of running away from a traffic stop, which resulted him dying in the hospital three days later after the incident. || A shooting at a synagogue in Neve Yaakov, East Jerusalem, kills seven people and injures three others.",https://en.wikipedia.org/wiki/Tyre_Nichols_protests || https://en.wikipedia.org/wiki/2023_Neve_Yaakov_shooting
2023-01-28,Saturday,False,,,1,0,0,neutral,Protests begin after police beat and kill Tyre Nichols.,https://en.wikipedia.org/wiki/Tyre_Nichols_protests
2023-01-29,Sunday,False,,,0,0,0,neutral,,
2023-01-30,Monday,False,,,0,0,0,neutral,,
2023-01-31,Tuesday,False,,,1,1,0,good,"The last Boeing 747, the first wide-body airliner, is delivered to Atlas Air and operated for ApexLogistics. The aircraft was registered as N863GT and named ""Empower""",https://en.wikipedia.org/wiki/Boeing_747
2023-02-01,Wednesday,False,,,0,0,0,neutral,,
2023-02-02,Thursday,False,,,0,0,0,neutral,,
2023-02-03,Friday,False,,,1,0,0,neutral,"2023 Ohio train derailment: A freight train containing vinyl chloride and other hazardous materials derails and burns in East Palestine, Ohio, United States, releasing hydrogen chloride and phosgene into the air and contaminating the Ohio River.",https://en.wikipedia.org/wiki/East_Palestine%2C_Ohio%2C_train_derailment
2023-02-04,Saturday,False,,,0,0,0,neutral,,
2023-02-05,Sunday,False,,,0,0,0,neutral,,
2023-02-06,Monday,False,,,1,0,1,bad,"Two earthquakes measuring Mww 7.8 and 7.5 struck near the border between Turkey and Syria with a maximum Mercalli intensity of XII (Extreme). The earthquakes resulted in numerous aftershocks and a death toll of 57,658 people.",https://en.wikipedia.org/wiki/2023_Turkey%E2%80%93Syria_earthquakes
2023-02-07,Tuesday,False,,,0,0,0,neutral,,
2023-02-08,Wednesday,False,,,1,0,1,bad,"Two children are killed and six others are injured when a bus crashes into a daycare centre in Laval, Quebec, Canada. The driver is arrested and charged with homicide and dangerous driving.",https://en.wikipedia.org/wiki/Laval_daycare_bus_crash
2023-02-09,Thursday,False,,,0,0,0,neutral,,
2023-02-10,Friday,False,,,0,0,0,neutral,,
2023-02-11,Saturday,False,,,0,0,0,neutral,,
2023-02-12,Sunday,False,,,0,0,0,neutral,,
2023-02-13,Monday,False,,,0,0,0,neutral,,
2023-02-14,Tuesday,False,,,0,0,0,neutral,,
2023-02-15,Wednesday,False,,,0,0,0,neutral,,
2023-02-16,Thursday,False,,,0,0,0,neutral,,
2023-02-17,Friday,False,,,0,0,0,neutral,,
2023-02-18,Saturday,True,Maha Shivaratri,general,0,0,0,neutral,,
2023-02-19,Sunday,False,,,0,0,0,neutral,,
2023-02-20,Monday,False,,,0,0,0,neutral,,
2023-02-21,Tuesday,False,,,0,0,0,neutral,,
2023-02-22,Wednesday,False,,,0,0,0,neutral,,
2023-02-23,Thursday,False,,,0,0,0,neutral,,
2023-02-24,Friday,False,,,0,0,0,neutral,,
2023-02-25,Saturday,False,,,0,0,0,neutral,,
2023-02-26,Sunday,False,,,0,0,0,neutral,,
2023-02-27,Monday,False,,,0,0,0,neutral,,
2023-02-28,Tuesday,False,,,1,0,0,neutral,"Two trains collide south of the Vale of Tempe in Greece, leading to the deaths of at least 57 people and leaving 58 missing and 85 injured.",https://en.wikipedia.org/wiki/Tempi_train_crash
2023-03-01,Wednesday,False,,,0,0,0,neutral,,
2023-03-02,Thursday,False,,,0,0,0,neutral,,
2023-03-03,Friday,False,,,0,0,0,neutral,,
2023-03-04,Saturday,False,,,0,0,0,neutral,,
2023-03-05,Sunday,False,,,1,0,1,bad,"Silicon Valley Bank collapses due to a run on its deposits, in the second largest bank failure in US history. Its operations are taken over by the FDIC.",https://en.wikipedia.org/wiki/Silicon_Valley_Bank
2023-03-06,Monday,False,,,0,0,0,neutral,,
2023-03-07,Tuesday,False,,,0,0,0,neutral,,
2023-03-08,Wednesday,False,,,0,0,0,neutral,,
2023-03-09,Thursday,False,,,2,1,0,good,"The 2023 Estonian parliamentary election is held, with two centre-right liberal parties gaining an absolute majority for the first time. || A group of four prisoners escape from the Nouakchott Civil Prison, before being caught the next day.",https://en.wikipedia.org/wiki/2023_Estonian_parliamentary_election || https://en.wikipedia.org/wiki/2023_Nouakchott_prison_break
2023-03-10,Friday,False,,,1,0,1,bad,"A shooting in the Alsterdorf quarter of Hamburg, Germany, kills eight people and injures another eight.",https://en.wikipedia.org/wiki/2023_Hamburg_shooting
2023-03-11,Saturday,False,,,1,0,1,bad,"The Burmese military kills at least 30 villagers, including 3 Buddhist monks, during the Pinlaung massacre in Shan State, Myanmar.",https://en.wikipedia.org/wiki/Tatmadaw
2023-03-12,Sunday,False,,,0,0,0,neutral,,
2023-03-13,Monday,False,,,0,0,0,neutral,,
2023-03-14,Tuesday,False,,,0,0,0,neutral,,
2023-03-15,Wednesday,False,,,0,0,0,neutral,,
2023-03-16,Thursday,False,,,0,0,0,neutral,,
2023-03-17,Friday,False,,,0,0,0,neutral,,
2023-03-18,Saturday,False,,,0,0,0,neutral,,
2023-03-19,Sunday,False,,,1,0,0,neutral,The Swiss Government brokers a deal for UBS to buy out rival Credit Suisse in an attempt to calm the 2023 banking crisis.,https://en.wikipedia.org/wiki/Federal_Council_(Switzerland)
2023-03-20,Monday,False,,,0,0,0,neutral,,
2023-03-21,Tuesday,False,,,0,0,0,neutral,,
2023-03-22,Wednesday,False,,,0,0,0,neutral,,
2023-03-23,Thursday,False,,,0,0,0,neutral,,
2023-03-24,Friday,False,,,1,0,0,neutral,"An EF4 tornado strikes the towns of Rolling Fork and Silver City, Mississippi, causing mass destruction.",https://en.wikipedia.org/wiki/2023_Rolling_Fork%E2%80%93Silver_City_tornado
2023-03-25,Saturday,False,,,0,0,0,neutral,,
2023-03-26,Sunday,False,,,0,0,0,neutral,,
2023-03-27,Monday,False,,,2,0,2,bad,"Seven people, including the perpetrator, are killed in a mass shooting at the Covenant School in Nashville, Tennessee. || Forty people are killed in a fire at a migrant detention facility in Ciudad Juárez, Mexico.",https://en.wikipedia.org/wiki/2023_Nashville_school_shooting || https://en.wikipedia.org/wiki/Ciudad_Ju%C3%A1rez_migrant_center_fire
2023-03-28,Tuesday,False,,,0,0,0,neutral,,
2023-03-29,Wednesday,False,,,0,0,0,neutral,,
2023-03-30,Thursday,False,,,1,1,0,good,Donald Trump becomes the first former United States president to be indicted by a grand jury.,https://en.wikipedia.org/wiki/Donald_Trump
2023-03-31,Friday,False,,,0,0,0,neutral,,
2023-04-01,Saturday,False,,,1,0,0,neutral,Finland becomes a member of NATO after Turkey accepts its membership request.,https://en.wikipedia.org/wiki/Finland
2023-04-02,Sunday,False,,,1,0,1,bad,A historic tornado outbreak occurs in the American Midwest and South.,https://en.wikipedia.org/wiki/Tornado_outbreak_of_March_31_%E2%80%93_April_1%2C_2023
2023-04-03,Monday,False,,,0,0,0,neutral,,
2023-04-04,Tuesday,True,Mahavir Jayanti,general,0,0,0,neutral,,
2023-04-05,Wednesday,False,,,0,0,0,neutral,,
2023-04-06,Thursday,False,,,0,0,0,neutral,,
2023-04-07,Friday,True,Good Friday,christian,0,0,0,neutral,,
2023-04-08,Saturday,False,,,0,0,0,neutral,,
2023-04-09,Sunday,False,,,0,0,0,neutral,,
2023-04-10,Monday,False,,,1,0,1,bad,"A mass shooting occurs at the Old National Bank in Louisville, Kentucky that leaves five victims dead and eight wounded.",https://en.wikipedia.org/wiki/2023_Louisville_bank_shooting
2023-04-11,Tuesday,False,,,1,0,1,bad,"During the Pazigyi massacre, an airstrike conducted by the Myanmar Air Force kills at least 100 villagers in Pazigyi, Sagaing Region.",https://en.wikipedia.org/wiki/Pazigyi_massacre
2023-04-12,Wednesday,False,,,0,0,0,neutral,,
2023-04-13,Thursday,False,,,1,0,0,neutral,The house of Jack Teixeira is raided in an investigation into leaked Pentagon documents; he is arrested on the same day.,https://en.wikipedia.org/wiki/Jack_Teixeira
2023-04-14,Friday,False,,,1,1,0,good,The Jupiter Icy Moons Explorer (JUICE) is launched by the European Space Agency.,https://en.wikipedia.org/wiki/Jupiter_Icy_Moons_Explorer
2023-04-15,Saturday,False,,,0,0,0,neutral,,
2023-04-16,Sunday,False,,,0,0,0,neutral,,
2023-04-17,Monday,False,,,0,0,0,neutral,,
2023-04-18,Tuesday,False,,,0,0,0,neutral,,
2023-04-19,Wednesday,False,,,0,0,0,neutral,,
2023-04-20,Thursday,False,,,0,0,0,neutral,,
2023-04-21,Friday,False,,,0,0,0,neutral,,
2023-04-22,Saturday,True,Id-ul-Fitr,general,0,0,0,neutral,,
2023-04-23,Sunday,False,,,0,0,0,neutral,,
2023-04-24,Monday,False,,,0,0,0,neutral,,
2023-04-25,Tuesday,False,,,0,0,0,neutral,,
2023-04-26,Wednesday,False,,,0,0,0,neutral,,
2023-04-27,Thursday,False,,,0,0,0,neutral,,
2023-04-28,Friday,False,,,1,1,0,good,"SpaceX's Starship rocket, the largest and most powerful rocket ever built, launches for the first time. It explodes four minutes into flight.",https://en.wikipedia.org/wiki/SpaceX_Starship
2023-04-29,Saturday,False,,,0,0,0,neutral,,
2023-04-30,Sunday,False,,,0,0,0,neutral,,
2023-05-01,Monday,False,,,0,0,0,neutral,,
2023-05-02,Tuesday,False,,,0,0,0,neutral,,
2023-05-03,Wednesday,False,,,2,0,2,bad,"Nine students and a security guard are killed in the Belgrade school shooting, the first attack of its kind in Serbia. || Ethnic violence breaks out between the Meitei and the Kuki Zo people in the state of Manipur.",https://en.wikipedia.org/wiki/Belgrade_school_shooting || https://en.wikipedia.org/wiki/2023%E2%80%932025_Manipur_violence
2023-05-04,Thursday,False,,,1,0,1,bad,"Nine people are killed and thirteen injured in a spree shooting in Mladenovac and Smederevo, Serbia. It is the second mass shooting in the country in two days.",https://en.wikipedia.org/wiki/Mladenovac_and_Smederevo_shootings
2023-05-05,Friday,True,Buddha Purnima,general,1,0,1,bad,The World Health Organization declares the end of the COVID-19 pandemic as a global health emergency.,https://en.wikipedia.org/wiki/World_Health_Organization
2023-05-06,Saturday,False,,,2,0,1,bad,"The coronation of Charles III and Camilla as King and Queen of the United Kingdom and the other Commonwealth realms is held in Westminster Abbey, London. || Eight people are killed and seven injured in a mass shooting in Allen, Texas. The perpetrator is killed by a police officer.",https://en.wikipedia.org/wiki/Coronation_of_Charles_III_and_Camilla || https://en.wikipedia.org/wiki/2023_Allen%2C_Texas_mall_shooting
2023-05-07,Sunday,False,,,1,0,1,bad,"2023 Tanur boat disaster, At least 22 people are killed when a boat carrying tourists capsizes in Tanur, Malappuram, Kerala, India.",https://en.wikipedia.org/wiki/2023_Tanur_boat_disaster
2023-05-08,Monday,False,,,0,0,0,neutral,,
2023-05-09,Tuesday,False,,,1,0,1,bad,The May 9 riots following the arrest of Imran Khan in Pakistan.,https://en.wikipedia.org/wiki/May_9_riots
2023-05-10,Wednesday,False,,,0,0,0,neutral,,
2023-05-11,Thursday,False,,,0,0,0,neutral,,
2023-05-12,Friday,False,,,0,0,0,neutral,,
2023-05-13,Saturday,False,,,0,0,0,neutral,,
2023-05-14,Sunday,False,,,0,0,0,neutral,,
2023-05-15,Monday,False,,,0,0,0,neutral,,
2023-05-16,Tuesday,False,,,0,0,0,neutral,,
2023-05-17,Wednesday,False,,,0,0,0,neutral,,
2023-05-18,Thursday,False,,,0,0,0,neutral,,
2023-05-19,Friday,False,,,0,0,0,neutral,,
2023-05-20,Saturday,False,,,0,0,0,neutral,,
2023-05-21,Sunday,False,,,0,0,0,neutral,,
2023-05-22,Monday,False,,,0,0,0,neutral,,
2023-05-23,Tuesday,False,,,0,0,0,neutral,,
2023-05-24,Wednesday,False,,,0,0,0,neutral,,
2023-05-25,Thursday,False,,,0,0,0,neutral,,
2023-05-26,Friday,False,,,0,0,0,neutral,,
2023-05-27,Saturday,False,,,0,0,0,neutral,,
2023-05-28,Sunday,False,,,0,0,0,neutral,,
2023-05-29,Monday,False,,,0,0,0,neutral,,
2023-05-30,Tuesday,False,,,0,0,0,neutral,,
2023-05-31,Wednesday,False,,,0,0,0,neutral,,
2023-06-01,Thursday,False,,,0,0,0,neutral,,
2023-06-02,Friday,False,,,0,0,0,neutral,,
2023-06-03,Saturday,False,,,0,0,0,neutral,,
2023-06-04,Sunday,False,,,0,0,0,neutral,,
2023-06-05,Monday,False,,,0,0,0,neutral,,
2023-06-06,Tuesday,False,,,0,0,0,neutral,,
2023-06-07,Wednesday,False,,,0,0,0,neutral,,
2023-06-08,Thursday,False,,,0,0,0,neutral,,
2023-06-09,Friday,False,,,0,0,0,neutral,,
2023-06-10,Saturday,False,,,0,0,0,neutral,,
2023-06-11,Sunday,False,,,0,0,0,neutral,,
2023-06-12,Monday,False,,,0,0,0,neutral,,
2023-06-13,Tuesday,False,,,0,0,0,neutral,,
2023-06-14,Wednesday,False,,,0,0,0,neutral,,
2023-06-15,Thursday,False,,,0,0,0,neutral,,
2023-06-16,Friday,False,,,0,0,0,neutral,,
2023-06-17,Saturday,False,,,0,0,0,neutral,,
2023-06-18,Sunday,False,,,0,0,0,neutral,,
2023-06-19,Monday,False,,,0,0,0,neutral,,
2023-06-20,Tuesday,False,,,0,0,0,neutral,,
2023-06-21,Wednesday,False,,,0,0,0,neutral,,
2023-06-22,Thursday,False,,,0,0,0,neutral,,
2023-06-23,Friday,False,,,0,0,0,neutral,,
2023-06-24,Saturday,False,,,0,0,0,neutral,,
2023-06-25,Sunday,False,,,0,0,0,neutral,,
2023-06-26,Monday,False,,,0,0,0,neutral,,
2023-06-27,Tuesday,False,,,0,0,0,neutral,,
2023-06-28,Wednesday,False,,,0,0,0,neutral,,
2023-06-29,Thursday,True,Bakrid,muslim,0,0,0,neutral,,
2023-06-30,Friday,False,,,0,0,0,neutral,,
2023-07-01,Saturday,False,,,0,0,0,neutral,,
2023-07-02,Sunday,False,,,0,0,0,neutral,,
2023-07-03,Monday,False,,,0,0,0,neutral,,
2023-07-04,Tuesday,False,,,0,0,0,neutral,,
2023-07-05,Wednesday,False,,,0,0,0,neutral,,
2023-07-06,Thursday,False,,,0,0,0,neutral,,
2023-07-07,Friday,False,,,0,0,0,neutral,,
2023-07-08,Saturday,False,,,0,0,0,neutral,,
2023-07-09,Sunday,False,,,0,0,0,neutral,,
2023-07-10,Monday,False,,,0,0,0,neutral,,
2023-07-11,Tuesday,False,,,0,0,0,neutral,,
2023-07-12,Wednesday,False,,,0,0,0,neutral,,
2023-07-13,Thursday,False,,,0,0,0,neutral,,
2023-07-14,Friday,False,,,0,0,0,neutral,,
2023-07-15,Saturday,False,,,0,0,0,neutral,,
2023-07-16,Sunday,False,,,0,0,0,neutral,,
2023-07-17,Monday,False,,,0,0,0,neutral,,
2023-07-18,Tuesday,False,,,0,0,0,neutral,,
2023-07-19,Wednesday,False,,,0,0,0,neutral,,
2023-07-20,Thursday,False,,,0,0,0,neutral,,
2023-07-21,Friday,False,,,0,0,0,neutral,,
2023-07-22,Saturday,False,,,0,0,0,neutral,,
2023-07-23,Sunday,False,,,0,0,0,neutral,,
2023-07-24,Monday,False,,,0,0,0,neutral,,
2023-07-25,Tuesday,False,,,0,0,0,neutral,,
2023-07-26,Wednesday,False,,,0,0,0,neutral,,
2023-07-27,Thursday,False,,,0,0,0,neutral,,
2023-07-28,Friday,False,,,0,0,0,neutral,,
2023-07-29,Saturday,True,Muharram,muslim,0,0,0,neutral,,
2023-07-30,Sunday,False,,,0,0,0,neutral,,
2023-07-31,Monday,False,,,0,0,0,neutral,,
2023-08-01,Tuesday,False,,,0,0,0,neutral,,
2023-08-02,Wednesday,False,,,0,0,0,neutral,,
2023-08-03,Thursday,False,,,0,0,0,neutral,,
2023-08-04,Friday,False,,,0,0,0,neutral,,
2023-08-05,Saturday,False,,,0,0,0,neutral,,
2023-08-06,Sunday,False,,,0,0,0,neutral,,
2023-08-07,Monday,False,,,0,0,0,neutral,,
2023-08-08,Tuesday,False,,,0,0,0,neutral,,
2023-08-09,Wednesday,False,,,0,0,0,neutral,,
2023-08-10,Thursday,False,,,0,0,0,neutral,,
2023-08-11,Friday,False,,,0,0,0,neutral,,
2023-08-12,Saturday,False,,,0,0,0,neutral,,
2023-08-13,Sunday,False,,,0,0,0,neutral,,
2023-08-14,Monday,False,,,0,0,0,neutral,,
2023-08-15,Tuesday,True,Independence Day,general,0,0,0,neutral,,
2023-08-16,Wednesday,False,,,0,0,0,neutral,,
2023-08-17,Thursday,False,,,0,0,0,neutral,,
2023-08-18,Friday,False,,,0,0,0,neutral,,
2023-08-19,Saturday,False,,,0,0,0,neutral,,
2023-08-20,Sunday,False,,,0,0,0,neutral,,
2023-08-21,Monday,False,,,0,0,0,neutral,,
2023-08-22,Tuesday,False,,,0,0,0,neutral,,
2023-08-23,Wednesday,False,,,0,0,0,neutral,,
2023-08-24,Thursday,False,,,0,0,0,neutral,,
2023-08-25,Friday,False,,,0,0,0,neutral,,
2023-08-26,Saturday,False,,,0,0,0,neutral,,
2023-08-27,Sunday,False,,,0,0,0,neutral,,
2023-08-28,Monday,False,,,0,0,0,neutral,,
2023-08-29,Tuesday,False,,,0,0,0,neutral,,
2023-08-30,Wednesday,False,,,0,0,0,neutral,,
2023-08-31,Thursday,False,,,0,0,0,neutral,,
2023-09-01,Friday,False,,,0,0,0,neutral,,
2023-09-02,Saturday,False,,,0,0,0,neutral,,
2023-09-03,Sunday,False,,,0,0,0,neutral,,
2023-09-04,Monday,False,,,0,0,0,neutral,,
2023-09-05,Tuesday,False,,,0,0,0,neutral,,
2023-09-06,Wednesday,False,,,0,0,0,neutral,,
2023-09-07,Thursday,True,Janmashtami,hindu,0,0,0,neutral,,
2023-09-08,Friday,False,,,0,0,0,neutral,,
2023-09-09,Saturday,False,,,0,0,0,neutral,,
2023-09-10,Sunday,False,,,0,0,0,neutral,,
2023-09-11,Monday,False,,,0,0,0,neutral,,
2023-09-12,Tuesday,False,,,0,0,0,neutral,,
2023-09-13,Wednesday,False,,,0,0,0,neutral,,
2023-09-14,Thursday,False,,,0,0,0,neutral,,
2023-09-15,Friday,False,,,0,0,0,neutral,,
2023-09-16,Saturday,False,,,0,0,0,neutral,,
2023-09-17,Sunday,False,,,0,0,0,neutral,,
2023-09-18,Monday,False,,,0,0,0,neutral,,
2023-09-19,Tuesday,False,,,0,0,0,neutral,,
2023-09-20,Wednesday,False,,,0,0,0,neutral,,
2023-09-21,Thursday,False,,,0,0,0,neutral,,
2023-09-22,Friday,False,,,0,0,0,neutral,,
2023-09-23,Saturday,False,,,0,0,0,neutral,,
2023-09-24,Sunday,False,,,0,0,0,neutral,,
2023-09-25,Monday,False,,,0,0,0,neutral,,
2023-09-26,Tuesday,False,,,0,0,0,neutral,,
2023-09-27,Wednesday,False,,,0,0,0,neutral,,
2023-09-28,Thursday,True,Milad-un-Nabi,muslim,0,0,0,neutral,,
2023-09-29,Friday,False,,,0,0,0,neutral,,
2023-09-30,Saturday,False,,,0,0,0,neutral,,
2023-10-01,Sunday,False,,,0,0,0,neutral,,
2023-10-02,Monday,True,Gandhi Jayanti,general,0,0,0,neutral,,
2023-10-03,Tuesday,False,,,0,0,0,neutral,,
2023-10-04,Wednesday,False,,,0,0,0,neutral,,
2023-10-05,Thursday,False,,,0,0,0,neutral,,
2023-10-06,Friday,False,,,0,0,0,neutral,,
2023-10-07,Saturday,False,,,0,0,0,neutral,,
2023-10-08,Sunday,False,,,0,0,0,neutral,,
2023-10-09,Monday,False,,,0,0,0,neutral,,
2023-10-10,Tuesday,False,,,0,0,0,neutral,,
2023-10-11,Wednesday,False,,,0,0,0,neutral,,
2023-10-12,Thursday,False,,,0,0,0,neutral,,
2023-10-13,Friday,False,,,0,0,0,neutral,,
2023-10-14,Saturday,False,,,0,0,0,neutral,,
2023-10-15,Sunday,False,,,0,0,0,neutral,,
2023-10-16,Monday,False,,,0,0,0,neutral,,
2023-10-17,Tuesday,False,,,0,0,0,neutral,,
2023-10-18,Wednesday,False,,,0,0,0,neutral,,
2023-10-19,Thursday,False,,,0,0,0,neutral,,
2023-10-20,Friday,False,,,0,0,0,neutral,,
2023-10-21,Saturday,False,,,0,0,0,neutral,,
2023-10-22,Sunday,False,,,0,0,0,neutral,,
2023-10-23,Monday,False,,,0,0,0,neutral,,
2023-10-24,Tuesday,True,Dussehra,hindu,0,0,0,neutral,,
2023-10-25,Wednesday,False,,,0,0,0,neutral,,
2023-10-26,Thursday,False,,,0,0,0,neutral,,
2023-10-27,Friday,False,,,0,0,0,neutral,,
2023-10-28,Saturday,False,,,0,0,0,neutral,,
2023-10-29,Sunday,False,,,0,0,0,neutral,,
2023-10-30,Monday,False,,,0,0,0,neutral,,
2023-10-31,Tuesday,False,,,0,0,0,neutral,,
2023-11-01,Wednesday,False,,,0,0,0,neutral,,
2023-11-02,Thursday,False,,,0,0,0,neutral,,
2023-11-03,Friday,False,,,0,0,0,neutral,,
2023-11-04,Saturday,False,,,0,0,0,neutral,,
2023-11-05,Sunday,False,,,0,0,0,neutral,,
2023-11-06,Monday,False,,,0,0,0,neutral,,
2023-11-07,Tuesday,False,,,0,0,0,neutral,,
2023-11-08,Wednesday,False,,,0,0,0,neutral,,
2023-11-09,Thursday,False,,,0,0,0,neutral,,
2023-11-10,Friday,False,,,0,0,0,neutral,,
2023-11-11,Saturday,False,,,0,0,0,neutral,,
2023-11-12,Sunday,True,Diwali,hindu,0,0,0,neutral,,
2023-11-13,Monday,False,,,0,0,0,neutral,,
2023-11-14,Tuesday,False,,,0,0,0,neutral,,
2023-11-15,Wednesday,False,,,0,0,0,neutral,,
2023-11-16,Thursday,False,,,0,0,0,neutral,,
2023-11-17,Friday,False,,,0,0,0,neutral,,
2023-11-18,Saturday,False,,,0,0,0,neutral,,
2023-11-19,Sunday,False,,,0,0,0,neutral,,
2023-11-20,Monday,False,,,0,0,0,neutral,,
2023-11-21,Tuesday,False,,,0,0,0,neutral,,
2023-11-22,Wednesday,False,,,0,0,0,neutral,,
2023-11-23,Thursday,False,,,0,0,0,neutral,,
2023-11-24,Friday,False,,,0,0,0,neutral,,
2023-11-25,Saturday,False,,,0,0,0,neutral,,
2023-11-26,Sunday,False,,,0,0,0,neutral,,
2023-11-27,Monday,True,Guru Nanak Jayanti,sikh,0,0,0,neutral,,
2023-11-28,Tuesday,False,,,0,0,0,neutral,,
2023-11-29,Wednesday,False,,,0,0,0,neutral,,
2023-11-30,Thursday,False,,,0,0,0,neutral,,
2023-12-01,Friday,False,,,0,0,0,neutral,,
2023-12-02,Saturday,False,,,0,0,0,neutral,,
2023-12-03,Sunday,False,,,0,0,0,neutral,,
2023-12-04,Monday,False,,,0,0,0,neutral,,
2023-12-05,Tuesday,False,,,0,0,0,neutral,,
2023-12-06,Wednesday,False,,,0,0,0,neutral,,
2023-12-07,Thursday,False,,,0,0,0,neutral,,
2023-12-08,Friday,False,,,0,0,0,neutral,,
2023-12-09,Saturday,False,,,0,0,0,neutral,,
2023-12-10,Sunday,False,,,0,0,0,neutral,,
2023-12-11,Monday,False,,,0,0,0,neutral,,
2023-12-12,Tuesday,False,,,0,0,0,neutral,,
2023-12-13,Wednesday,False,,,0,0,0,neutral,,
2023-12-14,Thursday,False,,,0,0,0,neutral,,
2023-12-15,Friday,False,,,0,0,0,neutral,,
2023-12-16,Saturday,False,,,0,0,0,neutral,,
2023-12-17,Sunday,False,,,0,0,0,neutral,,
2023-12-18,Monday,False,,,0,0,0,neutral,,
2023-12-19,Tuesday,False,,,0,0,0,neutral,,
2023-12-20,Wednesday,False,,,0,0,0,neutral,,
2023-12-21,Thursday,False,,,0,0,0,neutral,,
2023-12-22,Friday,False,,,0,0,0,neutral,,
2023-12-23,Saturday,False,,,0,0,0,neutral,,
2023-12-24,Sunday,False,,,0,0,0,neutral,,
2023-12-25,Monday,True,Christmas,christian,0,0,0,neutral,,
2023-12-26,Tuesday,False,,,0,0,0,neutral,,
2023-12-27,Wednesday,False,,,0,0,0,neutral,,
2023-12-28,Thursday,False,,,0,0,0,neutral,,
2023-12-29,Friday,False,,,0,0,0,neutral,,
2023-12-30,Saturday,False,,,0,0,0,neutral,,
2023-12-31,Sunday,False,,,0,0,0,neutral,,
2024-01-01,Monday,False,,,3,0,1,bad,"A 7.5 Mww  earthquake strikes the western coast of Japan, killing more than 500 people and injuring over 1,000 others. A majority of direct deaths were due to collapsed homes. || Disney's copyright protection on Steamboat Willie and the original Mickey Mouse expires as they enter the public domain. || Artsakh ceases to exist.",https://en.wikipedia.org/wiki/2024_Noto_earthquake || https://en.wikipedia.org/wiki/Steamboat_Willie || https://en.wikipedia.org/wiki/Republic_of_Artsakh
2024-01-02,Tuesday,False,,,0,0,0,neutral,,
2024-01-03,Wednesday,False,,,1,0,1,bad,"At least 91 people are killed in bombings in Kerman, Iran, during a ceremony commemorating the assassination of Iranian General Qasem Soleimani four years earlier.",https://en.wikipedia.org/wiki/2024_Kerman_bombings
2024-01-04,Thursday,False,,,1,0,0,neutral,"Two aircraft collide on a runway at Haneda Airport in Tokyo, killing 5 and injuring 18.",https://en.wikipedia.org/wiki/2024_Haneda_Airport_runway_collision
2024-01-05,Friday,False,,,0,0,0,neutral,,
2024-01-06,Saturday,False,,,1,0,0,neutral,"Alaska Airlines Flight 1282 makes an emergency landing at Portland International Airport after a door plug blows off the Boeing 737 MAX 9 operating the flight. There are no fatalities, but the accident prompts the 737 MAX to be grounded and renews scrutiny on Boeing's manufacturing and design issues.",https://en.wikipedia.org/wiki/Alaska_Airlines_Flight_1282
2024-01-07,Sunday,False,,,0,0,0,neutral,,
2024-01-08,Monday,False,,,0,0,0,neutral,,
2024-01-09,Tuesday,False,,,0,0,0,neutral,,
2024-01-10,Wednesday,False,,,0,0,0,neutral,,
2024-01-11,Thursday,False,,,0,0,0,neutral,,
2024-01-12,Friday,False,,,0,0,0,neutral,,
2024-01-13,Saturday,False,,,0,0,0,neutral,,
2024-01-14,Sunday,False,,,1,0,0,neutral,"Queen Margrethe II abdicates as Queen of Denmark and is succeeded by her son, Frederik X.",https://en.wikipedia.org/wiki/Abdication_of_Margrethe_II
2024-01-15,Monday,False,,,0,0,0,neutral,,
2024-01-16,Tuesday,False,,,0,0,0,neutral,,
2024-01-17,Wednesday,False,,,0,0,0,neutral,,
2024-01-18,Thursday,False,,,0,0,0,neutral,,
2024-01-19,Friday,False,,,1,1,0,good,"The Japan Aerospace Exploration Agency's probe landed on the moon, making Japan the 5th country to land a spacecraft on the moon.",https://en.wikipedia.org/wiki/JAXA
2024-01-20,Saturday,False,,,0,0,0,neutral,,
2024-01-21,Sunday,False,,,0,0,0,neutral,,
2024-01-22,Monday,False,,,1,1,0,good,"Ram Mandir is inaugurated by Indian Prime Minister Narendra Modi at Ayodhya, Uttar Pradesh after 500 years of dispute.",https://en.wikipedia.org/wiki/Ram_Mandir
2024-01-23,Tuesday,False,,,1,0,1,bad,"Northwestern Air Flight 738 crashes after takeoff from Fort Smith Airport, Northwest Territories, Canada, killing six people.",https://en.wikipedia.org/wiki/Northwestern_Air_Flight_738
2024-01-24,Wednesday,False,,,0,0,0,neutral,,
2024-01-25,Thursday,False,,,0,0,0,neutral,,
2024-01-26,Friday,True,Republic Day,general,0,0,0,neutral,,
2024-01-27,Saturday,False,,,0,0,0,neutral,,
2024-01-28,Sunday,False,,,0,0,0,neutral,,
2024-01-29,Monday,False,,,0,0,0,neutral,,
2024-01-30,Tuesday,False,,,0,0,0,neutral,,
2024-01-31,Wednesday,False,,,0,0,0,neutral,,
2024-02-01,Thursday,False,,,0,0,0,neutral,,
2024-02-02,Friday,False,,,0,0,0,neutral,,
2024-02-03,Saturday,False,,,0,0,0,neutral,,
2024-02-04,Sunday,False,,,0,0,0,neutral,,
2024-02-05,Monday,False,,,0,0,0,neutral,,
2024-02-06,Tuesday,False,,,0,0,0,neutral,,
2024-02-07,Wednesday,False,,,1,0,1,bad,"Pakistan election offices are hit by twin bombings, killing at least 24 people a day before general elections.",https://en.wikipedia.org/wiki/2024_Balochistan_bombings
2024-02-08,Thursday,False,,,0,0,0,neutral,,
2024-02-09,Friday,False,,,0,0,0,neutral,,
2024-02-10,Saturday,False,,,0,0,0,neutral,,
2024-02-11,Sunday,False,,,1,0,0,neutral,2024 Finnish presidential election: Alexander Stubb is elected as the 13th president of Finland.,https://en.wikipedia.org/wiki/2024_Finnish_presidential_election
2024-02-12,Monday,False,,,0,0,0,neutral,,
2024-02-13,Tuesday,False,,,0,0,0,neutral,,
2024-02-14,Wednesday,False,,,0,0,0,neutral,,
2024-02-15,Thursday,False,,,0,0,0,neutral,,
2024-02-16,Friday,False,,,0,0,0,neutral,,
2024-02-17,Saturday,False,,,0,0,0,neutral,,
2024-02-18,Sunday,False,,,0,0,0,neutral,,
2024-02-19,Monday,False,,,0,0,0,neutral,,
2024-02-20,Tuesday,False,,,0,0,0,neutral,,
2024-02-21,Wednesday,False,,,0,0,0,neutral,,
2024-02-22,Thursday,False,,,0,0,0,neutral,,
2024-02-23,Friday,False,,,0,0,0,neutral,,
2024-02-24,Saturday,False,,,0,0,0,neutral,,
2024-02-25,Sunday,False,,,0,0,0,neutral,,
2024-02-26,Monday,False,,,0,0,0,neutral,,
2024-02-27,Tuesday,False,,,2,1,0,good,"Sweden officially joins NATO, becoming its 32nd member. || Hannah Gutierrez-Reed is found guilty of involuntary manslaughter in the death of Halyna Hutchins on the set of the movie Rust, the first time someone has been found guilty for causing a death on a movie set.",https://en.wikipedia.org/wiki/Sweden || https://en.wikipedia.org/wiki/Rust_shooting_incident
2024-02-28,Wednesday,False,,,1,1,0,good,Prime Minister Modi of India inaugurated the 2nd Space Port of India - Kulasekarapattinam Spaceport.,https://en.wikipedia.org/wiki/Prime_minister
2024-02-29,Thursday,False,,,0,0,0,neutral,,
2024-03-01,Friday,False,,,0,0,0,neutral,,
2024-03-02,Saturday,False,,,0,0,0,neutral,,
2024-03-03,Sunday,False,,,0,0,0,neutral,,
2024-03-04,Monday,False,,,1,0,1,bad,"The Flour Massacre took place in the Gaza Strip: Israeli forces opened fire on Palestinians waiting for aid amidst the Gaza war, killing over 100 and wounding 750.",https://en.wikipedia.org/wiki/Flour_Massacre
2024-03-05,Tuesday,False,,,1,0,0,neutral,"2024 Portuguese legislative election: Elections are held in Portugal for all 230 seats in the Assembly of the Republic. The Partido Socialista loses its absolute majority to the Partido Social Democrata, winning 77 and 79 seats respectively.",https://en.wikipedia.org/wiki/2024_Portuguese_legislative_election
2024-03-06,Wednesday,False,,,0,0,0,neutral,,
2024-03-07,Thursday,False,,,0,0,0,neutral,,
2024-03-08,Friday,True,Maha Shivaratri,general,0,0,0,neutral,,
2024-03-09,Saturday,False,,,0,0,0,neutral,,
2024-03-10,Sunday,False,,,0,0,0,neutral,,
2024-03-11,Monday,False,,,0,0,0,neutral,,
2024-03-12,Tuesday,False,,,0,0,0,neutral,,
2024-03-13,Wednesday,False,,,0,0,0,neutral,,
2024-03-14,Thursday,False,,,0,0,0,neutral,,
2024-03-15,Friday,False,,,0,0,0,neutral,,
2024-03-16,Saturday,False,,,0,0,0,neutral,,
2024-03-17,Sunday,False,,,0,0,0,neutral,,
2024-03-18,Monday,False,,,0,0,0,neutral,,
2024-03-19,Tuesday,False,,,0,0,0,neutral,,
2024-03-20,Wednesday,False,,,0,0,0,neutral,,
2024-03-21,Thursday,False,,,0,0,0,neutral,,
2024-03-22,Friday,False,,,1,0,1,bad,"At least 145 people are killed and 551 injured in a bombing and mass shooting at the Crocus City Hall in Krasnogorsk, Russia.",https://en.wikipedia.org/wiki/Crocus_City_Hall_attack
2024-03-23,Saturday,False,,,0,0,0,neutral,,
2024-03-24,Sunday,False,,,1,0,0,neutral,The 2024 Senegalese presidential election is held following anti-government protests.,https://en.wikipedia.org/wiki/2024_Senegalese_presidential_election
2024-03-25,Monday,False,,,0,0,0,neutral,,
2024-03-26,Tuesday,False,,,1,0,1,bad,"The Francis Scott Key Bridge collapses following a collision between the MV Dali container ship and one of the bridge's support pillars, killing 6 people.",https://en.wikipedia.org/wiki/Francis_Scott_Key_Bridge_(Baltimore)
2024-03-27,Wednesday,False,,,0,0,0,neutral,,
2024-03-28,Thursday,False,,,0,0,0,neutral,,
2024-03-29,Friday,True,Good Friday,christian,0,0,0,neutral,,
2024-03-30,Saturday,False,,,0,0,0,neutral,,
2024-03-31,Sunday,False,,,0,0,0,neutral,,
2024-04-01,Monday,False,,,0,0,0,neutral,,
2024-04-02,Tuesday,False,,,0,0,0,neutral,,
2024-04-03,Wednesday,False,,,0,0,0,neutral,,
2024-04-04,Thursday,False,,,1,0,1,bad,"Viertola school shooting: A 12-year-old pupil is killed and two others injured by a shooter of the same age in Vantaa, Finland.",https://en.wikipedia.org/wiki/Viertola_school_shooting
2024-04-05,Friday,False,,,0,0,0,neutral,,
2024-04-06,Saturday,False,,,0,0,0,neutral,,
2024-04-07,Sunday,False,,,0,0,0,neutral,,
2024-04-08,Monday,False,,,1,0,0,neutral,"Solar eclipse of April 8, 2024: A total solar eclipse takes place at the Moon's ascending node, visible across North America.",https://en.wikipedia.org/wiki/Solar_eclipse_of_April_8%2C_2024
2024-04-09,Tuesday,False,,,0,0,0,neutral,,
2024-04-10,Wednesday,False,,,0,0,0,neutral,,
2024-04-11,Thursday,True,Id-ul-Fitr,general,0,0,0,neutral,,
2024-04-12,Friday,False,,,0,0,0,neutral,,
2024-04-13,Saturday,False,,,1,0,1,bad,"Six people and the perpetrator are killed and twelve others injured in a mass stabbing at Westfield Bondi Junction shopping centre in Sydney, Australia.",https://en.wikipedia.org/wiki/Bondi_Junction_stabbings
2024-04-14,Sunday,False,,,1,0,1,bad,"Flooding in the Persian Gulf starts, killing 19 in Oman.",https://en.wikipedia.org/wiki/2024_Persian_Gulf_floods
2024-04-15,Monday,False,,,0,0,0,neutral,,
2024-04-16,Tuesday,False,,,1,0,0,neutral,"The historic Børsen in Copenhagen, Denmark, is severely damaged by a fire.",https://en.wikipedia.org/wiki/B%C3%B8rsen
2024-04-17,Wednesday,False,,,0,0,0,neutral,,
2024-04-18,Thursday,False,,,0,0,0,neutral,,
2024-04-19,Friday,False,,,0,0,0,neutral,,
2024-04-20,Saturday,False,,,0,0,0,neutral,,
2024-04-21,Sunday,True,Mahavir Jayanti,general,0,0,0,neutral,,
2024-04-22,Monday,False,,,0,0,0,neutral,,
2024-04-23,Tuesday,False,,,0,0,0,neutral,,
2024-04-24,Wednesday,False,,,0,0,0,neutral,,
2024-04-25,Thursday,False,,,0,0,0,neutral,,
2024-04-26,Friday,False,,,1,0,0,neutral,The 2024 Lumut mid-air collision in Malaysia kills 10 people while rehearsing for the 90th anniversary of the Royal Malaysian Navy.,https://en.wikipedia.org/wiki/2024_Lumut_mid-air_collision
2024-04-27,Saturday,False,,,0,0,0,neutral,,
2024-04-28,Sunday,False,,,0,0,0,neutral,,
2024-04-29,Monday,False,,,0,0,0,neutral,,
2024-04-30,Tuesday,False,,,0,0,0,neutral,,
2024-05-01,Wednesday,False,,,1,0,0,neutral,"The 2024 Loblaw boycott, a Canadian boycott against retail corporation and grocer Loblaw Companies, begins.",https://en.wikipedia.org/wiki/Loblaw_Companies
2024-05-02,Thursday,False,,,0,0,0,neutral,,
2024-05-03,Friday,False,,,0,0,0,neutral,,
2024-05-04,Saturday,False,,,0,0,0,neutral,,
2024-05-05,Sunday,False,,,0,0,0,neutral,,
2024-05-06,Monday,False,,,0,0,0,neutral,,
2024-05-07,Tuesday,False,,,0,0,0,neutral,,
2024-05-08,Wednesday,False,,,0,0,0,neutral,,
2024-05-09,Thursday,False,,,0,0,0,neutral,,
2024-05-10,Friday,False,,,1,0,0,neutral,"Start of the May 2024 Solar Storms, the most powerful set of Geomagnetic storms since the 2003 Halloween solar storms.",https://en.wikipedia.org/wiki/May_2024_solar_storms
2024-05-11,Saturday,False,,,2,1,0,good,"Start/Middle of the May 2024 Solar Storms, the most powerful set of Geomagnetic storms since the 2003 Halloween solar storms. || The 68th edition of the Eurovision Song Contest is held in Malmö, Sweden. Nemo from Switzerland wins with their song ""The Code"", making them the contest's first non-binary winner.",https://en.wikipedia.org/wiki/May_2024_solar_storms || https://en.wikipedia.org/wiki/Eurovision_Song_Contest_2024
2024-05-12,Sunday,False,,,0,0,0,neutral,,
2024-05-13,Monday,False,,,0,0,0,neutral,,
2024-05-14,Tuesday,False,,,0,0,0,neutral,,
2024-05-15,Wednesday,False,,,0,0,0,neutral,,
2024-05-16,Thursday,False,,,0,0,0,neutral,,
2024-05-17,Friday,False,,,0,0,0,neutral,,
2024-05-18,Saturday,False,,,0,0,0,neutral,,
2024-05-19,Sunday,False,,,0,0,0,neutral,,
2024-05-20,Monday,False,,,0,0,0,neutral,,
2024-05-21,Tuesday,False,,,0,0,0,neutral,,
2024-05-22,Wednesday,False,,,0,0,0,neutral,,
2024-05-23,Thursday,True,Buddha Purnima,general,0,0,0,neutral,,
2024-05-24,Friday,False,,,0,0,0,neutral,,
2024-05-25,Saturday,False,,,0,0,0,neutral,,
2024-05-26,Sunday,False,,,0,0,0,neutral,,
2024-05-27,Monday,False,,,0,0,0,neutral,,
2024-05-28,Tuesday,False,,,0,0,0,neutral,,
2024-05-29,Wednesday,False,,,0,0,0,neutral,,
2024-05-30,Thursday,False,,,0,0,0,neutral,,
2024-05-31,Friday,False,,,0,0,0,neutral,,
2024-06-01,Saturday,False,,,0,0,0,neutral,,
2024-06-02,Sunday,False,,,0,0,0,neutral,,
2024-06-03,Monday,False,,,0,0,0,neutral,,
2024-06-04,Tuesday,False,,,0,0,0,neutral,,
2024-06-05,Wednesday,False,,,0,0,0,neutral,,
2024-06-06,Thursday,False,,,0,0,0,neutral,,
2024-06-07,Friday,False,,,0,0,0,neutral,,
2024-06-08,Saturday,False,,,0,0,0,neutral,,
2024-06-09,Sunday,False,,,0,0,0,neutral,,
2024-06-10,Monday,False,,,0,0,0,neutral,,
2024-06-11,Tuesday,False,,,0,0,0,neutral,,
2024-06-12,Wednesday,False,,,0,0,0,neutral,,
2024-06-13,Thursday,False,,,0,0,0,neutral,,
2024-06-14,Friday,False,,,0,0,0,neutral,,
2024-06-15,Saturday,False,,,0,0,0,neutral,,
2024-06-16,Sunday,False,,,0,0,0,neutral,,
2024-06-17,Monday,True,Bakrid,muslim,0,0,0,neutral,,
2024-06-18,Tuesday,False,,,0,0,0,neutral,,
2024-06-19,Wednesday,False,,,0,0,0,neutral,,
2024-06-20,Thursday,False,,,0,0,0,neutral,,
2024-06-21,Friday,False,,,0,0,0,neutral,,
2024-06-22,Saturday,False,,,0,0,0,neutral,,
2024-06-23,Sunday,False,,,0,0,0,neutral,,
2024-06-24,Monday,False,,,0,0,0,neutral,,
2024-06-25,Tuesday,False,,,0,0,0,neutral,,
2024-06-26,Wednesday,False,,,0,0,0,neutral,,
2024-06-27,Thursday,False,,,0,0,0,neutral,,
2024-06-28,Friday,False,,,0,0,0,neutral,,
2024-06-29,Saturday,False,,,0,0,0,neutral,,
2024-06-30,Sunday,False,,,0,0,0,neutral,,
2024-07-01,Monday,False,,,0,0,0,neutral,,
2024-07-02,Tuesday,False,,,0,0,0,neutral,,
2024-07-03,Wednesday,False,,,0,0,0,neutral,,
2024-07-04,Thursday,False,,,0,0,0,neutral,,
2024-07-05,Friday,False,,,0,0,0,neutral,,
2024-07-06,Saturday,False,,,0,0,0,neutral,,
2024-07-07,Sunday,False,,,0,0,0,neutral,,
2024-07-08,Monday,False,,,0,0,0,neutral,,
2024-07-09,Tuesday,False,,,0,0,0,neutral,,
2024-07-10,Wednesday,False,,,0,0,0,neutral,,
2024-07-11,Thursday,False,,,0,0,0,neutral,,
2024-07-12,Friday,False,,,0,0,0,neutral,,
2024-07-13,Saturday,False,,,0,0,0,neutral,,
2024-07-14,Sunday,False,,,0,0,0,neutral,,
2024-07-15,Monday,False,,,0,0,0,neutral,,
2024-07-16,Tuesday,False,,,0,0,0,neutral,,
2024-07-17,Wednesday,True,Muharram,muslim,0,0,0,neutral,,
2024-07-18,Thursday,False,,,0,0,0,neutral,,
2024-07-19,Friday,False,,,0,0,0,neutral,,
2024-07-20,Saturday,False,,,0,0,0,neutral,,
2024-07-21,Sunday,False,,,0,0,0,neutral,,
2024-07-22,Monday,False,,,0,0,0,neutral,,
2024-07-23,Tuesday,False,,,0,0,0,neutral,,
2024-07-24,Wednesday,False,,,0,0,0,neutral,,
2024-07-25,Thursday,False,,,0,0,0,neutral,,
2024-07-26,Friday,False,,,0,0,0,neutral,,
2024-07-27,Saturday,False,,,0,0,0,neutral,,
2024-07-28,Sunday,False,,,0,0,0,neutral,,
2024-07-29,Monday,False,,,0,0,0,neutral,,
2024-07-30,Tuesday,False,,,0,0,0,neutral,,
2024-07-31,Wednesday,False,,,0,0,0,neutral,,
2024-08-01,Thursday,False,,,0,0,0,neutral,,
2024-08-02,Friday,False,,,0,0,0,neutral,,
2024-08-03,Saturday,False,,,0,0,0,neutral,,
2024-08-04,Sunday,False,,,0,0,0,neutral,,
2024-08-05,Monday,False,,,0,0,0,neutral,,
2024-08-06,Tuesday,False,,,0,0,0,neutral,,
2024-08-07,Wednesday,False,,,0,0,0,neutral,,
2024-08-08,Thursday,False,,,0,0,0,neutral,,
2024-08-09,Friday,False,,,0,0,0,neutral,,
2024-08-10,Saturday,False,,,0,0,0,neutral,,
2024-08-11,Sunday,False,,,0,0,0,neutral,,
2024-08-12,Monday,False,,,0,0,0,neutral,,
2024-08-13,Tuesday,False,,,0,0,0,neutral,,
2024-08-14,Wednesday,False,,,0,0,0,neutral,,
2024-08-15,Thursday,True,Independence Day,general,0,0,0,neutral,,
2024-08-16,Friday,False,,,0,0,0,neutral,,
2024-08-17,Saturday,False,,,0,0,0,neutral,,
2024-08-18,Sunday,False,,,0,0,0,neutral,,
2024-08-19,Monday,False,,,0,0,0,neutral,,
2024-08-20,Tuesday,False,,,0,0,0,neutral,,
2024-08-21,Wednesday,False,,,0,0,0,neutral,,
2024-08-22,Thursday,False,,,0,0,0,neutral,,
2024-08-23,Friday,False,,,0,0,0,neutral,,
2024-08-24,Saturday,False,,,0,0,0,neutral,,
2024-08-25,Sunday,False,,,0,0,0,neutral,,
2024-08-26,Monday,True,Janmashtami,hindu,0,0,0,neutral,,
2024-08-27,Tuesday,False,,,0,0,0,neutral,,
2024-08-28,Wednesday,False,,,0,0,0,neutral,,
2024-08-29,Thursday,False,,,0,0,0,neutral,,
2024-08-30,Friday,False,,,0,0,0,neutral,,
2024-08-31,Saturday,False,,,0,0,0,neutral,,
2024-09-01,Sunday,False,,,0,0,0,neutral,,
2024-09-02,Monday,False,,,0,0,0,neutral,,
2024-09-03,Tuesday,False,,,0,0,0,neutral,,
2024-09-04,Wednesday,False,,,0,0,0,neutral,,
2024-09-05,Thursday,False,,,0,0,0,neutral,,
2024-09-06,Friday,False,,,0,0,0,neutral,,
2024-09-07,Saturday,False,,,0,0,0,neutral,,
2024-09-08,Sunday,False,,,0,0,0,neutral,,
2024-09-09,Monday,False,,,0,0,0,neutral,,
2024-09-10,Tuesday,False,,,0,0,0,neutral,,
2024-09-11,Wednesday,False,,,0,0,0,neutral,,
2024-09-12,Thursday,False,,,0,0,0,neutral,,
2024-09-13,Friday,False,,,0,0,0,neutral,,
2024-09-14,Saturday,False,,,0,0,0,neutral,,
2024-09-15,Sunday,False,,,0,0,0,neutral,,
2024-09-16,Monday,True,Milad-un-Nabi,muslim,0,0,0,neutral,,
2024-09-17,Tuesday,False,,,0,0,0,neutral,,
2024-09-18,Wednesday,False,,,0,0,0,neutral,,
2024-09-19,Thursday,False,,,0,0,0,neutral,,
2024-09-20,Friday,False,,,0,0,0,neutral,,
2024-09-21,Saturday,False,,,0,0,0,neutral,,
2024-09-22,Sunday,False,,,0,0,0,neutral,,
2024-09-23,Monday,False,,,0,0,0,neutral,,
2024-09-24,Tuesday,False,,,0,0,0,neutral,,
2024-09-25,Wednesday,False,,,0,0,0,neutral,,
2024-09-26,Thursday,False,,,0,0,0,neutral,,
2024-09-27,Friday,False,,,0,0,0,neutral,,
2024-09-28,Saturday,False,,,0,0,0,neutral,,
2024-09-29,Sunday,False,,,0,0,0,neutral,,
2024-09-30,Monday,False,,,0,0,0,neutral,,
2024-10-01,Tuesday,False,,,0,0,0,neutral,,
2024-10-02,Wednesday,True,Gandhi Jayanti,general,0,0,0,neutral,,
2024-10-03,Thursday,False,,,0,0,0,neutral,,
2024-10-04,Friday,False,,,0,0,0,neutral,,
2024-10-05,Saturday,False,,,0,0,0,neutral,,
2024-10-06,Sunday,False,,,0,0,0,neutral,,
2024-10-07,Monday,False,,,0,0,0,neutral,,
2024-10-08,Tuesday,False,,,0,0,0,neutral,,
2024-10-09,Wednesday,False,,,0,0,0,neutral,,
2024-10-10,Thursday,False,,,0,0,0,neutral,,
2024-10-11,Friday,False,,,0,0,0,neutral,,
2024-10-12,Saturday,True,Dussehra,hindu,0,0,0,neutral,,
2024-10-13,Sunday,False,,,0,0,0,neutral,,
2024-10-14,Monday,False,,,0,0,0,neutral,,
2024-10-15,Tuesday,False,,,0,0,0,neutral,,
2024-10-16,Wednesday,False,,,0,0,0,neutral,,
2024-10-17,Thursday,False,,,0,0,0,neutral,,
2024-10-18,Friday,False,,,0,0,0,neutral,,
2024-10-19,Saturday,False,,,0,0,0,neutral,,
2024-10-20,Sunday,False,,,0,0,0,neutral,,
2024-10-21,Monday,False,,,0,0,0,neutral,,
2024-10-22,Tuesday,False,,,0,0,0,neutral,,
2024-10-23,Wednesday,False,,,0,0,0,neutral,,
2024-10-24,Thursday,False,,,0,0,0,neutral,,
2024-10-25,Friday,False,,,0,0,0,neutral,,
2024-10-26,Saturday,False,,,0,0,0,neutral,,
2024-10-27,Sunday,False,,,0,0,0,neutral,,
2024-10-28,Monday,False,,,0,0,0,neutral,,
2024-10-29,Tuesday,False,,,0,0,0,neutral,,
2024-10-30,Wednesday,False,,,0,0,0,neutral,,
2024-10-31,Thursday,True,Diwali,hindu,0,0,0,neutral,,
2024-11-01,Friday,False,,,0,0,0,neutral,,
2024-11-02,Saturday,False,,,0,0,0,neutral,,
2024-11-03,Sunday,False,,,0,0,0,neutral,,
2024-11-04,Monday,False,,,0,0,0,neutral,,
2024-11-05,Tuesday,False,,,0,0,0,neutral,,
2024-11-06,Wednesday,False,,,0,0,0,neutral,,
2024-11-07,Thursday,False,,,0,0,0,neutral,,
2024-11-08,Friday,False,,,0,0,0,neutral,,
2024-11-09,Saturday,False,,,0,0,0,neutral,,
2024-11-10,Sunday,False,,,0,0,0,neutral,,
2024-11-11,Monday,False,,,0,0,0,neutral,,
2024-11-12,Tuesday,False,,,0,0,0,neutral,,
2024-11-13,Wednesday,False,,,0,0,0,neutral,,
2024-11-14,Thursday,False,,,0,0,0,neutral,,
2024-11-15,Friday,True,Guru Nanak Jayanti,sikh,0,0,0,neutral,,
2024-11-16,Saturday,False,,,0,0,0,neutral,,
2024-11-17,Sunday,False,,,0,0,0,neutral,,
2024-11-18,Monday,False,,,0,0,0,neutral,,
2024-11-19,Tuesday,False,,,0,0,0,neutral,,
2024-11-20,Wednesday,False,,,0,0,0,neutral,,
2024-11-21,Thursday,False,,,0,0,0,neutral,,
2024-11-22,Friday,False,,,0,0,0,neutral,,
2024-11-23,Saturday,False,,,0,0,0,neutral,,
2024-11-24,Sunday,False,,,0,0,0,neutral,,
2024-11-25,Monday,False,,,0,0,0,neutral,,
2024-11-26,Tuesday,False,,,0,0,0,neutral,,
2024-11-27,Wednesday,False,,,0,0,0,neutral,,
2024-11-28,Thursday,False,,,0,0,0,neutral,,
2024-11-29,Friday,False,,,0,0,0,neutral,,
2024-11-30,Saturday,False,,,0,0,0,neutral,,
2024-12-01,Sunday,False,,,0,0,0,neutral,,
2024-12-02,Monday,False,,,0,0,0,neutral,,
2024-12-03,Tuesday,False,,,0,0,0,neutral,,
2024-12-04,Wednesday,False,,,0,0,0,neutral,,
2024-12-05,Thursday,False,,,0,0,0,neutral,,
2024-12-06,Friday,False,,,0,0,0,neutral,,
2024-12-07,Saturday,False,,,0,0,0,neutral,,
2024-12-08,Sunday,False,,,0,0,0,neutral,,
2024-12-09,Monday,False,,,0,0,0,neutral,,
2024-12-10,Tuesday,False,,,0,0,0,neutral,,
2024-12-11,Wednesday,False,,,0,0,0,neutral,,
2024-12-12,Thursday,False,,,0,0,0,neutral,,
2024-12-13,Friday,False,,,0,0,0,neutral,,
2024-12-14,Saturday,False,,,0,0,0,neutral,,
2024-12-15,Sunday,False,,,0,0,0,neutral,,
2024-12-16,Monday,False,,,0,0,0,neutral,,
2024-12-17,Tuesday,False,,,0,0,0,neutral,,
2024-12-18,Wednesday,False,,,0,0,0,neutral,,
2024-12-19,Thursday,False,,,0,0,0,neutral,,
2024-12-20,Friday,False,,,0,0,0,neutral,,
2024-12-21,Saturday,False,,,0,0,0,neutral,,
2024-12-22,Sunday,False,,,0,0,0,neutral,,
2024-12-23,Monday,False,,,0,0,0,neutral,,
2024-12-24,Tuesday,False,,,0,0,0,neutral,,
2024-12-25,Wednesday,True,Christmas,christian,0,0,0,neutral,,
2024-12-26,Thursday,False,,,0,0,0,neutral,,
2024-12-27,Friday,False,,,0,0,0,neutral,,
2024-12-28,Saturday,False,,,0,0,0,neutral,,
2024-12-29,Sunday,False,,,0,0,0,neutral,,
2024-12-30,Monday,False,,,0,0,0,neutral,,
2024-12-31,Tuesday,False,,,0,0,0,neutral,,
2025-01-01,Wednesday,False,,,1,0,1,bad,"14 people are killed and 35 others injured during a vehicle-ramming and shooting attack in New Orleans, Louisiana.",https://en.wikipedia.org/wiki/2025_New_Orleans_truck_attack
2025-01-02,Thursday,False,,,0,0,0,neutral,,
2025-01-03,Friday,False,,,0,0,0,neutral,,
2025-01-04,Saturday,False,,,0,0,0,neutral,,
2025-01-05,Sunday,False,,,1,0,0,neutral,"A series of wildfires ravage the Greater Los Angeles area, resulting in at least 16 deaths and 13,401 structures destroyed.",https://en.wikipedia.org/wiki/January_2025_Southern_California_wildfires
2025-01-06,Monday,False,,,0,0,0,neutral,,
2025-01-07,Tuesday,False,,,1,0,0,neutral,Justin Trudeau announces his resignation as leader of the Liberal Party of Canada and Prime Minister of Canada after nine years in office.,https://en.wikipedia.org/wiki/Justin_Trudeau
2025-01-08,Wednesday,False,,,0,0,0,neutral,,
2025-01-09,Thursday,False,,,0,0,0,neutral,,
2025-01-10,Friday,False,,,0,0,0,neutral,,
2025-01-11,Saturday,False,,,0,0,0,neutral,,
2025-01-12,Sunday,False,,,0,0,0,neutral,,
2025-01-13,Monday,False,,,0,0,0,neutral,,
2025-01-14,Tuesday,False,,,0,0,0,neutral,,
2025-01-15,Wednesday,False,,,0,0,0,neutral,,
2025-01-16,Thursday,False,,,0,0,0,neutral,,
2025-01-17,Friday,False,,,0,0,0,neutral,,
2025-01-18,Saturday,False,,,1,0,0,neutral,"The popular social media app, TikTok, is banned in the United States, after the passing of PAFACA.",https://en.wikipedia.org/wiki/TikTok
2025-01-19,Sunday,False,,,1,0,0,neutral,"Bytedance and sister companies were banned from the United States for ""security concerns"".",https://en.wikipedia.org/wiki/ByteDance
2025-01-20,Monday,False,,,1,1,0,good,Donald Trump is inaugurated as the 47th President of the United States of America. He is currently the oldest person ever inaugurated.,https://en.wikipedia.org/wiki/Donald_Trump
2025-01-21,Tuesday,False,,,1,0,1,bad,"A fire at the Grand Kartal Hotel in the Kartalkaya ski resort in Bolu Province, Turkey, results in 78 people dead and 51 injured.",https://en.wikipedia.org/wiki/2025_Kartalkaya_hotel_fire
2025-01-22,Wednesday,False,,,0,0,0,neutral,,
2025-01-23,Thursday,False,,,0,0,0,neutral,,
2025-01-24,Friday,False,,,0,0,0,neutral,,
2025-01-25,Saturday,False,,,0,0,0,neutral,,
2025-01-26,Sunday,True,Republic Day,general,0,0,0,neutral,,
2025-01-27,Monday,False,,,0,0,0,neutral,,
2025-01-28,Tuesday,False,,,0,0,0,neutral,,
2025-01-29,Wednesday,False,,,2,0,2,bad,"American Eagle Flight 5342 collided mid-air with a Sikorsky UH-60 Black Hawk operated by the United States Army and crashed into the Potomac River, killing all 67 people onboard both aircraft. || A chartered Beechcraft 1900 crashes near the Unity oilfield in South Sudan, killing 20 people.",https://en.wikipedia.org/wiki/American_Eagle_(airline_brand) || https://en.wikipedia.org/wiki/Beechcraft_1900
2025-01-30,Thursday,False,,,0,0,0,neutral,,
2025-01-31,Friday,False,,,1,0,1,bad,"Med Jets Flight 056 crashes near Roosevelt Mall in Philadelphia, Pennsylvania, killing 7 people and injuring 19.",https://en.wikipedia.org/wiki/Med_Jets_Flight_056
2025-02-01,Saturday,False,,,0,0,0,neutral,,
2025-02-02,Sunday,False,,,0,0,0,neutral,,
2025-02-03,Monday,False,,,0,0,0,neutral,,
2025-02-04,Tuesday,False,,,1,0,1,bad,"Ten people are killed in a mass shooting at an adult education centre in Örebro, Sweden.",https://en.wikipedia.org/wiki/%C3%96rebro_school_shooting
2025-02-05,Wednesday,False,,,0,0,0,neutral,,
2025-02-06,Thursday,False,,,0,0,0,neutral,,
2025-02-07,Friday,False,,,0,0,0,neutral,,
2025-02-08,Saturday,False,,,0,0,0,neutral,,
2025-02-09,Sunday,False,,,1,1,0,good,"The Baltic states synchronize their electric power transmission infrastructure with the Continental Europe Synchronous Area (CESA), in objective to disconnect from the Russo-Belarussian agreement to use the IPS/UPS system.",https://en.wikipedia.org/wiki/Baltic_states
2025-02-10,Monday,False,,,0,0,0,neutral,,
2025-02-11,Tuesday,False,,,0,0,0,neutral,,
2025-02-12,Wednesday,False,,,0,0,0,neutral,,
2025-02-13,Thursday,False,,,0,0,0,neutral,,
2025-02-14,Friday,False,,,0,0,0,neutral,,
2025-02-15,Saturday,False,,,0,0,0,neutral,,
2025-02-16,Sunday,False,,,0,0,0,neutral,,
2025-02-17,Monday,False,,,0,0,0,neutral,,
2025-02-18,Tuesday,False,,,0,0,0,neutral,,
2025-02-19,Wednesday,False,,,0,0,0,neutral,,
2025-02-20,Thursday,False,,,0,0,0,neutral,,
2025-02-21,Friday,False,,,0,0,0,neutral,,
2025-02-22,Saturday,False,,,0,0,0,neutral,,
2025-02-23,Sunday,False,,,0,0,0,neutral,,
2025-02-24,Monday,False,,,0,0,0,neutral,,
2025-02-25,Tuesday,False,,,0,0,0,neutral,,
2025-02-26,Wednesday,True,Maha Shivaratri,general,0,0,0,neutral,,
2025-02-27,Thursday,False,,,0,0,0,neutral,,
2025-02-28,Friday,False,,,0,0,0,neutral,,
2025-03-01,Saturday,False,,,0,0,0,neutral,,
2025-03-02,Sunday,False,,,0,0,0,neutral,,
2025-03-03,Monday,False,,,0,0,0,neutral,,
2025-03-04,Tuesday,False,,,0,0,0,neutral,,
2025-03-05,Wednesday,False,,,0,0,0,neutral,,
2025-03-06,Thursday,False,,,0,0,0,neutral,,
2025-03-07,Friday,False,,,0,0,0,neutral,,
2025-03-08,Saturday,False,,,0,0,0,neutral,,
2025-03-09,Sunday,False,,,0,0,0,neutral,,
2025-03-10,Monday,False,,,0,0,0,neutral,,
2025-03-11,Tuesday,False,,,0,0,0,neutral,,
2025-03-12,Wednesday,False,,,0,0,0,neutral,,
2025-03-13,Thursday,False,,,0,0,0,neutral,,
2025-03-14,Friday,False,,,0,0,0,neutral,,
2025-03-15,Saturday,False,,,0,0,0,neutral,,
2025-03-16,Sunday,False,,,1,0,0,neutral,"A fire breaks out in a nightclub in Kočani, North Macedonia, killing at least 59 people and injuring 155 others.",https://en.wikipedia.org/wiki/Ko%C4%8Dani_nightclub_fire
2025-03-17,Monday,False,,,0,0,0,neutral,,
2025-03-18,Tuesday,False,,,1,0,1,bad,"Israel launches widespread aerial bombardments and attacks on the Gaza Strip, killing at least 591 people, including children.",https://en.wikipedia.org/wiki/March_2025_Israeli_attacks_on_the_Gaza_Strip
2025-03-19,Wednesday,False,,,0,0,0,neutral,,
2025-03-20,Thursday,False,,,0,0,0,neutral,,
2025-03-21,Friday,False,,,0,0,0,neutral,,
2025-03-22,Saturday,False,,,0,0,0,neutral,,
2025-03-23,Sunday,False,,,1,0,1,bad,Israel Defense Forces kill 15 aid workers in the Rafah paramedic massacre.,https://en.wikipedia.org/wiki/Israel_Defense_Forces
2025-03-24,Monday,False,,,0,0,0,neutral,,
2025-03-25,Tuesday,False,,,0,0,0,neutral,,
2025-03-26,Wednesday,False,,,0,0,0,neutral,,
2025-03-27,Thursday,False,,,0,0,0,neutral,,
2025-03-28,Friday,False,,,1,0,1,bad,"An earthquake strikes close to Mandalay, Myanmar with a magnitude of 7.7, killing over 100 people.",https://en.wikipedia.org/wiki/2025_Myanmar_earthquake
2025-03-29,Saturday,False,,,0,0,0,neutral,,
2025-03-30,Sunday,False,,,0,0,0,neutral,,
2025-03-31,Monday,True,Id-ul-Fitr,general,0,0,0,neutral,,
2025-04-01,Tuesday,False,,,1,0,0,neutral,"The impeachment of President Yoon Suk Yeol of South Korea in response to his declaration of martial law is unanimously upheld by the country's Constitutional Court, ending his presidency.",https://en.wikipedia.org/wiki/Impeachment_of_Yoon_Suk_Yeol
2025-04-02,Wednesday,False,,,0,0,0,neutral,,
2025-04-03,Thursday,False,,,0,0,0,neutral,,
2025-04-04,Friday,False,,,1,1,0,good,Liberation Day tariffs: U.S. President Donald Trump announces sweeping worldwide tariffs.,https://en.wikipedia.org/wiki/Liberation_Day_tariffs
2025-04-05,Saturday,False,,,0,0,0,neutral,,
2025-04-06,Sunday,False,,,0,0,0,neutral,,
2025-04-07,Monday,False,,,0,0,0,neutral,,
2025-04-08,Tuesday,False,,,0,0,0,neutral,,
2025-04-09,Wednesday,False,,,0,0,0,neutral,,
2025-04-10,Thursday,True,Mahavir Jayanti,general,0,0,0,neutral,,
2025-04-11,Friday,False,,,0,0,0,neutral,,
2025-04-12,Saturday,False,,,0,0,0,neutral,,
2025-04-13,Sunday,False,,,1,0,0,neutral,"Rory McIlroy wins the Masters Tournament, becoming just the sixth person to complete the Grand Slam in golf.",https://en.wikipedia.org/wiki/Rory_McIlroy
2025-04-14,Monday,False,,,0,0,0,neutral,,
2025-04-15,Tuesday,False,,,0,0,0,neutral,,
2025-04-16,Wednesday,False,,,0,0,0,neutral,,
2025-04-17,Thursday,False,,,0,0,0,neutral,,
2025-04-18,Friday,True,Good Friday,christian,1,0,1,bad,"A mass stabbing at a school in Nantes, France, leaves 1 person dead and 3 others wounded.",https://en.wikipedia.org/wiki/2025_Nantes_school_stabbing
2025-04-19,Saturday,False,,,0,0,0,neutral,,
2025-04-20,Sunday,False,,,0,0,0,neutral,,
2025-04-21,Monday,False,,,0,0,0,neutral,,
2025-04-22,Tuesday,False,,,1,0,1,bad,"At least 26 people are killed in a terrorist attack on a group of tourists in Pahalgam, Jammu and Kashmir. The Resistance Front (TRF), an offshoot of the Pakistan-based militant group Lashkar-e-Taiba claimed responsibility for the attack.",https://en.wikipedia.org/wiki/2025_Pahalgam_attack
2025-04-23,Wednesday,False,,,0,0,0,neutral,,
2025-04-24,Thursday,False,,,1,0,1,bad,"A car ramming attack at a Lapu-Lapu Day festival kills 11 people and injures at least 30 in Vancouver, Canada.",https://en.wikipedia.org/wiki/2025_Vancouver_car_attack
2025-04-25,Friday,False,,,0,0,0,neutral,,
2025-04-26,Saturday,False,,,0,0,0,neutral,,
2025-04-27,Sunday,False,,,0,0,0,neutral,,
2025-04-28,Monday,False,,,0,0,0,neutral,,
2025-04-29,Tuesday,False,,,0,0,0,neutral,,
2025-04-30,Wednesday,False,,,0,0,0,neutral,,
2025-05-01,Thursday,False,,,0,0,0,neutral,,
2025-05-02,Friday,False,,,0,0,0,neutral,,
2025-05-03,Saturday,False,,,0,0,0,neutral,,
2025-05-04,Sunday,False,,,0,0,0,neutral,,
2025-05-05,Monday,False,,,0,0,0,neutral,,
2025-05-06,Tuesday,False,,,0,0,0,neutral,,
2025-05-07,Wednesday,False,,,1,0,1,bad,The Indian Army and the Indian Air Force conduct surgical strikes code-named Operation SINDOOR on terrorist hideouts in Pakistan in response to the Pahalgam Attack that killed 26 people.,https://en.wikipedia.org/wiki/Indian_Army
2025-05-08,Thursday,False,,,1,0,0,neutral,"The 2025 papal conclave elects Cardinal Robert Francis Prevost, taking the name Leo XIV as the 267th Pope of the Catholic Church.",https://en.wikipedia.org/wiki/2025_conclave
2025-05-09,Friday,False,,,0,0,0,neutral,,
2025-05-10,Saturday,False,,,0,0,0,neutral,,
2025-05-11,Sunday,False,,,0,0,0,neutral,,
2025-05-12,Monday,True,Buddha Purnima,general,0,0,0,neutral,,
2025-05-13,Tuesday,False,,,0,0,0,neutral,,
2025-05-14,Wednesday,False,,,0,0,0,neutral,,
2025-05-15,Thursday,False,,,0,0,0,neutral,,
2025-05-16,Friday,False,,,0,0,0,neutral,,
2025-05-17,Saturday,False,,,0,0,0,neutral,,
2025-05-18,Sunday,False,,,0,0,0,neutral,,
2025-05-19,Monday,False,,,0,0,0,neutral,,
2025-05-20,Tuesday,False,,,0,0,0,neutral,,
2025-05-21,Wednesday,False,,,0,0,0,neutral,,
2025-05-22,Thursday,False,,,0,0,0,neutral,,
2025-05-23,Friday,False,,,0,0,0,neutral,,
2025-05-24,Saturday,False,,,0,0,0,neutral,,
2025-05-25,Sunday,False,,,0,0,0,neutral,,
2025-05-26,Monday,False,,,0,0,0,neutral,,
2025-05-27,Tuesday,False,,,0,0,0,neutral,,
2025-05-28,Wednesday,False,,,0,0,0,neutral,,
2025-05-29,Thursday,False,,,0,0,0,neutral,,
2025-05-30,Friday,False,,,0,0,0,neutral,,
2025-05-31,Saturday,False,,,0,0,0,neutral,,
2025-06-01,Sunday,False,,,0,0,0,neutral,,
2025-06-02,Monday,False,,,0,0,0,neutral,,
2025-06-03,Tuesday,False,,,0,0,0,neutral,,
2025-06-04,Wednesday,False,,,0,0,0,neutral,,
2025-06-05,Thursday,False,,,0,0,0,neutral,,
2025-06-06,Friday,False,,,0,0,0,neutral,,
2025-06-07,Saturday,True,Bakrid,muslim,0,0,0,neutral,,
2025-06-08,Sunday,False,,,0,0,0,neutral,,
2025-06-09,Monday,False,,,0,0,0,neutral,,
2025-06-10,Tuesday,False,,,0,0,0,neutral,,
2025-06-11,Wednesday,False,,,0,0,0,neutral,,
2025-06-12,Thursday,False,,,0,0,0,neutral,,
2025-06-13,Friday,False,,,0,0,0,neutral,,
2025-06-14,Saturday,False,,,0,0,0,neutral,,
2025-06-15,Sunday,False,,,0,0,0,neutral,,
2025-06-16,Monday,False,,,0,0,0,neutral,,
2025-06-17,Tuesday,False,,,0,0,0,neutral,,
2025-06-18,Wednesday,False,,,0,0,0,neutral,,
2025-06-19,Thursday,False,,,0,0,0,neutral,,
2025-06-20,Friday,False,,,0,0,0,neutral,,
2025-06-21,Saturday,False,,,0,0,0,neutral,,
2025-06-22,Sunday,False,,,0,0,0,neutral,,
2025-06-23,Monday,False,,,0,0,0,neutral,,
2025-06-24,Tuesday,False,,,0,0,0,neutral,,
2025-06-25,Wednesday,False,,,0,0,0,neutral,,
2025-06-26,Thursday,False,,,0,0,0,neutral,,
2025-06-27,Friday,False,,,0,0,0,neutral,,
2025-06-28,Saturday,False,,,0,0,0,neutral,,
2025-06-29,Sunday,False,,,0,0,0,neutral,,
2025-06-30,Monday,False,,,0,0,0,neutral,,
2025-07-01,Tuesday,False,,,0,0,0,neutral,,
2025-07-02,Wednesday,False,,,0,0,0,neutral,,
2025-07-03,Thursday,False,,,0,0,0,neutral,,
2025-07-04,Friday,False,,,0,0,0,neutral,,
2025-07-05,Saturday,False,,,0,0,0,neutral,,
2025-07-06,Sunday,True,Muharram,muslim,0,0,0,neutral,,
2025-07-07,Monday,False,,,0,0,0,neutral,,
2025-07-08,Tuesday,False,,,0,0,0,neutral,,
2025-07-09,Wednesday,False,,,0,0,0,neutral,,
2025-07-10,Thursday,False,,,0,0,0,neutral,,
2025-07-11,Friday,False,,,0,0,0,neutral,,
2025-07-12,Saturday,False,,,0,0,0,neutral,,
2025-07-13,Sunday,False,,,0,0,0,neutral,,
2025-07-14,Monday,False,,,0,0,0,neutral,,
2025-07-15,Tuesday,False,,,0,0,0,neutral,,
2025-07-16,Wednesday,False,,,0,0,0,neutral,,
2025-07-17,Thursday,False,,,0,0,0,neutral,,
2025-07-18,Friday,False,,,0,0,0,neutral,,
2025-07-19,Saturday,False,,,0,0,0,neutral,,
2025-07-20,Sunday,False,,,0,0,0,neutral,,
2025-07-21,Monday,False,,,0,0,0,neutral,,
2025-07-22,Tuesday,False,,,0,0,0,neutral,,
2025-07-23,Wednesday,False,,,0,0,0,neutral,,
2025-07-24,Thursday,False,,,0,0,0,neutral,,
2025-07-25,Friday,False,,,0,0,0,neutral,,
2025-07-26,Saturday,False,,,0,0,0,neutral,,
2025-07-27,Sunday,False,,,0,0,0,neutral,,
2025-07-28,Monday,False,,,0,0,0,neutral,,
2025-07-29,Tuesday,False,,,0,0,0,neutral,,
2025-07-30,Wednesday,False,,,0,0,0,neutral,,
2025-07-31,Thursday,False,,,0,0,0,neutral,,
2025-08-01,Friday,False,,,0,0,0,neutral,,
2025-08-02,Saturday,False,,,0,0,0,neutral,,
2025-08-03,Sunday,False,,,0,0,0,neutral,,
2025-08-04,Monday,False,,,0,0,0,neutral,,
2025-08-05,Tuesday,False,,,0,0,0,neutral,,
2025-08-06,Wednesday,False,,,0,0,0,neutral,,
2025-08-07,Thursday,False,,,0,0,0,neutral,,
2025-08-08,Friday,False,,,0,0,0,neutral,,
2025-08-09,Saturday,False,,,0,0,0,neutral,,
2025-08-10,Sunday,False,,,0,0,0,neutral,,
2025-08-11,Monday,False,,,0,0,0,neutral,,
2025-08-12,Tuesday,False,,,0,0,0,neutral,,
2025-08-13,Wednesday,False,,,0,0,0,neutral,,
2025-08-14,Thursday,False,,,0,0,0,neutral,,
2025-08-15,Friday,True,Independence Day,general,0,0,0,neutral,,
2025-08-16,Saturday,True,Janmashtami,hindu,0,0,0,neutral,,
2025-08-17,Sunday,False,,,0,0,0,neutral,,
2025-08-18,Monday,False,,,0,0,0,neutral,,
2025-08-19,Tuesday,False,,,0,0,0,neutral,,
2025-08-20,Wednesday,False,,,0,0,0,neutral,,
2025-08-21,Thursday,False,,,0,0,0,neutral,,
2025-08-22,Friday,False,,,0,0,0,neutral,,
2025-08-23,Saturday,False,,,0,0,0,neutral,,
2025-08-24,Sunday,False,,,0,0,0,neutral,,
2025-08-25,Monday,False,,,0,0,0,neutral,,
2025-08-26,Tuesday,False,,,0,0,0,neutral,,
2025-08-27,Wednesday,False,,,0,0,0,neutral,,
2025-08-28,Thursday,False,,,0,0,0,neutral,,
2025-08-29,Friday,False,,,0,0,0,neutral,,
2025-08-30,Saturday,False,,,0,0,0,neutral,,
2025-08-31,Sunday,False,,,0,0,0,neutral,,
2025-09-01,Monday,False,,,0,0,0,neutral,,
2025-09-02,Tuesday,False,,,0,0,0,neutral,,
2025-09-03,Wednesday,False,,,0,0,0,neutral,,
2025-09-04,Thursday,False,,,0,0,0,neutral,,
2025-09-05,Friday,True,Milad-un-Nabi,muslim,0,0,0,neutral,,
2025-09-06,Saturday,False,,,0,0,0,neutral,,
2025-09-07,Sunday,False,,,0,0,0,neutral,,
2025-09-08,Monday,False,,,0,0,0,neutral,,
2025-09-09,Tuesday,False,,,0,0,0,neutral,,
2025-09-10,Wednesday,False,,,0,0,0,neutral,,
2025-09-11,Thursday,False,,,0,0,0,neutral,,
2025-09-12,Friday,False,,,0,0,0,neutral,,
2025-09-13,Saturday,False,,,0,0,0,neutral,,
2025-09-14,Sunday,False,,,0,0,0,neutral,,
2025-09-15,Monday,False,,,0,0,0,neutral,,
2025-09-16,Tuesday,False,,,0,0,0,neutral,,
2025-09-17,Wednesday,False,,,0,0,0,neutral,,
2025-09-18,Thursday,False,,,0,0,0,neutral,,
2025-09-19,Friday,False,,,0,0,0,neutral,,
2025-09-20,Saturday,False,,,0,0,0,neutral,,
2025-09-21,Sunday,False,,,0,0,0,neutral,,
2025-09-22,Monday,False,,,0,0,0,neutral,,
2025-09-23,Tuesday,False,,,0,0,0,neutral,,
2025-09-24,Wednesday,False,,,0,0,0,neutral,,
2025-09-25,Thursday,False,,,0,0,0,neutral,,
2025-09-26,Friday,False,,,0,0,0,neutral,,
2025-09-27,Saturday,False,,,0,0,0,neutral,,
2025-09-28,Sunday,False,,,0,0,0,neutral,,
2025-09-29,Monday,False,,,0,0,0,neutral,,
2025-09-30,Tuesday,False,,,0,0,0,neutral,,
2025-10-01,Wednesday,False,,,0,0,0,neutral,,
2025-10-02,Thursday,True,Dussehra; Gandhi Jayanti,hindu,0,0,0,neutral,,
2025-10-03,Friday,False,,,0,0,0,neutral,,
2025-10-04,Saturday,False,,,0,0,0,neutral,,
2025-10-05,Sunday,False,,,0,0,0,neutral,,
2025-10-06,Monday,False,,,0,0,0,neutral,,
2025-10-07,Tuesday,False,,,0,0,0,neutral,,
2025-10-08,Wednesday,False,,,0,0,0,neutral,,
2025-10-09,Thursday,False,,,0,0,0,neutral,,
2025-10-10,Friday,False,,,0,0,0,neutral,,
2025-10-11,Saturday,False,,,0,0,0,neutral,,
2025-10-12,Sunday,False,,,0,0,0,neutral,,
2025-10-13,Monday,False,,,0,0,0,neutral,,
2025-10-14,Tuesday,False,,,0,0,0,neutral,,
2025-10-15,Wednesday,False,,,0,0,0,neutral,,
2025-10-16,Thursday,False,,,0,0,0,neutral,,
2025-10-17,Friday,False,,,0,0,0,neutral,,
2025-10-18,Saturday,False,,,0,0,0,neutral,,
2025-10-19,Sunday,False,,,0,0,0,neutral,,
2025-10-20,Monday,True,Diwali,hindu,0,0,0,neutral,,
2025-10-21,Tuesday,False,,,0,0,0,neutral,,
2025-10-22,Wednesday,False,,,0,0,0,neutral,,
2025-10-23,Thursday,False,,,0,0,0,neutral,,
2025-10-24,Friday,False,,,0,0,0,neutral,,
2025-10-25,Saturday,False,,,0,0,0,neutral,,
2025-10-26,Sunday,False,,,0,0,0,neutral,,
2025-10-27,Monday,False,,,0,0,0,neutral,,
2025-10-28,Tuesday,False,,,0,0,0,neutral,,
2025-10-29,Wednesday,False,,,0,0,0,neutral,,
2025-10-30,Thursday,False,,,0,0,0,neutral,,
2025-10-31,Friday,False,,,0,0,0,neutral,,
2025-11-01,Saturday,False,,,0,0,0,neutral,,
2025-11-02,Sunday,False,,,0,0,0,neutral,,
2025-11-03,Monday,False,,,0,0,0,neutral,,
2025-11-04,Tuesday,False,,,0,0,0,neutral,,
2025-11-05,Wednesday,True,Guru Nanak Jayanti,sikh,0,0,0,neutral,,
2025-11-06,Thursday,False,,,0,0,0,neutral,,
2025-11-07,Friday,False,,,0,0,0,neutral,,
2025-11-08,Saturday,False,,,0,0,0,neutral,,
2025-11-09,Sunday,False,,,0,0,0,neutral,,
2025-11-10,Monday,False,,,0,0,0,neutral,,
2025-11-11,Tuesday,False,,,0,0,0,neutral,,
2025-11-12,Wednesday,False,,,0,0,0,neutral,,
2025-11-13,Thursday,False,,,0,0,0,neutral,,
2025-11-14,Friday,False,,,0,0,0,neutral,,
2025-11-15,Saturday,False,,,0,0,0,neutral,,
2025-11-16,Sunday,False,,,0,0,0,neutral,,
2025-11-17,Monday,False,,,0,0,0,neutral,,
2025-11-18,Tuesday,False,,,0,0,0,neutral,,
2025-11-19,Wednesday,False,,,0,0,0,neutral,,
2025-11-20,Thursday,False,,,0,0,0,neutral,,
2025-11-21,Friday,False,,,0,0,0,neutral,,
2025-11-22,Saturday,False,,,0,0,0,neutral,,
2025-11-23,Sunday,False,,,0,0,0,neutral,,
2025-11-24,Monday,False,,,0,0,0,neutral,,
2025-11-25,Tuesday,False,,,0,0,0,neutral,,
2025-11-26,Wednesday,False,,,0,0,0,neutral,,
2025-11-27,Thursday,False,,,0,0,0,neutral,,
2025-11-28,Friday,False,,,0,0,0,neutral,,
2025-11-29,Saturday,False,,,0,0,0,neutral,,
2025-11-30,Sunday,False,,,0,0,0,neutral,,
2025-12-01,Monday,False,,,0,0,0,neutral,,
2025-12-02,Tuesday,False,,,0,0,0,neutral,,
2025-12-03,Wednesday,False,,,0,0,0,neutral,,
2025-12-04,Thursday,False,,,0,0,0,neutral,,
2025-12-05,Friday,False,,,0,0,0,neutral,,
2025-12-06,Saturday,False,,,0,0,0,neutral,,
2025-12-07,Sunday,False,,,0,0,0,neutral,,
2025-12-08,Monday,False,,,0,0,0,neutral,,
2025-12-09,Tuesday,False,,,0,0,0,neutral,,
2025-12-10,Wednesday,False,,,0,0,0,neutral,,
2025-12-11,Thursday,False,,,0,0,0,neutral,,
2025-12-12,Friday,False,,,0,0,0,neutral,,
2025-12-13,Saturday,False,,,0,0,0,neutral,,
2025-12-14,Sunday,False,,,0,0,0,neutral,,
2025-12-15,Monday,False,,,0,0,0,neutral,,
2025-12-16,Tuesday,False,,,0,0,0,neutral,,
2025-12-17,Wednesday,False,,,0,0,0,neutral,,
2025-12-18,Thursday,False,,,0,0,0,neutral,,
2025-12-19,Friday,False,,,0,0,0,neutral,,
2025-12-20,Saturday,False,,,0,0,0,neutral,,
2025-12-21,Sunday,False,,,0,0,0,neutral,,
2025-12-22,Monday,False,,,0,0,0,neutral,,
2025-12-23,Tuesday,False,,,0,0,0,neutral,,
2025-12-24,Wednesday,False,,,0,0,0,neutral,,
2025-12-25,Thursday,True,Christmas,christian,0,0,0,neutral,,
2025-12-26,Friday,False,,,0,0,0,neutral,,
2025-12-27,Saturday,False,,,0,0,0,neutral,,
2025-12-28,Sunday,False,,,0,0,0,neutral,,
2025-12-29,Monday,False,,,0,0,0,neutral,,
2025-12-30,Tuesday,False,,,0,0,0,neutral,,
2025-12-31,Wednesday,False,,,0,0,0,neutral,,
2026-01-01,Thursday,False,,,0,0,0,neutral,,
2026-01-02,Friday,False,,,0,0,0,neutral,,
2026-01-03,Saturday,False,,,0,0,0,neutral,,
2026-01-04,Sunday,False,,,0,0,0,neutral,,
2026-01-05,Monday,False,,,0,0,0,neutral,,
2026-01-06,Tuesday,False,,,0,0,0,neutral,,
2026-01-07,Wednesday,False,,,0,0,0,neutral,,
2026-01-08,Thursday,False,,,0,0,0,neutral,,
2026-01-09,Friday,False,,,0,0,0,neutral,,
2026-01-10,Saturday,False,,,0,0,0,neutral,,
2026-01-11,Sunday,False,,,0,0,0,neutral,,
2026-01-12,Monday,False,,,0,0,0,neutral,,
2026-01-13,Tuesday,False,,,0,0,0,neutral,,
2026-01-14,Wednesday,False,,,0,0,0,neutral,,
2026-01-15,Thursday,False,,,0,0,0,neutral,,
2026-01-16,Friday,False,,,0,0,0,neutral,,
2026-01-17,Saturday,False,,,0,0,0,neutral,,
2026-01-18,Sunday,False,,,0,0,0,neutral,,
2026-01-19,Monday,False,,,0,0,0,neutral,,
2026-01-20,Tuesday,False,,,0,0,0,neutral,,
2026-01-21,Wednesday,False,,,0,0,0,neutral,,
2026-01-22,Thursday,False,,,0,0,0,neutral,,
2026-01-23,Friday,False,,,0,0,0,neutral,,
2026-01-24,Saturday,False,,,0,0,0,neutral,,
2026-01-25,Sunday,False,,,0,0,0,neutral,,
2026-01-26,Monday,True,Republic Day,general,0,0,0,neutral,,
2026-01-27,Tuesday,False,,,0,0,0,neutral,,
2026-01-28,Wednesday,False,,,0,0,0,neutral,,
2026-01-29,Thursday,False,,,0,0,0,neutral,,
2026-01-30,Friday,False,,,0,0,0,neutral,,
2026-01-31,Saturday,False,,,0,0,0,neutral,,
2026-02-01,Sunday,False,,,0,0,0,neutral,,
2026-02-02,Monday,False,,,0,0,0,neutral,,
2026-02-03,Tuesday,False,,,0,0,0,neutral,,
2026-02-04,Wednesday,False,,,0,0,0,neutral,,
2026-02-05,Thursday,False,,,0,0,0,neutral,,
2026-02-06,Friday,False,,,0,0,0,neutral,,
2026-02-07,Saturday,False,,,0,0,0,neutral,,
2026-02-08,Sunday,False,,,0,0,0,neutral,,
2026-02-09,Monday,False,,,0,0,0,neutral,,
2026-02-10,Tuesday,False,,,0,0,0,neutral,,
2026-02-11,Wednesday,False,,,0,0,0,neutral,,
2026-02-12,Thursday,False,,,0,0,0,neutral,,
2026-02-13,Friday,False,,,0,0,0,neutral,,
2026-02-14,Saturday,False,,,0,0,0,neutral,,
2026-02-15,Sunday,True,Maha Shivaratri,general,0,0,0,neutral,,
2026-02-16,Monday,False,,,0,0,0,neutral,,
2026-02-17,Tuesday,False,,,0,0,0,neutral,,
2026-02-18,Wednesday,False,,,0,0,0,neutral,,
2026-02-19,Thursday,False,,,0,0,0,neutral,,
2026-02-20,Friday,False,,,0,0,0,neutral,,
2026-02-21,Saturday,False,,,0,0,0,neutral,,
2026-02-22,Sunday,False,,,0,0,0,neutral,,
2026-02-23,Monday,False,,,0,0,0,neutral,,
2026-02-24,Tuesday,False,,,0,0,0,neutral,,
2026-02-25,Wednesday,False,,,0,0,0,neutral,,
2026-02-26,Thursday,False,,,0,0,0,neutral,,
2026-02-27,Friday,False,,,0,0,0,neutral,,
2026-02-28,Saturday,False,,,0,0,0,neutral,,
2026-03-01,Sunday,False,,,0,0,0,neutral,,
2026-03-02,Monday,False,,,0,0,0,neutral,,
2026-03-03,Tuesday,False,,,0,0,0,neutral,,
2026-03-04,Wednesday,False,,,0,0,0,neutral,,
2026-03-05,Thursday,False,,,0,0,0,neutral,,
2026-03-06,Friday,False,,,0,0,0,neutral,,
2026-03-07,Saturday,False,,,0,0,0,neutral,,
2026-03-08,Sunday,False,,,0,0,0,neutral,,
2026-03-09,Monday,False,,,0,0,0,neutral,,
2026-03-10,Tuesday,False,,,0,0,0,neutral,,
2026-03-11,Wednesday,False,,,0,0,0,neutral,,
2026-03-12,Thursday,False,,,0,0,0,neutral,,
2026-03-13,Friday,False,,,0,0,0,neutral,,
2026-03-14,Saturday,False,,,0,0,0,neutral,,
2026-03-15,Sunday,False,,,0,0,0,neutral,,
2026-03-16,Monday,False,,,0,0,0,neutral,,
2026-03-17,Tuesday,False,,,0,0,0,neutral,,
2026-03-18,Wednesday,False,,,0,0,0,neutral,,
2026-03-19,Thursday,False,,,0,0,0,neutral,,
2026-03-20,Friday,False,,,0,0,0,neutral,,
2026-03-21,Saturday,True,Id-ul-Fitr (estimated),general,0,0,0,neutral,,
2026-03-22,Sunday,False,,,0,0,0,neutral,,
2026-03-23,Monday,False,,,0,0,0,neutral,,
2026-03-24,Tuesday,False,,,0,0,0,neutral,,
2026-03-25,Wednesday,False,,,0,0,0,neutral,,
2026-03-26,Thursday,False,,,0,0,0,neutral,,
2026-03-27,Friday,False,,,0,0,0,neutral,,
2026-03-28,Saturday,False,,,0,0,0,neutral,,
2026-03-29,Sunday,False,,,0,0,0,neutral,,
2026-03-30,Monday,False,,,0,0,0,neutral,,
2026-03-31,Tuesday,True,Mahavir Jayanti,general,0,0,0,neutral,,
2026-04-01,Wednesday,False,,,0,0,0,neutral,,
2026-04-02,Thursday,False,,,0,0,0,neutral,,
2026-04-03,Friday,True,Good Friday,christian,0,0,0,neutral,,
2026-04-04,Saturday,False,,,0,0,0,neutral,,
2026-04-05,Sunday,False,,,0,0,0,neutral,,
2026-04-06,Monday,False,,,0,0,0,neutral,,
2026-04-07,Tuesday,False,,,0,0,0,neutral,,
2026-04-08,Wednesday,False,,,0,0,0,neutral,,
2026-04-09,Thursday,False,,,0,0,0,neutral,,
2026-04-10,Friday,False,,,0,0,0,neutral,,
2026-04-11,Saturday,False,,,0,0,0,neutral,,
2026-04-12,Sunday,False,,,0,0,0,neutral,,
2026-04-13,Monday,False,,,0,0,0,neutral,,
2026-04-14,Tuesday,False,,,0,0,0,neutral,,
2026-04-15,Wednesday,False,,,0,0,0,neutral,,
2026-04-16,Thursday,False,,,0,0,0,neutral,,
2026-04-17,Friday,False,,,0,0,0,neutral,,
2026-04-18,Saturday,False,,,0,0,0,neutral,,
2026-04-19,Sunday,False,,,0,0,0,neutral,,
2026-04-20,Monday,False,,,0,0,0,neutral,,
2026-04-21,Tuesday,False,,,0,0,0,neutral,,
2026-04-22,Wednesday,False,,,0,0,0,neutral,,
2026-04-23,Thursday,False,,,0,0,0,neutral,,
2026-04-24,Friday,False,,,0,0,0,neutral,,
2026-04-25,Saturday,False,,,0,0,0,neutral,,
2026-04-26,Sunday,False,,,0,0,0,neutral,,
2026-04-27,Monday,False,,,0,0,0,neutral,,
2026-04-28,Tuesday,False,,,0,0,0,neutral,,
2026-04-29,Wednesday,False,,,0,0,0,neutral,,
2026-04-30,Thursday,False,,,0,0,0,neutral,,
2026-05-01,Friday,True,Buddha Purnima,general,0,0,0,neutral,,
2026-05-02,Saturday,False,,,0,0,0,neutral,,
2026-05-03,Sunday,False,,,0,0,0,neutral,,
2026-05-04,Monday,False,,,0,0,0,neutral,,
2026-05-05,Tuesday,False,,,0,0,0,neutral,,
2026-05-06,Wednesday,False,,,0,0,0,neutral,,
2026-05-07,Thursday,False,,,0,0,0,neutral,,
2026-05-08,Friday,False,,,0,0,0,neutral,,
2026-05-09,Saturday,False,,,0,0,0,neutral,,
2026-05-10,Sunday,False,,,0,0,0,neutral,,
2026-05-11,Monday,False,,,0,0,0,neutral,,
2026-05-12,Tuesday,False,,,0,0,0,neutral,,
2026-05-13,Wednesday,False,,,0,0,0,neutral,,
2026-05-14,Thursday,False,,,0,0,0,neutral,,
2026-05-15,Friday,False,,,0,0,0,neutral,,
2026-05-16,Saturday,False,,,0,0,0,neutral,,
2026-05-17,Sunday,False,,,0,0,0,neutral,,
2026-05-18,Monday,False,,,0,0,0,neutral,,
2026-05-19,Tuesday,False,,,0,0,0,neutral,,
2026-05-20,Wednesday,False,,,0,0,0,neutral,,
2026-05-21,Thursday,False,,,0,0,0,neutral,,
2026-05-22,Friday,False,,,0,0,0,neutral,,
2026-05-23,Saturday,False,,,0,0,0,neutral,,
2026-05-24,Sunday,False,,,0,0,0,neutral,,
2026-05-25,Monday,False,,,0,0,0,neutral,,
2026-05-26,Tuesday,False,,,0,0,0,neutral,,
2026-05-27,Wednesday,False,,,0,0,0,neutral,,
2026-05-28,Thursday,True,Bakrid (estimated),muslim,0,0,0,neutral,,
2026-05-29,Friday,False,,,0,0,0,neutral,,
2026-05-30,Saturday,False,,,0,0,0,neutral,,
2026-05-31,Sunday,False,,,0,0,0,neutral,,
2026-06-01,Monday,False,,,0,0,0,neutral,,
2026-06-02,Tuesday,False,,,0,0,0,neutral,,
2026-06-03,Wednesday,False,,,0,0,0,neutral,,
2026-06-04,Thursday,False,,,0,0,0,neutral,,
2026-06-05,Friday,False,,,0,0,0,neutral,,
2026-06-06,Saturday,False,,,0,0,0,neutral,,
2026-06-07,Sunday,False,,,0,0,0,neutral,,
2026-06-08,Monday,False,,,0,0,0,neutral,,
2026-06-09,Tuesday,False,,,0,0,0,neutral,,
2026-06-10,Wednesday,False,,,0,0,0,neutral,,
2026-06-11,Thursday,False,,,0,0,0,neutral,,
2026-06-12,Friday,False,,,0,0,0,neutral,,
2026-06-13,Saturday,False,,,0,0,0,neutral,,
2026-06-14,Sunday,False,,,0,0,0,neutral,,
2026-06-15,Monday,False,,,0,0,0,neutral,,
2026-06-16,Tuesday,False,,,0,0,0,neutral,,
2026-06-17,Wednesday,False,,,0,0,0,neutral,,
2026-06-18,Thursday,False,,,0,0,0,neutral,,
2026-06-19,Friday,False,,,0,0,0,neutral,,
2026-06-20,Saturday,False,,,0,0,0,neutral,,
2026-06-21,Sunday,False,,,0,0,0,neutral,,
2026-06-22,Monday,False,,,0,0,0,neutral,,
2026-06-23,Tuesday,False,,,0,0,0,neutral,,
2026-06-24,Wednesday,False,,,0,0,0,neutral,,
2026-06-25,Thursday,False,,,0,0,0,neutral,,
2026-06-26,Friday,True,Muharram (estimated),muslim,0,0,0,neutral,,
2026-06-27,Saturday,False,,,0,0,0,neutral,,
2026-06-28,Sunday,False,,,0,0,0,neutral,,
2026-06-29,Monday,False,,,0,0,0,neutral,,
2026-06-30,Tuesday,False,,,0,0,0,neutral,,
2026-07-01,Wednesday,False,,,0,0,0,neutral,,
2026-07-02,Thursday,False,,,0,0,0,neutral,,
2026-07-03,Friday,False,,,0,0,0,neutral,,
2026-07-04,Saturday,False,,,0,0,0,neutral,,
2026-07-05,Sunday,False,,,0,0,0,neutral,,
2026-07-06,Monday,False,,,0,0,0,neutral,,
2026-07-07,Tuesday,False,,,0,0,0,neutral,,
2026-07-08,Wednesday,False,,,0,0,0,neutral,,
2026-07-09,Thursday,False,,,0,0,0,neutral,,
2026-07-10,Friday,False,,,0,0,0,neutral,,
2026-07-11,Saturday,False,,,0,0,0,neutral,,
2026-07-12,Sunday,False,,,0,0,0,neutral,,
2026-07-13,Monday,False,,,0,0,0,neutral,,
2026-07-14,Tuesday,False,,,0,0,0,neutral,,
2026-07-15,Wednesday,False,,,0,0,0,neutral,,
2026-07-16,Thursday,False,,,0,0,0,neutral,,
2026-07-17,Friday,False,,,0,0,0,neutral,,
2026-07-18,Saturday,False,,,0,0,0,neutral,,
2026-07-19,Sunday,False,,,0,0,0,neutral,,
2026-07-20,Monday,False,,,0,0,0,neutral,,
2026-07-21,Tuesday,False,,,0,0,0,neutral,,
2026-07-22,Wednesday,False,,,0,0,0,neutral,,
2026-07-23,Thursday,False,,,0,0,0,neutral,,
2026-07-24,Friday,False,,,0,0,0,neutral,,
2026-07-25,Saturday,False,,,0,0,0,neutral,,
2026-07-26,Sunday,False,,,0,0,0,neutral,,
2026-07-27,Monday,False,,,0,0,0,neutral,,
2026-07-28,Tuesday,False,,,0,0,0,neutral,,
2026-07-29,Wednesday,False,,,0,0,0,neutral,,
2026-07-30,Thursday,False,,,0,0,0,neutral,,
2026-07-31,Friday,False,,,0,0,0,neutral,,
2026-08-01,Saturday,False,,,0,0,0,neutral,,
2026-08-02,Sunday,False,,,0,0,0,neutral,,
2026-08-03,Monday,False,,,0,0,0,neutral,,
2026-08-04,Tuesday,False,,,0,0,0,neutral,,
2026-08-05,Wednesday,False,,,0,0,0,neutral,,
2026-08-06,Thursday,False,,,0,0,0,neutral,,
2026-08-07,Friday,False,,,0,0,0,neutral,,
2026-08-08,Saturday,False,,,0,0,0,neutral,,
2026-08-09,Sunday,False,,,0,0,0,neutral,,
2026-08-10,Monday,False,,,0,0,0,neutral,,
2026-08-11,Tuesday,False,,,0,0,0,neutral,,
2026-08-12,Wednesday,False,,,0,0,0,neutral,,
2026-08-13,Thursday,False,,,0,0,0,neutral,,
2026-08-14,Friday,False,,,0,0,0,neutral,,
2026-08-15,Saturday,True,Independence Day,general,0,0,0,neutral,,
2026-08-16,Sunday,False,,,0,0,0,neutral,,
2026-08-17,Monday,False,,,0,0,0,neutral,,
2026-08-18,Tuesday,False,,,0,0,0,neutral,,
2026-08-19,Wednesday,False,,,0,0,0,neutral,,
2026-08-20,Thursday,False,,,0,0,0,neutral,,
2026-08-21,Friday,False,,,0,0,0,neutral,,
2026-08-22,Saturday,False,,,0,0,0,neutral,,
2026-08-23,Sunday,False,,,0,0,0,neutral,,
2026-08-24,Monday,False,,,0,0,0,neutral,,
2026-08-25,Tuesday,False,,,0,0,0,neutral,,
2026-08-26,Wednesday,True,Milad-un-Nabi (estimated),muslim,0,0,0,neutral,,
2026-08-27,Thursday,False,,,0,0,0,neutral,,
2026-08-28,Friday,False,,,0,0,0,neutral,,
2026-08-29,Saturday,False,,,0,0,0,neutral,,
2026-08-30,Sunday,False,,,0,0,0,neutral,,
2026-08-31,Monday,False,,,0,0,0,neutral,,
2026-09-01,Tuesday,False,,,0,0,0,neutral,,
2026-09-02,Wednesday,False,,,0,0,0,neutral,,
2026-09-03,Thursday,False,,,0,0,0,neutral,,
2026-09-04,Friday,True,Janmashtami,hindu,0,0,0,neutral,,
2026-09-05,Saturday,False,,,0,0,0,neutral,,
2026-09-06,Sunday,False,,,0,0,0,neutral,,
2026-09-07,Monday,False,,,0,0,0,neutral,,
2026-09-08,Tuesday,False,,,0,0,0,neutral,,
2026-09-09,Wednesday,False,,,0,0,0,neutral,,
2026-09-10,Thursday,False,,,0,0,0,neutral,,
2026-09-11,Friday,False,,,0,0,0,neutral,,
2026-09-12,Saturday,False,,,0,0,0,neutral,,
2026-09-13,Sunday,False,,,0,0,0,neutral,,
2026-09-14,Monday,False,,,0,0,0,neutral,,
2026-09-15,Tuesday,False,,,0,0,0,neutral,,
2026-09-16,Wednesday,False,,,0,0,0,neutral,,
2026-09-17,Thursday,False,,,0,0,0,neutral,,
2026-09-18,Friday,False,,,0,0,0,neutral,,
2026-09-19,Saturday,False,,,0,0,0,neutral,,
2026-09-20,Sunday,False,,,0,0,0,neutral,,
2026-09-21,Monday,False,,,0,0,0,neutral,,
2026-09-22,Tuesday,False,,,0,0,0,neutral,,
2026-09-23,Wednesday,False,,,0,0,0,neutral,,
2026-09-24,Thursday,False,,,0,0,0,neutral,,
2026-09-25,Friday,False,,,0,0,0,neutral,,
2026-09-26,Saturday,False,,,0,0,0,neutral,,
2026-09-27,Sunday,False,,,0,0,0,neutral,,
2026-09-28,Monday,False,,,0,0,0,neutral,,
2026-09-29,Tuesday,False,,,0,0,0,neutral,,
2026-09-30,Wednesday,False,,,0,0,0,neutral,,
2026-10-01,Thursday,False,,,0,0,0,neutral,,
2026-10-02,Friday,True,Gandhi Jayanti,general,0,0,0,neutral,,
2026-10-03,Saturday,False,,,0,0,0,neutral,,
2026-10-04,Sunday,False,,,0,0,0,neutral,,
2026-10-05,Monday,False,,,0,0,0,neutral,,
2026-10-06,Tuesday,False,,,0,0,0,neutral,,
2026-10-07,Wednesday,False,,,0,0,0,neutral,,
2026-10-08,Thursday,False,,,0,0,0,neutral,,
2026-10-09,Friday,False,,,0,0,0,neutral,,
2026-10-10,Saturday,False,,,0,0,0,neutral,,
2026-10-11,Sunday,False,,,0,0,0,neutral,,
2026-10-12,Monday,False,,,0,0,0,neutral,,
2026-10-13,Tuesday,False,,,0,0,0,neutral,,
2026-10-14,Wednesday,False,,,0,0,0,neutral,,
2026-10-15,Thursday,False,,,0,0,0,neutral,,
2026-10-16,Friday,False,,,0,0,0,neutral,,
2026-10-17,Saturday,False,,,0,0,0,neutral,,
2026-10-18,Sunday,False,,,0,0,0,neutral,,
2026-10-19,Monday,False,,,0,0,0,neutral,,
2026-10-20,Tuesday,True,Dussehra,hindu,0,0,0,neutral,,
2026-10-21,Wednesday,False,,,0,0,0,neutral,,
2026-10-22,Thursday,False,,,0,0,0,neutral,,
2026-10-23,Friday,False,,,0,0,0,neutral,,
2026-10-24,Saturday,False,,,0,0,0,neutral,,
2026-10-25,Sunday,False,,,0,0,0,neutral,,
2026-10-26,Monday,False,,,0,0,0,neutral,,
2026-10-27,Tuesday,False,,,0,0,0,neutral,,
2026-10-28,Wednesday,False,,,0,0,0,neutral,,
2026-10-29,Thursday,False,,,0,0,0,neutral,,
2026-10-30,Friday,False,,,0,0,0,neutral,,
2026-10-31,Saturday,False,,,0,0,0,neutral,,
2026-11-01,Sunday,False,,,0,0,0,neutral,,
2026-11-02,Monday,False,,,0,0,0,neutral,,
2026-11-03,Tuesday,False,,,0,0,0,neutral,,
2026-11-04,Wednesday,False,,,0,0,0,neutral,,
2026-11-05,Thursday,False,,,0,0,0,neutral,,
2026-11-06,Friday,False,,,0,0,0,neutral,,
2026-11-07,Saturday,False,,,0,0,0,neutral,,
2026-11-08,Sunday,True,Diwali,hindu,0,0,0,neutral,,
2026-11-09,Monday,False,,,0,0,0,neutral,,
2026-11-10,Tuesday,False,,,0,0,0,neutral,,
2026-11-11,Wednesday,False,,,0,0,0,neutral,,
2026-11-12,Thursday,False,,,0,0,0,neutral,,
2026-11-13,Friday,False,,,0,0,0,neutral,,
2026-11-14,Saturday,False,,,0,0,0,neutral,,
2026-11-15,Sunday,False,,,0,0,0,neutral,,
2026-11-16,Monday,False,,,0,0,0,neutral,,
2026-11-17,Tuesday,False,,,0,0,0,neutral,,
2026-11-18,Wednesday,False,,,0,0,0,neutral,,
2026-11-19,Thursday,False,,,0,0,0,neutral,,
2026-11-20,Friday,False,,,0,0,0,neutral,,
2026-11-21,Saturday,False,,,0,0,0,neutral,,
2026-11-22,Sunday,False,,,0,0,0,neutral,,
2026-11-23,Monday,False,,,0,0,0,neutral,,
2026-11-24,Tuesday,True,Guru Nanak Jayanti,sikh,0,0,0,neutral,,
2026-11-25,Wednesday,False,,,0,0,0,neutral,,
2026-11-26,Thursday,False,,,0,0,0,neutral,,
2026-11-27,Friday,False,,,0,0,0,neutral,,
2026-11-28,Saturday,False,,,0,0,0,neutral,,
2026-11-29,Sunday,False,,,0,0,0,neutral,,
2026-11-30,Monday,False,,,0,0,0,neutral,,
2026-12-01,Tuesday,False,,,0,0,0,neutral,,
2026-12-02,Wednesday,False,,,0,0,0,neutral,,
2026-12-03,Thursday,False,,,0,0,0,neutral,,
2026-12-04,Friday,False,,,0,0,0,neutral,,
2026-12-05,Saturday,False,,,0,0,0,neutral,,
2026-12-06,Sunday,False,,,0,0,0,neutral,,
2026-12-07,Monday,False,,,0,0,0,neutral,,
2026-12-08,Tuesday,False,,,0,0,0,neutral,,
2026-12-09,Wednesday,False,,,0,0,0,neutral,,
2026-12-10,Thursday,False,,,0,0,0,neutral,,
2026-12-11,Friday,False,,,0,0,0,neutral,,
2026-12-12,Saturday,False,,,0,0,0,neutral,,
2026-12-13,Sunday,False,,,0,0,0,neutral,,
2026-12-14,Monday,False,,,0,0,0,neutral,,
2026-12-15,Tuesday,False,,,0,0,0,neutral,,
2026-12-16,Wednesday,False,,,0,0,0,neutral,,
2026-12-17,Thursday,False,,,0,0,0,neutral,,
2026-12-18,Friday,False,,,0,0,0,neutral,,
2026-12-19,Saturday,False,,,0,0,0,neutral,,
2026-12-20,Sunday,False,,,0,0,0,neutral,,
2026-12-21,Monday,False,,,0,0,0,neutral,,
2026-12-22,Tuesday,False,,,0,0,0,neutral,,
2026-12-23,Wednesday,False,,,0,0,0,neutral,,
2026-12-24,Thursday,False,,,0,0,0,neutral,,
2026-12-25,Friday,True,Christmas,christian,0,0,0,neutral,,
2026-12-26,Saturday,False,,,0,0,0,neutral,,
2026-12-27,Sunday,False,,,0,0,0,neutral,,
2026-12-28,Monday,False,,,0,0,0,neutral,,
2026-12-29,Tuesday,False,,,0,0,0,neutral,,
2026-12-30,Wednesday,False,,,0,0,0,neutral,,
2026-12-31,Thursday,False,,,0,0,0,neutral,,
